scenario,m_c,m_r,R0,peak_Ind,peak_lambda,final_R
baseline,1.0,1.0,1.25,0.009625986953767766,0.004375448615348984,0.19802221129945777
drug,1.2,0.75,1.2125,0.006373445534070854,0.0027666547659262117,0.11415897975486307
