scenario,m_c,m_r,R0_low,R0_high,peak_Indh,peak_Indl
baseline,1.0,1.0,1.25,1.5000000000000002,0.0219478839242036,0.00182900176101645
drug,1.2,0.75,1.2125,1.4325,0.01808146090228948,0.0015593243270173274
