phi_transmission,peak_I_total,t_peak_I_total,S_end,attack_rate,peak_I_high,peak_I_low,high_frac_end,high_frac_peak_time,d_peak_I_total,d_attack_rate,d_S_end,d_high_frac_end
1.0,0.01759517014881471,164.45054945054946,0.8071451346108172,0.19285486538918284,0.008797585074407355,0.008797585074407355,0.4999999999072218,0.4999999999715832,0.00041689993004871,-0.01344055087498508,0.01344055087498508,0.4999964278038988
1.2,0.01600793763805547,175.48076923076923,0.804804726658965,0.19519527334103504,0.004548741827581197,0.011605948295218903,0.1304949042047629,0.27709489897490613,-0.0011703325807105314,-0.011100142923132883,0.011100142923132883,0.13049133210143987
1.5,0.017178270218766,190.52197802197801,0.7937045837358321,0.20629541626416792,0.0004995004995004995,0.017160808556831976,3.5721033230346296e-06,0.001016497104227135,0.0,0.0,0.0,0.0
1.8,0.017460307473791018,188.5164835164835,0.7944583419249862,0.2055416580750138,0.0004995004995004995,0.017460307440850413,9.686377388795436e-17,1.8865993695230257e-09,0.00028203725502501734,-0.0007537581891541301,0.0007537581891541301,-3.572103322937766e-06
2.2,0.017480579014392414,188.5164835164835,0.7945659241153855,0.2054340758846145,0.0004995004995004995,0.017480579014392414,4.866913639317796e-33,1.5377625310840165e-18,0.0003023087956264131,-0.0008613403795534325,0.0008613403795534325,-3.5721033230346296e-06
2.8,0.017480579014392414,188.5164835164835,0.7945659241153855,0.2054340758846145,0.0004995004995004995,0.017480579014392414,4.866913639317796e-33,1.5377625310840165e-18,0.0003023087956264131,-0.0008613403795534325,0.0008613403795534325,-3.5721033230346296e-06
