phi_transmission,restoration_efficiency,mr,peak_I_high,peak_I_low,delta_peak_I_high,delta_peak_I_low
1.0,0.0,0.5,0.000900569614629461,0.000900569614629461,-0.006057801558771935,-0.006057801558771935
1.0,0.0,0.5263157894736842,0.0010710236253380983,0.0010710236253380983,-0.005887347548063298,-0.005887347548063298
1.0,0.0,0.5526315789473684,0.0012628202801430574,0.0012628202801430574,-0.005695550893258339,-0.005695550893258339
1.0,0.0,0.5789473684210527,0.0014749184419152487,0.0014749184419152487,-0.0054834527314861475,-0.0054834527314861475
1.0,0.0,0.6052631578947368,0.0017063774664752385,0.0017063774664752385,-0.005251993706926158,-0.005251993706926158
1.0,0.0,0.631578947368421,0.001956242063890063,0.001956242063890063,-0.005002129109511333,-0.005002129109511333
1.0,0.0,0.6578947368421053,0.0022236257897688804,0.0022236257897688804,-0.004734745383632516,-0.004734745383632516
1.0,0.0,0.6842105263157895,0.002507640752010845,0.002507640752010845,-0.004450730421390551,-0.004450730421390551
1.0,0.0,0.7105263157894737,0.002807655213097799,0.002807655213097799,-0.004150715960303597,-0.004150715960303597
1.0,0.0,0.7368421052631579,0.003122709900777062,0.003122709900777062,-0.0038356612726243343,-0.0038356612726243343
1.0,0.0,0.763157894736842,0.003452120019525322,0.003452120019525322,-0.0035062511538760744,-0.0035062511538760744
1.0,0.0,0.7894736842105263,0.0037952588762242036,0.0037952588762242036,-0.0031631122971771926,-0.0031631122971771926
1.0,0.0,0.8157894736842105,0.004151362213321465,0.004151362213321465,-0.002807008960079931,-0.002807008960079931
1.0,0.0,0.8421052631578947,0.0045198539304729096,0.0045198539304729096,-0.0024385172429284866,-0.0024385172429284866
1.0,0.0,0.868421052631579,0.004900243941292425,0.004900243941292425,-0.002058127232108971,-0.002058127232108971
1.0,0.0,0.8947368421052632,0.005291647202689341,0.005291647202689341,-0.0016667239707120552,-0.0016667239707120552
1.0,0.0,0.9210526315789473,0.005693826308981255,0.005693826308981255,-0.0012645448644201416,-0.0012645448644201416
1.0,0.0,0.9473684210526315,0.006105905278685715,0.006105905278685715,-0.000852465894715681,-0.000852465894715681
1.0,0.0,0.9736842105263157,0.0065275112460300745,0.0065275112460300745,-0.0004308599273713217,-0.0004308599273713217
1.0,0.0,1.0,0.006958371173401396,0.006958371173401396,0.0,0.0
1.0,0.05263157894736842,0.5,0.000900569614629461,0.000900569614629461,-0.006057801558771935,-0.006057801558771935
1.0,0.05263157894736842,0.5263157894736842,0.0010710236253380983,0.0010710236253380983,-0.005887347548063298,-0.005887347548063298
1.0,0.05263157894736842,0.5526315789473684,0.0012628202801430574,0.0012628202801430574,-0.005695550893258339,-0.005695550893258339
1.0,0.05263157894736842,0.5789473684210527,0.0014749184419152487,0.0014749184419152487,-0.0054834527314861475,-0.0054834527314861475
1.0,0.05263157894736842,0.6052631578947368,0.0017063774664752385,0.0017063774664752385,-0.005251993706926158,-0.005251993706926158
1.0,0.05263157894736842,0.631578947368421,0.001956242063890063,0.001956242063890063,-0.005002129109511333,-0.005002129109511333
1.0,0.05263157894736842,0.6578947368421053,0.0022236257897688804,0.0022236257897688804,-0.004734745383632516,-0.004734745383632516
1.0,0.05263157894736842,0.6842105263157895,0.002507640752010845,0.002507640752010845,-0.004450730421390551,-0.004450730421390551
1.0,0.05263157894736842,0.7105263157894737,0.002807655213097799,0.002807655213097799,-0.004150715960303597,-0.004150715960303597
1.0,0.05263157894736842,0.7368421052631579,0.003122709900777062,0.003122709900777062,-0.0038356612726243343,-0.0038356612726243343
1.0,0.05263157894736842,0.763157894736842,0.003452120019525322,0.003452120019525322,-0.0035062511538760744,-0.0035062511538760744
1.0,0.05263157894736842,0.7894736842105263,0.0037952588762242036,0.0037952588762242036,-0.0031631122971771926,-0.0031631122971771926
1.0,0.05263157894736842,0.8157894736842105,0.004151362213321465,0.004151362213321465,-0.002807008960079931,-0.002807008960079931
1.0,0.05263157894736842,0.8421052631578947,0.0045198539304729096,0.0045198539304729096,-0.0024385172429284866,-0.0024385172429284866
1.0,0.05263157894736842,0.868421052631579,0.004900243941292425,0.004900243941292425,-0.002058127232108971,-0.002058127232108971
1.0,0.05263157894736842,0.8947368421052632,0.005291647202689341,0.005291647202689341,-0.0016667239707120552,-0.0016667239707120552
1.0,0.05263157894736842,0.9210526315789473,0.005693826308981255,0.005693826308981255,-0.0012645448644201416,-0.0012645448644201416
1.0,0.05263157894736842,0.9473684210526315,0.006105905278685715,0.006105905278685715,-0.000852465894715681,-0.000852465894715681
1.0,0.05263157894736842,0.9736842105263157,0.0065275112460300745,0.0065275112460300745,-0.0004308599273713217,-0.0004308599273713217
1.0,0.05263157894736842,1.0,0.006958371173401396,0.006958371173401396,0.0,0.0
1.0,0.10526315789473684,0.5,0.000900569614629461,0.000900569614629461,-0.006057801558771935,-0.006057801558771935
1.0,0.10526315789473684,0.5263157894736842,0.0010710236253380983,0.0010710236253380983,-0.005887347548063298,-0.005887347548063298
1.0,0.10526315789473684,0.5526315789473684,0.0012628202801430574,0.0012628202801430574,-0.005695550893258339,-0.005695550893258339
1.0,0.10526315789473684,0.5789473684210527,0.0014749184419152487,0.0014749184419152487,-0.0054834527314861475,-0.0054834527314861475
1.0,0.10526315789473684,0.6052631578947368,0.0017063774664752385,0.0017063774664752385,-0.005251993706926158,-0.005251993706926158
1.0,0.10526315789473684,0.631578947368421,0.001956242063890063,0.001956242063890063,-0.005002129109511333,-0.005002129109511333
1.0,0.10526315789473684,0.6578947368421053,0.0022236257897688804,0.0022236257897688804,-0.004734745383632516,-0.004734745383632516
1.0,0.10526315789473684,0.6842105263157895,0.002507640752010845,0.002507640752010845,-0.004450730421390551,-0.004450730421390551
1.0,0.10526315789473684,0.7105263157894737,0.002807655213097799,0.002807655213097799,-0.004150715960303597,-0.004150715960303597
1.0,0.10526315789473684,0.7368421052631579,0.003122709900777062,0.003122709900777062,-0.0038356612726243343,-0.0038356612726243343
1.0,0.10526315789473684,0.763157894736842,0.003452120019525322,0.003452120019525322,-0.0035062511538760744,-0.0035062511538760744
1.0,0.10526315789473684,0.7894736842105263,0.0037952588762242036,0.0037952588762242036,-0.0031631122971771926,-0.0031631122971771926
1.0,0.10526315789473684,0.8157894736842105,0.004151362213321465,0.004151362213321465,-0.002807008960079931,-0.002807008960079931
1.0,0.10526315789473684,0.8421052631578947,0.0045198539304729096,0.0045198539304729096,-0.0024385172429284866,-0.0024385172429284866
1.0,0.10526315789473684,0.868421052631579,0.004900243941292425,0.004900243941292425,-0.002058127232108971,-0.002058127232108971
1.0,0.10526315789473684,0.8947368421052632,0.005291647202689341,0.005291647202689341,-0.0016667239707120552,-0.0016667239707120552
1.0,0.10526315789473684,0.9210526315789473,0.005693826308981255,0.005693826308981255,-0.0012645448644201416,-0.0012645448644201416
1.0,0.10526315789473684,0.9473684210526315,0.006105905278685715,0.006105905278685715,-0.000852465894715681,-0.000852465894715681
1.0,0.10526315789473684,0.9736842105263157,0.0065275112460300745,0.0065275112460300745,-0.0004308599273713217,-0.0004308599273713217
1.0,0.10526315789473684,1.0,0.006958371173401396,0.006958371173401396,0.0,0.0
1.0,0.15789473684210525,0.5,0.000900569614629461,0.000900569614629461,-0.006057801558771935,-0.006057801558771935
1.0,0.15789473684210525,0.5263157894736842,0.0010710236253380983,0.0010710236253380983,-0.005887347548063298,-0.005887347548063298
1.0,0.15789473684210525,0.5526315789473684,0.0012628202801430574,0.0012628202801430574,-0.005695550893258339,-0.005695550893258339
1.0,0.15789473684210525,0.5789473684210527,0.0014749184419152487,0.0014749184419152487,-0.0054834527314861475,-0.0054834527314861475
1.0,0.15789473684210525,0.6052631578947368,0.0017063774664752385,0.0017063774664752385,-0.005251993706926158,-0.005251993706926158
1.0,0.15789473684210525,0.631578947368421,0.001956242063890063,0.001956242063890063,-0.005002129109511333,-0.005002129109511333
1.0,0.15789473684210525,0.6578947368421053,0.0022236257897688804,0.0022236257897688804,-0.004734745383632516,-0.004734745383632516
1.0,0.15789473684210525,0.6842105263157895,0.002507640752010845,0.002507640752010845,-0.004450730421390551,-0.004450730421390551
1.0,0.15789473684210525,0.7105263157894737,0.002807655213097799,0.002807655213097799,-0.004150715960303597,-0.004150715960303597
1.0,0.15789473684210525,0.7368421052631579,0.003122709900777062,0.003122709900777062,-0.0038356612726243343,-0.0038356612726243343
1.0,0.15789473684210525,0.763157894736842,0.003452120019525322,0.003452120019525322,-0.0035062511538760744,-0.0035062511538760744
1.0,0.15789473684210525,0.7894736842105263,0.0037952588762242036,0.0037952588762242036,-0.0031631122971771926,-0.0031631122971771926
1.0,0.15789473684210525,0.8157894736842105,0.004151362213321465,0.004151362213321465,-0.002807008960079931,-0.002807008960079931
1.0,0.15789473684210525,0.8421052631578947,0.0045198539304729096,0.0045198539304729096,-0.0024385172429284866,-0.0024385172429284866
1.0,0.15789473684210525,0.868421052631579,0.004900243941292425,0.004900243941292425,-0.002058127232108971,-0.002058127232108971
1.0,0.15789473684210525,0.8947368421052632,0.005291647202689341,0.005291647202689341,-0.0016667239707120552,-0.0016667239707120552
1.0,0.15789473684210525,0.9210526315789473,0.005693826308981255,0.005693826308981255,-0.0012645448644201416,-0.0012645448644201416
1.0,0.15789473684210525,0.9473684210526315,0.006105905278685715,0.006105905278685715,-0.000852465894715681,-0.000852465894715681
1.0,0.15789473684210525,0.9736842105263157,0.0065275112460300745,0.0065275112460300745,-0.0004308599273713217,-0.0004308599273713217
1.0,0.15789473684210525,1.0,0.006958371173401396,0.006958371173401396,0.0,0.0
1.0,0.21052631578947367,0.5,0.000900569614629461,0.000900569614629461,-0.006057801558771935,-0.006057801558771935
1.0,0.21052631578947367,0.5263157894736842,0.0010710236253380983,0.0010710236253380983,-0.005887347548063298,-0.005887347548063298
1.0,0.21052631578947367,0.5526315789473684,0.0012628202801430574,0.0012628202801430574,-0.005695550893258339,-0.005695550893258339
1.0,0.21052631578947367,0.5789473684210527,0.0014749184419152487,0.0014749184419152487,-0.0054834527314861475,-0.0054834527314861475
1.0,0.21052631578947367,0.6052631578947368,0.0017063774664752385,0.0017063774664752385,-0.005251993706926158,-0.005251993706926158
1.0,0.21052631578947367,0.631578947368421,0.001956242063890063,0.001956242063890063,-0.005002129109511333,-0.005002129109511333
1.0,0.21052631578947367,0.6578947368421053,0.0022236257897688804,0.0022236257897688804,-0.004734745383632516,-0.004734745383632516
1.0,0.21052631578947367,0.6842105263157895,0.002507640752010845,0.002507640752010845,-0.004450730421390551,-0.004450730421390551
1.0,0.21052631578947367,0.7105263157894737,0.002807655213097799,0.002807655213097799,-0.004150715960303597,-0.004150715960303597
1.0,0.21052631578947367,0.7368421052631579,0.003122709900777062,0.003122709900777062,-0.0038356612726243343,-0.0038356612726243343
1.0,0.21052631578947367,0.763157894736842,0.003452120019525322,0.003452120019525322,-0.0035062511538760744,-0.0035062511538760744
1.0,0.21052631578947367,0.7894736842105263,0.0037952588762242036,0.0037952588762242036,-0.0031631122971771926,-0.0031631122971771926
1.0,0.21052631578947367,0.8157894736842105,0.004151362213321465,0.004151362213321465,-0.002807008960079931,-0.002807008960079931
1.0,0.21052631578947367,0.8421052631578947,0.0045198539304729096,0.0045198539304729096,-0.0024385172429284866,-0.0024385172429284866
1.0,0.21052631578947367,0.868421052631579,0.004900243941292425,0.004900243941292425,-0.002058127232108971,-0.002058127232108971
1.0,0.21052631578947367,0.8947368421052632,0.005291647202689341,0.005291647202689341,-0.0016667239707120552,-0.0016667239707120552
1.0,0.21052631578947367,0.9210526315789473,0.005693826308981255,0.005693826308981255,-0.0012645448644201416,-0.0012645448644201416
1.0,0.21052631578947367,0.9473684210526315,0.006105905278685715,0.006105905278685715,-0.000852465894715681,-0.000852465894715681
1.0,0.21052631578947367,0.9736842105263157,0.0065275112460300745,0.0065275112460300745,-0.0004308599273713217,-0.0004308599273713217
1.0,0.21052631578947367,1.0,0.006958371173401396,0.006958371173401396,0.0,0.0
1.0,0.2631578947368421,0.5,0.000900569614629461,0.000900569614629461,-0.006057801558771935,-0.006057801558771935
1.0,0.2631578947368421,0.5263157894736842,0.0010710236253380983,0.0010710236253380983,-0.005887347548063298,-0.005887347548063298
1.0,0.2631578947368421,0.5526315789473684,0.0012628202801430574,0.0012628202801430574,-0.005695550893258339,-0.005695550893258339
1.0,0.2631578947368421,0.5789473684210527,0.0014749184419152487,0.0014749184419152487,-0.0054834527314861475,-0.0054834527314861475
1.0,0.2631578947368421,0.6052631578947368,0.0017063774664752385,0.0017063774664752385,-0.005251993706926158,-0.005251993706926158
1.0,0.2631578947368421,0.631578947368421,0.001956242063890063,0.001956242063890063,-0.005002129109511333,-0.005002129109511333
1.0,0.2631578947368421,0.6578947368421053,0.0022236257897688804,0.0022236257897688804,-0.004734745383632516,-0.004734745383632516
1.0,0.2631578947368421,0.6842105263157895,0.002507640752010845,0.002507640752010845,-0.004450730421390551,-0.004450730421390551
1.0,0.2631578947368421,0.7105263157894737,0.002807655213097799,0.002807655213097799,-0.004150715960303597,-0.004150715960303597
1.0,0.2631578947368421,0.7368421052631579,0.003122709900777062,0.003122709900777062,-0.0038356612726243343,-0.0038356612726243343
1.0,0.2631578947368421,0.763157894736842,0.003452120019525322,0.003452120019525322,-0.0035062511538760744,-0.0035062511538760744
1.0,0.2631578947368421,0.7894736842105263,0.0037952588762242036,0.0037952588762242036,-0.0031631122971771926,-0.0031631122971771926
1.0,0.2631578947368421,0.8157894736842105,0.004151362213321465,0.004151362213321465,-0.002807008960079931,-0.002807008960079931
1.0,0.2631578947368421,0.8421052631578947,0.0045198539304729096,0.0045198539304729096,-0.0024385172429284866,-0.0024385172429284866
1.0,0.2631578947368421,0.868421052631579,0.004900243941292425,0.004900243941292425,-0.002058127232108971,-0.002058127232108971
1.0,0.2631578947368421,0.8947368421052632,0.005291647202689341,0.005291647202689341,-0.0016667239707120552,-0.0016667239707120552
1.0,0.2631578947368421,0.9210526315789473,0.005693826308981255,0.005693826308981255,-0.0012645448644201416,-0.0012645448644201416
1.0,0.2631578947368421,0.9473684210526315,0.006105905278685715,0.006105905278685715,-0.000852465894715681,-0.000852465894715681
1.0,0.2631578947368421,0.9736842105263157,0.0065275112460300745,0.0065275112460300745,-0.0004308599273713217,-0.0004308599273713217
1.0,0.2631578947368421,1.0,0.006958371173401396,0.006958371173401396,0.0,0.0
1.0,0.3157894736842105,0.5,0.000900569614629461,0.000900569614629461,-0.006057801558771935,-0.006057801558771935
1.0,0.3157894736842105,0.5263157894736842,0.0010710236253380983,0.0010710236253380983,-0.005887347548063298,-0.005887347548063298
1.0,0.3157894736842105,0.5526315789473684,0.0012628202801430574,0.0012628202801430574,-0.005695550893258339,-0.005695550893258339
1.0,0.3157894736842105,0.5789473684210527,0.0014749184419152487,0.0014749184419152487,-0.0054834527314861475,-0.0054834527314861475
1.0,0.3157894736842105,0.6052631578947368,0.0017063774664752385,0.0017063774664752385,-0.005251993706926158,-0.005251993706926158
1.0,0.3157894736842105,0.631578947368421,0.001956242063890063,0.001956242063890063,-0.005002129109511333,-0.005002129109511333
1.0,0.3157894736842105,0.6578947368421053,0.0022236257897688804,0.0022236257897688804,-0.004734745383632516,-0.004734745383632516
1.0,0.3157894736842105,0.6842105263157895,0.002507640752010845,0.002507640752010845,-0.004450730421390551,-0.004450730421390551
1.0,0.3157894736842105,0.7105263157894737,0.002807655213097799,0.002807655213097799,-0.004150715960303597,-0.004150715960303597
1.0,0.3157894736842105,0.7368421052631579,0.003122709900777062,0.003122709900777062,-0.0038356612726243343,-0.0038356612726243343
1.0,0.3157894736842105,0.763157894736842,0.003452120019525322,0.003452120019525322,-0.0035062511538760744,-0.0035062511538760744
1.0,0.3157894736842105,0.7894736842105263,0.0037952588762242036,0.0037952588762242036,-0.0031631122971771926,-0.0031631122971771926
1.0,0.3157894736842105,0.8157894736842105,0.004151362213321465,0.004151362213321465,-0.002807008960079931,-0.002807008960079931
1.0,0.3157894736842105,0.8421052631578947,0.0045198539304729096,0.0045198539304729096,-0.0024385172429284866,-0.0024385172429284866
1.0,0.3157894736842105,0.868421052631579,0.004900243941292425,0.004900243941292425,-0.002058127232108971,-0.002058127232108971
1.0,0.3157894736842105,0.8947368421052632,0.005291647202689341,0.005291647202689341,-0.0016667239707120552,-0.0016667239707120552
1.0,0.3157894736842105,0.9210526315789473,0.005693826308981255,0.005693826308981255,-0.0012645448644201416,-0.0012645448644201416
1.0,0.3157894736842105,0.9473684210526315,0.006105905278685715,0.006105905278685715,-0.000852465894715681,-0.000852465894715681
1.0,0.3157894736842105,0.9736842105263157,0.0065275112460300745,0.0065275112460300745,-0.0004308599273713217,-0.0004308599273713217
1.0,0.3157894736842105,1.0,0.006958371173401396,0.006958371173401396,0.0,0.0
1.0,0.3684210526315789,0.5,0.000900569614629461,0.000900569614629461,-0.006057801558771935,-0.006057801558771935
1.0,0.3684210526315789,0.5263157894736842,0.0010710236253380983,0.0010710236253380983,-0.005887347548063298,-0.005887347548063298
1.0,0.3684210526315789,0.5526315789473684,0.0012628202801430574,0.0012628202801430574,-0.005695550893258339,-0.005695550893258339
1.0,0.3684210526315789,0.5789473684210527,0.0014749184419152487,0.0014749184419152487,-0.0054834527314861475,-0.0054834527314861475
1.0,0.3684210526315789,0.6052631578947368,0.0017063774664752385,0.0017063774664752385,-0.005251993706926158,-0.005251993706926158
1.0,0.3684210526315789,0.631578947368421,0.001956242063890063,0.001956242063890063,-0.005002129109511333,-0.005002129109511333
1.0,0.3684210526315789,0.6578947368421053,0.0022236257897688804,0.0022236257897688804,-0.004734745383632516,-0.004734745383632516
1.0,0.3684210526315789,0.6842105263157895,0.002507640752010845,0.002507640752010845,-0.004450730421390551,-0.004450730421390551
1.0,0.3684210526315789,0.7105263157894737,0.002807655213097799,0.002807655213097799,-0.004150715960303597,-0.004150715960303597
1.0,0.3684210526315789,0.7368421052631579,0.003122709900777062,0.003122709900777062,-0.0038356612726243343,-0.0038356612726243343
1.0,0.3684210526315789,0.763157894736842,0.003452120019525322,0.003452120019525322,-0.0035062511538760744,-0.0035062511538760744
1.0,0.3684210526315789,0.7894736842105263,0.0037952588762242036,0.0037952588762242036,-0.0031631122971771926,-0.0031631122971771926
1.0,0.3684210526315789,0.8157894736842105,0.004151362213321465,0.004151362213321465,-0.002807008960079931,-0.002807008960079931
1.0,0.3684210526315789,0.8421052631578947,0.0045198539304729096,0.0045198539304729096,-0.0024385172429284866,-0.0024385172429284866
1.0,0.3684210526315789,0.868421052631579,0.004900243941292425,0.004900243941292425,-0.002058127232108971,-0.002058127232108971
1.0,0.3684210526315789,0.8947368421052632,0.005291647202689341,0.005291647202689341,-0.0016667239707120552,-0.0016667239707120552
1.0,0.3684210526315789,0.9210526315789473,0.005693826308981255,0.005693826308981255,-0.0012645448644201416,-0.0012645448644201416
1.0,0.3684210526315789,0.9473684210526315,0.006105905278685715,0.006105905278685715,-0.000852465894715681,-0.000852465894715681
1.0,0.3684210526315789,0.9736842105263157,0.0065275112460300745,0.0065275112460300745,-0.0004308599273713217,-0.0004308599273713217
1.0,0.3684210526315789,1.0,0.006958371173401396,0.006958371173401396,0.0,0.0
1.0,0.42105263157894735,0.5,0.000900569614629461,0.000900569614629461,-0.006057801558771935,-0.006057801558771935
1.0,0.42105263157894735,0.5263157894736842,0.0010710236253380983,0.0010710236253380983,-0.005887347548063298,-0.005887347548063298
1.0,0.42105263157894735,0.5526315789473684,0.0012628202801430574,0.0012628202801430574,-0.005695550893258339,-0.005695550893258339
1.0,0.42105263157894735,0.5789473684210527,0.0014749184419152487,0.0014749184419152487,-0.0054834527314861475,-0.0054834527314861475
1.0,0.42105263157894735,0.6052631578947368,0.0017063774664752385,0.0017063774664752385,-0.005251993706926158,-0.005251993706926158
1.0,0.42105263157894735,0.631578947368421,0.001956242063890063,0.001956242063890063,-0.005002129109511333,-0.005002129109511333
1.0,0.42105263157894735,0.6578947368421053,0.0022236257897688804,0.0022236257897688804,-0.004734745383632516,-0.004734745383632516
1.0,0.42105263157894735,0.6842105263157895,0.002507640752010845,0.002507640752010845,-0.004450730421390551,-0.004450730421390551
1.0,0.42105263157894735,0.7105263157894737,0.002807655213097799,0.002807655213097799,-0.004150715960303597,-0.004150715960303597
1.0,0.42105263157894735,0.7368421052631579,0.003122709900777062,0.003122709900777062,-0.0038356612726243343,-0.0038356612726243343
1.0,0.42105263157894735,0.763157894736842,0.003452120019525322,0.003452120019525322,-0.0035062511538760744,-0.0035062511538760744
1.0,0.42105263157894735,0.7894736842105263,0.0037952588762242036,0.0037952588762242036,-0.0031631122971771926,-0.0031631122971771926
1.0,0.42105263157894735,0.8157894736842105,0.004151362213321465,0.004151362213321465,-0.002807008960079931,-0.002807008960079931
1.0,0.42105263157894735,0.8421052631578947,0.0045198539304729096,0.0045198539304729096,-0.0024385172429284866,-0.0024385172429284866
1.0,0.42105263157894735,0.868421052631579,0.004900243941292425,0.004900243941292425,-0.002058127232108971,-0.002058127232108971
1.0,0.42105263157894735,0.8947368421052632,0.005291647202689341,0.005291647202689341,-0.0016667239707120552,-0.0016667239707120552
1.0,0.42105263157894735,0.9210526315789473,0.005693826308981255,0.005693826308981255,-0.0012645448644201416,-0.0012645448644201416
1.0,0.42105263157894735,0.9473684210526315,0.006105905278685715,0.006105905278685715,-0.000852465894715681,-0.000852465894715681
1.0,0.42105263157894735,0.9736842105263157,0.0065275112460300745,0.0065275112460300745,-0.0004308599273713217,-0.0004308599273713217
1.0,0.42105263157894735,1.0,0.006958371173401396,0.006958371173401396,0.0,0.0
1.0,0.47368421052631576,0.5,0.000900569614629461,0.000900569614629461,-0.006057801558771935,-0.006057801558771935
1.0,0.47368421052631576,0.5263157894736842,0.0010710236253380983,0.0010710236253380983,-0.005887347548063298,-0.005887347548063298
1.0,0.47368421052631576,0.5526315789473684,0.0012628202801430574,0.0012628202801430574,-0.005695550893258339,-0.005695550893258339
1.0,0.47368421052631576,0.5789473684210527,0.0014749184419152487,0.0014749184419152487,-0.0054834527314861475,-0.0054834527314861475
1.0,0.47368421052631576,0.6052631578947368,0.0017063774664752385,0.0017063774664752385,-0.005251993706926158,-0.005251993706926158
1.0,0.47368421052631576,0.631578947368421,0.001956242063890063,0.001956242063890063,-0.005002129109511333,-0.005002129109511333
1.0,0.47368421052631576,0.6578947368421053,0.0022236257897688804,0.0022236257897688804,-0.004734745383632516,-0.004734745383632516
1.0,0.47368421052631576,0.6842105263157895,0.002507640752010845,0.002507640752010845,-0.004450730421390551,-0.004450730421390551
1.0,0.47368421052631576,0.7105263157894737,0.002807655213097799,0.002807655213097799,-0.004150715960303597,-0.004150715960303597
1.0,0.47368421052631576,0.7368421052631579,0.003122709900777062,0.003122709900777062,-0.0038356612726243343,-0.0038356612726243343
1.0,0.47368421052631576,0.763157894736842,0.003452120019525322,0.003452120019525322,-0.0035062511538760744,-0.0035062511538760744
1.0,0.47368421052631576,0.7894736842105263,0.0037952588762242036,0.0037952588762242036,-0.0031631122971771926,-0.0031631122971771926
1.0,0.47368421052631576,0.8157894736842105,0.004151362213321465,0.004151362213321465,-0.002807008960079931,-0.002807008960079931
1.0,0.47368421052631576,0.8421052631578947,0.0045198539304729096,0.0045198539304729096,-0.0024385172429284866,-0.0024385172429284866
1.0,0.47368421052631576,0.868421052631579,0.004900243941292425,0.004900243941292425,-0.002058127232108971,-0.002058127232108971
1.0,0.47368421052631576,0.8947368421052632,0.005291647202689341,0.005291647202689341,-0.0016667239707120552,-0.0016667239707120552
1.0,0.47368421052631576,0.9210526315789473,0.005693826308981255,0.005693826308981255,-0.0012645448644201416,-0.0012645448644201416
1.0,0.47368421052631576,0.9473684210526315,0.006105905278685715,0.006105905278685715,-0.000852465894715681,-0.000852465894715681
1.0,0.47368421052631576,0.9736842105263157,0.0065275112460300745,0.0065275112460300745,-0.0004308599273713217,-0.0004308599273713217
1.0,0.47368421052631576,1.0,0.006958371173401396,0.006958371173401396,0.0,0.0
1.0,0.5263157894736842,0.5,0.000900569614629461,0.000900569614629461,-0.006057801558771935,-0.006057801558771935
1.0,0.5263157894736842,0.5263157894736842,0.0010710236253380983,0.0010710236253380983,-0.005887347548063298,-0.005887347548063298
1.0,0.5263157894736842,0.5526315789473684,0.0012628202801430574,0.0012628202801430574,-0.005695550893258339,-0.005695550893258339
1.0,0.5263157894736842,0.5789473684210527,0.0014749184419152487,0.0014749184419152487,-0.0054834527314861475,-0.0054834527314861475
1.0,0.5263157894736842,0.6052631578947368,0.0017063774664752385,0.0017063774664752385,-0.005251993706926158,-0.005251993706926158
1.0,0.5263157894736842,0.631578947368421,0.001956242063890063,0.001956242063890063,-0.005002129109511333,-0.005002129109511333
1.0,0.5263157894736842,0.6578947368421053,0.0022236257897688804,0.0022236257897688804,-0.004734745383632516,-0.004734745383632516
1.0,0.5263157894736842,0.6842105263157895,0.002507640752010845,0.002507640752010845,-0.004450730421390551,-0.004450730421390551
1.0,0.5263157894736842,0.7105263157894737,0.002807655213097799,0.002807655213097799,-0.004150715960303597,-0.004150715960303597
1.0,0.5263157894736842,0.7368421052631579,0.003122709900777062,0.003122709900777062,-0.0038356612726243343,-0.0038356612726243343
1.0,0.5263157894736842,0.763157894736842,0.003452120019525322,0.003452120019525322,-0.0035062511538760744,-0.0035062511538760744
1.0,0.5263157894736842,0.7894736842105263,0.0037952588762242036,0.0037952588762242036,-0.0031631122971771926,-0.0031631122971771926
1.0,0.5263157894736842,0.8157894736842105,0.004151362213321465,0.004151362213321465,-0.002807008960079931,-0.002807008960079931
1.0,0.5263157894736842,0.8421052631578947,0.0045198539304729096,0.0045198539304729096,-0.0024385172429284866,-0.0024385172429284866
1.0,0.5263157894736842,0.868421052631579,0.004900243941292425,0.004900243941292425,-0.002058127232108971,-0.002058127232108971
1.0,0.5263157894736842,0.8947368421052632,0.005291647202689341,0.005291647202689341,-0.0016667239707120552,-0.0016667239707120552
1.0,0.5263157894736842,0.9210526315789473,0.005693826308981255,0.005693826308981255,-0.0012645448644201416,-0.0012645448644201416
1.0,0.5263157894736842,0.9473684210526315,0.006105905278685715,0.006105905278685715,-0.000852465894715681,-0.000852465894715681
1.0,0.5263157894736842,0.9736842105263157,0.0065275112460300745,0.0065275112460300745,-0.0004308599273713217,-0.0004308599273713217
1.0,0.5263157894736842,1.0,0.006958371173401396,0.006958371173401396,0.0,0.0
1.0,0.5789473684210527,0.5,0.000900569614629461,0.000900569614629461,-0.006057801558771935,-0.006057801558771935
1.0,0.5789473684210527,0.5263157894736842,0.0010710236253380983,0.0010710236253380983,-0.005887347548063298,-0.005887347548063298
1.0,0.5789473684210527,0.5526315789473684,0.0012628202801430574,0.0012628202801430574,-0.005695550893258339,-0.005695550893258339
1.0,0.5789473684210527,0.5789473684210527,0.0014749184419152487,0.0014749184419152487,-0.0054834527314861475,-0.0054834527314861475
1.0,0.5789473684210527,0.6052631578947368,0.0017063774664752385,0.0017063774664752385,-0.005251993706926158,-0.005251993706926158
1.0,0.5789473684210527,0.631578947368421,0.001956242063890063,0.001956242063890063,-0.005002129109511333,-0.005002129109511333
1.0,0.5789473684210527,0.6578947368421053,0.0022236257897688804,0.0022236257897688804,-0.004734745383632516,-0.004734745383632516
1.0,0.5789473684210527,0.6842105263157895,0.002507640752010845,0.002507640752010845,-0.004450730421390551,-0.004450730421390551
1.0,0.5789473684210527,0.7105263157894737,0.002807655213097799,0.002807655213097799,-0.004150715960303597,-0.004150715960303597
1.0,0.5789473684210527,0.7368421052631579,0.003122709900777062,0.003122709900777062,-0.0038356612726243343,-0.0038356612726243343
1.0,0.5789473684210527,0.763157894736842,0.003452120019525322,0.003452120019525322,-0.0035062511538760744,-0.0035062511538760744
1.0,0.5789473684210527,0.7894736842105263,0.0037952588762242036,0.0037952588762242036,-0.0031631122971771926,-0.0031631122971771926
1.0,0.5789473684210527,0.8157894736842105,0.004151362213321465,0.004151362213321465,-0.002807008960079931,-0.002807008960079931
1.0,0.5789473684210527,0.8421052631578947,0.0045198539304729096,0.0045198539304729096,-0.0024385172429284866,-0.0024385172429284866
1.0,0.5789473684210527,0.868421052631579,0.004900243941292425,0.004900243941292425,-0.002058127232108971,-0.002058127232108971
1.0,0.5789473684210527,0.8947368421052632,0.005291647202689341,0.005291647202689341,-0.0016667239707120552,-0.0016667239707120552
1.0,0.5789473684210527,0.9210526315789473,0.005693826308981255,0.005693826308981255,-0.0012645448644201416,-0.0012645448644201416
1.0,0.5789473684210527,0.9473684210526315,0.006105905278685715,0.006105905278685715,-0.000852465894715681,-0.000852465894715681
1.0,0.5789473684210527,0.9736842105263157,0.0065275112460300745,0.0065275112460300745,-0.0004308599273713217,-0.0004308599273713217
1.0,0.5789473684210527,1.0,0.006958371173401396,0.006958371173401396,0.0,0.0
1.0,0.631578947368421,0.5,0.000900569614629461,0.000900569614629461,-0.006057801558771935,-0.006057801558771935
1.0,0.631578947368421,0.5263157894736842,0.0010710236253380983,0.0010710236253380983,-0.005887347548063298,-0.005887347548063298
1.0,0.631578947368421,0.5526315789473684,0.0012628202801430574,0.0012628202801430574,-0.005695550893258339,-0.005695550893258339
1.0,0.631578947368421,0.5789473684210527,0.0014749184419152487,0.0014749184419152487,-0.0054834527314861475,-0.0054834527314861475
1.0,0.631578947368421,0.6052631578947368,0.0017063774664752385,0.0017063774664752385,-0.005251993706926158,-0.005251993706926158
1.0,0.631578947368421,0.631578947368421,0.001956242063890063,0.001956242063890063,-0.005002129109511333,-0.005002129109511333
1.0,0.631578947368421,0.6578947368421053,0.0022236257897688804,0.0022236257897688804,-0.004734745383632516,-0.004734745383632516
1.0,0.631578947368421,0.6842105263157895,0.002507640752010845,0.002507640752010845,-0.004450730421390551,-0.004450730421390551
1.0,0.631578947368421,0.7105263157894737,0.002807655213097799,0.002807655213097799,-0.004150715960303597,-0.004150715960303597
1.0,0.631578947368421,0.7368421052631579,0.003122709900777062,0.003122709900777062,-0.0038356612726243343,-0.0038356612726243343
1.0,0.631578947368421,0.763157894736842,0.003452120019525322,0.003452120019525322,-0.0035062511538760744,-0.0035062511538760744
1.0,0.631578947368421,0.7894736842105263,0.0037952588762242036,0.0037952588762242036,-0.0031631122971771926,-0.0031631122971771926
1.0,0.631578947368421,0.8157894736842105,0.004151362213321465,0.004151362213321465,-0.002807008960079931,-0.002807008960079931
1.0,0.631578947368421,0.8421052631578947,0.0045198539304729096,0.0045198539304729096,-0.0024385172429284866,-0.0024385172429284866
1.0,0.631578947368421,0.868421052631579,0.004900243941292425,0.004900243941292425,-0.002058127232108971,-0.002058127232108971
1.0,0.631578947368421,0.8947368421052632,0.005291647202689341,0.005291647202689341,-0.0016667239707120552,-0.0016667239707120552
1.0,0.631578947368421,0.9210526315789473,0.005693826308981255,0.005693826308981255,-0.0012645448644201416,-0.0012645448644201416
1.0,0.631578947368421,0.9473684210526315,0.006105905278685715,0.006105905278685715,-0.000852465894715681,-0.000852465894715681
1.0,0.631578947368421,0.9736842105263157,0.0065275112460300745,0.0065275112460300745,-0.0004308599273713217,-0.0004308599273713217
1.0,0.631578947368421,1.0,0.006958371173401396,0.006958371173401396,0.0,0.0
1.0,0.6842105263157894,0.5,0.000900569614629461,0.000900569614629461,-0.006057801558771935,-0.006057801558771935
1.0,0.6842105263157894,0.5263157894736842,0.0010710236253380983,0.0010710236253380983,-0.005887347548063298,-0.005887347548063298
1.0,0.6842105263157894,0.5526315789473684,0.0012628202801430574,0.0012628202801430574,-0.005695550893258339,-0.005695550893258339
1.0,0.6842105263157894,0.5789473684210527,0.0014749184419152487,0.0014749184419152487,-0.0054834527314861475,-0.0054834527314861475
1.0,0.6842105263157894,0.6052631578947368,0.0017063774664752385,0.0017063774664752385,-0.005251993706926158,-0.005251993706926158
1.0,0.6842105263157894,0.631578947368421,0.001956242063890063,0.001956242063890063,-0.005002129109511333,-0.005002129109511333
1.0,0.6842105263157894,0.6578947368421053,0.0022236257897688804,0.0022236257897688804,-0.004734745383632516,-0.004734745383632516
1.0,0.6842105263157894,0.6842105263157895,0.002507640752010845,0.002507640752010845,-0.004450730421390551,-0.004450730421390551
1.0,0.6842105263157894,0.7105263157894737,0.002807655213097799,0.002807655213097799,-0.004150715960303597,-0.004150715960303597
1.0,0.6842105263157894,0.7368421052631579,0.003122709900777062,0.003122709900777062,-0.0038356612726243343,-0.0038356612726243343
1.0,0.6842105263157894,0.763157894736842,0.003452120019525322,0.003452120019525322,-0.0035062511538760744,-0.0035062511538760744
1.0,0.6842105263157894,0.7894736842105263,0.0037952588762242036,0.0037952588762242036,-0.0031631122971771926,-0.0031631122971771926
1.0,0.6842105263157894,0.8157894736842105,0.004151362213321465,0.004151362213321465,-0.002807008960079931,-0.002807008960079931
1.0,0.6842105263157894,0.8421052631578947,0.0045198539304729096,0.0045198539304729096,-0.0024385172429284866,-0.0024385172429284866
1.0,0.6842105263157894,0.868421052631579,0.004900243941292425,0.004900243941292425,-0.002058127232108971,-0.002058127232108971
1.0,0.6842105263157894,0.8947368421052632,0.005291647202689341,0.005291647202689341,-0.0016667239707120552,-0.0016667239707120552
1.0,0.6842105263157894,0.9210526315789473,0.005693826308981255,0.005693826308981255,-0.0012645448644201416,-0.0012645448644201416
1.0,0.6842105263157894,0.9473684210526315,0.006105905278685715,0.006105905278685715,-0.000852465894715681,-0.000852465894715681
1.0,0.6842105263157894,0.9736842105263157,0.0065275112460300745,0.0065275112460300745,-0.0004308599273713217,-0.0004308599273713217
1.0,0.6842105263157894,1.0,0.006958371173401396,0.006958371173401396,0.0,0.0
1.0,0.7368421052631579,0.5,0.000900569614629461,0.000900569614629461,-0.006057801558771935,-0.006057801558771935
1.0,0.7368421052631579,0.5263157894736842,0.0010710236253380983,0.0010710236253380983,-0.005887347548063298,-0.005887347548063298
1.0,0.7368421052631579,0.5526315789473684,0.0012628202801430574,0.0012628202801430574,-0.005695550893258339,-0.005695550893258339
1.0,0.7368421052631579,0.5789473684210527,0.0014749184419152487,0.0014749184419152487,-0.0054834527314861475,-0.0054834527314861475
1.0,0.7368421052631579,0.6052631578947368,0.0017063774664752385,0.0017063774664752385,-0.005251993706926158,-0.005251993706926158
1.0,0.7368421052631579,0.631578947368421,0.001956242063890063,0.001956242063890063,-0.005002129109511333,-0.005002129109511333
1.0,0.7368421052631579,0.6578947368421053,0.0022236257897688804,0.0022236257897688804,-0.004734745383632516,-0.004734745383632516
1.0,0.7368421052631579,0.6842105263157895,0.002507640752010845,0.002507640752010845,-0.004450730421390551,-0.004450730421390551
1.0,0.7368421052631579,0.7105263157894737,0.002807655213097799,0.002807655213097799,-0.004150715960303597,-0.004150715960303597
1.0,0.7368421052631579,0.7368421052631579,0.003122709900777062,0.003122709900777062,-0.0038356612726243343,-0.0038356612726243343
1.0,0.7368421052631579,0.763157894736842,0.003452120019525322,0.003452120019525322,-0.0035062511538760744,-0.0035062511538760744
1.0,0.7368421052631579,0.7894736842105263,0.0037952588762242036,0.0037952588762242036,-0.0031631122971771926,-0.0031631122971771926
1.0,0.7368421052631579,0.8157894736842105,0.004151362213321465,0.004151362213321465,-0.002807008960079931,-0.002807008960079931
1.0,0.7368421052631579,0.8421052631578947,0.0045198539304729096,0.0045198539304729096,-0.0024385172429284866,-0.0024385172429284866
1.0,0.7368421052631579,0.868421052631579,0.004900243941292425,0.004900243941292425,-0.002058127232108971,-0.002058127232108971
1.0,0.7368421052631579,0.8947368421052632,0.005291647202689341,0.005291647202689341,-0.0016667239707120552,-0.0016667239707120552
1.0,0.7368421052631579,0.9210526315789473,0.005693826308981255,0.005693826308981255,-0.0012645448644201416,-0.0012645448644201416
1.0,0.7368421052631579,0.9473684210526315,0.006105905278685715,0.006105905278685715,-0.000852465894715681,-0.000852465894715681
1.0,0.7368421052631579,0.9736842105263157,0.0065275112460300745,0.0065275112460300745,-0.0004308599273713217,-0.0004308599273713217
1.0,0.7368421052631579,1.0,0.006958371173401396,0.006958371173401396,0.0,0.0
1.0,0.7894736842105263,0.5,0.000900569614629461,0.000900569614629461,-0.006057801558771935,-0.006057801558771935
1.0,0.7894736842105263,0.5263157894736842,0.0010710236253380983,0.0010710236253380983,-0.005887347548063298,-0.005887347548063298
1.0,0.7894736842105263,0.5526315789473684,0.0012628202801430574,0.0012628202801430574,-0.005695550893258339,-0.005695550893258339
1.0,0.7894736842105263,0.5789473684210527,0.0014749184419152487,0.0014749184419152487,-0.0054834527314861475,-0.0054834527314861475
1.0,0.7894736842105263,0.6052631578947368,0.0017063774664752385,0.0017063774664752385,-0.005251993706926158,-0.005251993706926158
1.0,0.7894736842105263,0.631578947368421,0.001956242063890063,0.001956242063890063,-0.005002129109511333,-0.005002129109511333
1.0,0.7894736842105263,0.6578947368421053,0.0022236257897688804,0.0022236257897688804,-0.004734745383632516,-0.004734745383632516
1.0,0.7894736842105263,0.6842105263157895,0.002507640752010845,0.002507640752010845,-0.004450730421390551,-0.004450730421390551
1.0,0.7894736842105263,0.7105263157894737,0.002807655213097799,0.002807655213097799,-0.004150715960303597,-0.004150715960303597
1.0,0.7894736842105263,0.7368421052631579,0.003122709900777062,0.003122709900777062,-0.0038356612726243343,-0.0038356612726243343
1.0,0.7894736842105263,0.763157894736842,0.003452120019525322,0.003452120019525322,-0.0035062511538760744,-0.0035062511538760744
1.0,0.7894736842105263,0.7894736842105263,0.0037952588762242036,0.0037952588762242036,-0.0031631122971771926,-0.0031631122971771926
1.0,0.7894736842105263,0.8157894736842105,0.004151362213321465,0.004151362213321465,-0.002807008960079931,-0.002807008960079931
1.0,0.7894736842105263,0.8421052631578947,0.0045198539304729096,0.0045198539304729096,-0.0024385172429284866,-0.0024385172429284866
1.0,0.7894736842105263,0.868421052631579,0.004900243941292425,0.004900243941292425,-0.002058127232108971,-0.002058127232108971
1.0,0.7894736842105263,0.8947368421052632,0.005291647202689341,0.005291647202689341,-0.0016667239707120552,-0.0016667239707120552
1.0,0.7894736842105263,0.9210526315789473,0.005693826308981255,0.005693826308981255,-0.0012645448644201416,-0.0012645448644201416
1.0,0.7894736842105263,0.9473684210526315,0.006105905278685715,0.006105905278685715,-0.000852465894715681,-0.000852465894715681
1.0,0.7894736842105263,0.9736842105263157,0.0065275112460300745,0.0065275112460300745,-0.0004308599273713217,-0.0004308599273713217
1.0,0.7894736842105263,1.0,0.006958371173401396,0.006958371173401396,0.0,0.0
1.0,0.8421052631578947,0.5,0.000900569614629461,0.000900569614629461,-0.006057801558771935,-0.006057801558771935
1.0,0.8421052631578947,0.5263157894736842,0.0010710236253380983,0.0010710236253380983,-0.005887347548063298,-0.005887347548063298
1.0,0.8421052631578947,0.5526315789473684,0.0012628202801430574,0.0012628202801430574,-0.005695550893258339,-0.005695550893258339
1.0,0.8421052631578947,0.5789473684210527,0.0014749184419152487,0.0014749184419152487,-0.0054834527314861475,-0.0054834527314861475
1.0,0.8421052631578947,0.6052631578947368,0.0017063774664752385,0.0017063774664752385,-0.005251993706926158,-0.005251993706926158
1.0,0.8421052631578947,0.631578947368421,0.001956242063890063,0.001956242063890063,-0.005002129109511333,-0.005002129109511333
1.0,0.8421052631578947,0.6578947368421053,0.0022236257897688804,0.0022236257897688804,-0.004734745383632516,-0.004734745383632516
1.0,0.8421052631578947,0.6842105263157895,0.002507640752010845,0.002507640752010845,-0.004450730421390551,-0.004450730421390551
1.0,0.8421052631578947,0.7105263157894737,0.002807655213097799,0.002807655213097799,-0.004150715960303597,-0.004150715960303597
1.0,0.8421052631578947,0.7368421052631579,0.003122709900777062,0.003122709900777062,-0.0038356612726243343,-0.0038356612726243343
1.0,0.8421052631578947,0.763157894736842,0.003452120019525322,0.003452120019525322,-0.0035062511538760744,-0.0035062511538760744
1.0,0.8421052631578947,0.7894736842105263,0.0037952588762242036,0.0037952588762242036,-0.0031631122971771926,-0.0031631122971771926
1.0,0.8421052631578947,0.8157894736842105,0.004151362213321465,0.004151362213321465,-0.002807008960079931,-0.002807008960079931
1.0,0.8421052631578947,0.8421052631578947,0.0045198539304729096,0.0045198539304729096,-0.0024385172429284866,-0.0024385172429284866
1.0,0.8421052631578947,0.868421052631579,0.004900243941292425,0.004900243941292425,-0.002058127232108971,-0.002058127232108971
1.0,0.8421052631578947,0.8947368421052632,0.005291647202689341,0.005291647202689341,-0.0016667239707120552,-0.0016667239707120552
1.0,0.8421052631578947,0.9210526315789473,0.005693826308981255,0.005693826308981255,-0.0012645448644201416,-0.0012645448644201416
1.0,0.8421052631578947,0.9473684210526315,0.006105905278685715,0.006105905278685715,-0.000852465894715681,-0.000852465894715681
1.0,0.8421052631578947,0.9736842105263157,0.0065275112460300745,0.0065275112460300745,-0.0004308599273713217,-0.0004308599273713217
1.0,0.8421052631578947,1.0,0.006958371173401396,0.006958371173401396,0.0,0.0
1.0,0.894736842105263,0.5,0.000900569614629461,0.000900569614629461,-0.006057801558771935,-0.006057801558771935
1.0,0.894736842105263,0.5263157894736842,0.0010710236253380983,0.0010710236253380983,-0.005887347548063298,-0.005887347548063298
1.0,0.894736842105263,0.5526315789473684,0.0012628202801430574,0.0012628202801430574,-0.005695550893258339,-0.005695550893258339
1.0,0.894736842105263,0.5789473684210527,0.0014749184419152487,0.0014749184419152487,-0.0054834527314861475,-0.0054834527314861475
1.0,0.894736842105263,0.6052631578947368,0.0017063774664752385,0.0017063774664752385,-0.005251993706926158,-0.005251993706926158
1.0,0.894736842105263,0.631578947368421,0.001956242063890063,0.001956242063890063,-0.005002129109511333,-0.005002129109511333
1.0,0.894736842105263,0.6578947368421053,0.0022236257897688804,0.0022236257897688804,-0.004734745383632516,-0.004734745383632516
1.0,0.894736842105263,0.6842105263157895,0.002507640752010845,0.002507640752010845,-0.004450730421390551,-0.004450730421390551
1.0,0.894736842105263,0.7105263157894737,0.002807655213097799,0.002807655213097799,-0.004150715960303597,-0.004150715960303597
1.0,0.894736842105263,0.7368421052631579,0.003122709900777062,0.003122709900777062,-0.0038356612726243343,-0.0038356612726243343
1.0,0.894736842105263,0.763157894736842,0.003452120019525322,0.003452120019525322,-0.0035062511538760744,-0.0035062511538760744
1.0,0.894736842105263,0.7894736842105263,0.0037952588762242036,0.0037952588762242036,-0.0031631122971771926,-0.0031631122971771926
1.0,0.894736842105263,0.8157894736842105,0.004151362213321465,0.004151362213321465,-0.002807008960079931,-0.002807008960079931
1.0,0.894736842105263,0.8421052631578947,0.0045198539304729096,0.0045198539304729096,-0.0024385172429284866,-0.0024385172429284866
1.0,0.894736842105263,0.868421052631579,0.004900243941292425,0.004900243941292425,-0.002058127232108971,-0.002058127232108971
1.0,0.894736842105263,0.8947368421052632,0.005291647202689341,0.005291647202689341,-0.0016667239707120552,-0.0016667239707120552
1.0,0.894736842105263,0.9210526315789473,0.005693826308981255,0.005693826308981255,-0.0012645448644201416,-0.0012645448644201416
1.0,0.894736842105263,0.9473684210526315,0.006105905278685715,0.006105905278685715,-0.000852465894715681,-0.000852465894715681
1.0,0.894736842105263,0.9736842105263157,0.0065275112460300745,0.0065275112460300745,-0.0004308599273713217,-0.0004308599273713217
1.0,0.894736842105263,1.0,0.006958371173401396,0.006958371173401396,0.0,0.0
1.0,0.9473684210526315,0.5,0.000900569614629461,0.000900569614629461,-0.006057801558771935,-0.006057801558771935
1.0,0.9473684210526315,0.5263157894736842,0.0010710236253380983,0.0010710236253380983,-0.005887347548063298,-0.005887347548063298
1.0,0.9473684210526315,0.5526315789473684,0.0012628202801430574,0.0012628202801430574,-0.005695550893258339,-0.005695550893258339
1.0,0.9473684210526315,0.5789473684210527,0.0014749184419152487,0.0014749184419152487,-0.0054834527314861475,-0.0054834527314861475
1.0,0.9473684210526315,0.6052631578947368,0.0017063774664752385,0.0017063774664752385,-0.005251993706926158,-0.005251993706926158
1.0,0.9473684210526315,0.631578947368421,0.001956242063890063,0.001956242063890063,-0.005002129109511333,-0.005002129109511333
1.0,0.9473684210526315,0.6578947368421053,0.0022236257897688804,0.0022236257897688804,-0.004734745383632516,-0.004734745383632516
1.0,0.9473684210526315,0.6842105263157895,0.002507640752010845,0.002507640752010845,-0.004450730421390551,-0.004450730421390551
1.0,0.9473684210526315,0.7105263157894737,0.002807655213097799,0.002807655213097799,-0.004150715960303597,-0.004150715960303597
1.0,0.9473684210526315,0.7368421052631579,0.003122709900777062,0.003122709900777062,-0.0038356612726243343,-0.0038356612726243343
1.0,0.9473684210526315,0.763157894736842,0.003452120019525322,0.003452120019525322,-0.0035062511538760744,-0.0035062511538760744
1.0,0.9473684210526315,0.7894736842105263,0.0037952588762242036,0.0037952588762242036,-0.0031631122971771926,-0.0031631122971771926
1.0,0.9473684210526315,0.8157894736842105,0.004151362213321465,0.004151362213321465,-0.002807008960079931,-0.002807008960079931
1.0,0.9473684210526315,0.8421052631578947,0.0045198539304729096,0.0045198539304729096,-0.0024385172429284866,-0.0024385172429284866
1.0,0.9473684210526315,0.868421052631579,0.004900243941292425,0.004900243941292425,-0.002058127232108971,-0.002058127232108971
1.0,0.9473684210526315,0.8947368421052632,0.005291647202689341,0.005291647202689341,-0.0016667239707120552,-0.0016667239707120552
1.0,0.9473684210526315,0.9210526315789473,0.005693826308981255,0.005693826308981255,-0.0012645448644201416,-0.0012645448644201416
1.0,0.9473684210526315,0.9473684210526315,0.006105905278685715,0.006105905278685715,-0.000852465894715681,-0.000852465894715681
1.0,0.9473684210526315,0.9736842105263157,0.0065275112460300745,0.0065275112460300745,-0.0004308599273713217,-0.0004308599273713217
1.0,0.9473684210526315,1.0,0.006958371173401396,0.006958371173401396,0.0,0.0
1.0,1.0,0.5,0.000900569614629461,0.000900569614629461,-0.006057801558771935,-0.006057801558771935
1.0,1.0,0.5263157894736842,0.0010710236253380983,0.0010710236253380983,-0.005887347548063298,-0.005887347548063298
1.0,1.0,0.5526315789473684,0.0012628202801430574,0.0012628202801430574,-0.005695550893258339,-0.005695550893258339
1.0,1.0,0.5789473684210527,0.0014749184419152487,0.0014749184419152487,-0.0054834527314861475,-0.0054834527314861475
1.0,1.0,0.6052631578947368,0.0017063774664752385,0.0017063774664752385,-0.005251993706926158,-0.005251993706926158
1.0,1.0,0.631578947368421,0.001956242063890063,0.001956242063890063,-0.005002129109511333,-0.005002129109511333
1.0,1.0,0.6578947368421053,0.0022236257897688804,0.0022236257897688804,-0.004734745383632516,-0.004734745383632516
1.0,1.0,0.6842105263157895,0.002507640752010845,0.002507640752010845,-0.004450730421390551,-0.004450730421390551
1.0,1.0,0.7105263157894737,0.002807655213097799,0.002807655213097799,-0.004150715960303597,-0.004150715960303597
1.0,1.0,0.7368421052631579,0.003122709900777062,0.003122709900777062,-0.0038356612726243343,-0.0038356612726243343
1.0,1.0,0.763157894736842,0.003452120019525322,0.003452120019525322,-0.0035062511538760744,-0.0035062511538760744
1.0,1.0,0.7894736842105263,0.0037952588762242036,0.0037952588762242036,-0.0031631122971771926,-0.0031631122971771926
1.0,1.0,0.8157894736842105,0.004151362213321465,0.004151362213321465,-0.002807008960079931,-0.002807008960079931
1.0,1.0,0.8421052631578947,0.0045198539304729096,0.0045198539304729096,-0.0024385172429284866,-0.0024385172429284866
1.0,1.0,0.868421052631579,0.004900243941292425,0.004900243941292425,-0.002058127232108971,-0.002058127232108971
1.0,1.0,0.8947368421052632,0.005291647202689341,0.005291647202689341,-0.0016667239707120552,-0.0016667239707120552
1.0,1.0,0.9210526315789473,0.005693826308981255,0.005693826308981255,-0.0012645448644201416,-0.0012645448644201416
1.0,1.0,0.9473684210526315,0.006105905278685715,0.006105905278685715,-0.000852465894715681,-0.000852465894715681
1.0,1.0,0.9736842105263157,0.0065275112460300745,0.0065275112460300745,-0.0004308599273713217,-0.0004308599273713217
1.0,1.0,1.0,0.006958371173401396,0.006958371173401396,0.0,0.0
1.3333333333333333,0.0,0.5,0.0004995004995004995,0.0010829060156949512,-0.006458847744690138,-0.005875442228495677
1.3333333333333333,0.0,0.5263157894736842,0.0004995004995004995,0.0013105730648403746,-0.006458847744690138,-0.005647775179350254
1.3333333333333333,0.0,0.5526315789473684,0.0004995004995004995,0.0015596637362822133,-0.006458847744690138,-0.005398684507908415
1.3333333333333333,0.0,0.5789473684210527,0.000553559506146449,0.0018265675231237304,-0.006404788738044189,-0.005131780721066898
1.3333333333333333,0.0,0.6052631578947368,0.0006777297613359341,0.002108071377689532,-0.006280618482854704,-0.004850276866501096
1.3333333333333333,0.0,0.631578947368421,0.0008356942729709948,0.002401469033110462,-0.006122653971219643,-0.004556879211080166
1.3333333333333333,0.0,0.6578947368421053,0.0010287916637488855,0.0027044046912823964,-0.005929556580441753,-0.004253943552908232
1.3333333333333333,0.0,0.6842105263157895,0.001258426220304326,0.0030149646539883324,-0.005699922023886312,-0.003943383590202296
1.3333333333333333,0.0,0.7105263157894737,0.001525772620000226,0.0033315301518688153,-0.005432575624190411,-0.003626818092321813
1.3333333333333333,0.0,0.7368421052631579,0.0018316454974572796,0.003652794898788432,-0.005126702746733358,-0.003305553345402196
1.3333333333333333,0.0,0.763157894736842,0.0021764810592446115,0.003977668399795984,-0.004781867184946026,-0.0029806798443946445
1.3333333333333333,0.0,0.7894736842105263,0.002560349691495073,0.0043052021330968904,-0.004397998552695565,-0.002653146111093738
1.3333333333333333,0.0,0.8157894736842105,0.0029830078526234564,0.004634753654797594,-0.003975340391567181,-0.0023235945893930344
1.3333333333333333,0.0,0.8421052631578947,0.003443890277323068,0.004965786581099193,-0.00351445796686757,-0.0019925616630914354
1.3333333333333333,0.0,0.868421052631579,0.003942273185121577,0.005297583564416748,-0.0030160750590690604,-0.0016607646797738799
1.3333333333333333,0.0,0.8947368421052632,0.004477262635422774,0.0056299483897341495,-0.0024810856087678634,-0.0013283998544564787
1.3333333333333333,0.0,0.9210526315789473,0.0050476233498985895,0.005962563439900527,-0.0019107248942920483,-0.000995784804290101
1.3333333333333333,0.0,0.9473684210526315,0.005652118480338492,0.006294814510808974,-0.0013062297638521455,-0.000663533733381654
1.3333333333333333,0.0,0.9736842105263157,0.0062894712237935285,0.0066268687568883725,-0.0006688770203971094,-0.0003314794873022558
1.3333333333333333,0.0,1.0,0.006958348244190638,0.006958348244190628,0.0,0.0
1.3333333333333333,0.05263157894736842,0.5,0.0004995004995004995,0.001070611855214697,-0.006458847744690138,-0.0058877363889759315
1.3333333333333333,0.05263157894736842,0.5263157894736842,0.0004995004995004995,0.0012925269768430808,-0.006458847744690138,-0.0056658212673475475
1.3333333333333333,0.05263157894736842,0.5526315789473684,0.0004995004995004995,0.0015345678024702982,-0.006458847744690138,-0.00542378044172033
1.3333333333333333,0.05263157894736842,0.5789473684210527,0.0006007213591462074,0.0017931276947166673,-0.00635762688504443,-0.005165220549473961
1.3333333333333333,0.05263157894736842,0.6052631578947368,0.0007437157329929895,0.002065040313569848,-0.006214632511197648,-0.0048933079306207805
1.3333333333333333,0.05263157894736842,0.631578947368421,0.0009236106385534533,0.0023476647724982682,-0.006034737605637185,-0.00461068347169236
1.3333333333333333,0.05263157894736842,0.6578947368421053,0.0011420163387644926,0.0026387560307315925,-0.005816331905426145,-0.004319592213459036
1.3333333333333333,0.05263157894736842,0.6842105263157895,0.0014004096931586382,0.002936527100265964,-0.005557938551032,-0.004021821143924664
1.3333333333333333,0.05263157894736842,0.7105263157894737,0.0016998795729361148,0.003239449941363373,-0.005258468671254523,-0.0037188983028272555
1.3333333333333333,0.05263157894736842,0.7368421052631579,0.0020410569282789805,0.003546332836602534,-0.004917291315911657,-0.0034120154075880944
1.3333333333333333,0.05263157894736842,0.763157894736842,0.0024241976464472736,0.003856170022228034,-0.004534150597743364,-0.0031021782219625943
1.3333333333333333,0.05263157894736842,0.7894736842105263,0.0028490823383486904,0.0041681789389502195,-0.004109265905841947,-0.002790169305240409
1.3333333333333333,0.05263157894736842,0.8157894736842105,0.0033151867189203403,0.004481706876008712,-0.0036431615252702975,-0.0024766413681819163
1.3333333333333333,0.05263157894736842,0.8421052631578947,0.003821822688671322,0.00479619584873187,-0.0031365255555193157,-0.0021621523954587583
1.3333333333333333,0.05263157894736842,0.868421052631579,0.004367772350037231,0.005111365055745364,-0.002590575894153407,-0.0018469831884452646
1.3333333333333333,0.05263157894736842,0.8947368421052632,0.004951823638055821,0.005426686731815634,-0.002006524606134817,-0.0015316615123749941
1.3333333333333333,0.05263157894736842,0.9210526315789473,0.005572861304087835,0.005741732222234146,-0.001385486940102803,-0.001216616021956482
1.3333333333333333,0.05263157894736842,0.9473684210526315,0.0062290088685935125,0.006056906067203598,-0.0007293393755971253,-0.0009014421769870306
1.3333333333333333,0.05263157894736842,0.9736842105263157,0.006919292241839353,0.006371411488316912,-3.905600235128495e-05,-0.0005869367558737166
1.3333333333333333,0.05263157894736842,1.0,0.007642063307710572,0.006685197986316789,0.0006837150635199338,-0.00027315025787383925
1.3333333333333333,0.10526315789473684,0.5,0.0004995004995004995,0.0010580461466125578,-0.006458847744690138,-0.00590030209757807
1.3333333333333333,0.10526315789473684,0.5263157894736842,0.0004995004995004995,0.001274081426275039,-0.006458847744690138,-0.00568426681791559
1.3333333333333333,0.10526315789473684,0.5526315789473684,0.0005299363807255978,0.0015089587990954256,-0.00642841186346504,-0.005449389445095203
1.3333333333333333,0.10526315789473684,0.5789473684210527,0.0006549468072057023,0.0017590805828246953,-0.006303401436984935,-0.005199267661365933
1.3333333333333333,0.10526315789473684,0.6052631578947368,0.0008185756144274429,0.002021359960904738,-0.006139772629763195,-0.00493698828328589
1.3333333333333333,0.10526315789473684,0.631578947368421,0.0010225494369175618,0.0022932480503033426,-0.005935798807273076,-0.004665100193887286
1.3333333333333333,0.10526315789473684,0.6578947368421053,0.0012686468091289108,0.002572632272007234,-0.005689701435061727,-0.004385715972183395
1.3333333333333333,0.10526315789473684,0.6842105263157895,0.001558272522617156,0.0028578154585887,-0.005400075721573482,-0.004100532785601928
1.3333333333333333,0.10526315789473684,0.7105263157894737,0.0018924013674320099,0.003147452831488571,-0.0050659468767586275,-0.0038108954127020573
1.3333333333333333,0.10526315789473684,0.7368421052631579,0.0022714321562247635,0.0034403417848518814,-0.004686916087965874,-0.003518006459338747
1.3333333333333333,0.10526315789473684,0.763157894736842,0.0026953230412705776,0.0037356479082082924,-0.00426302520292006,-0.003222700335982336
1.3333333333333333,0.10526315789473684,0.7894736842105263,0.0031635009110267147,0.004032689679161297,-0.003794847333163923,-0.002925658565029331
1.3333333333333333,0.10526315789473684,0.8157894736842105,0.0036753280664376074,0.004330863774979761,-0.0032830201777530304,-0.0026274844692108675
1.3333333333333333,0.10526315789473684,0.8421052631578947,0.00422934356410273,0.00462956789462471,-0.002729004680087908,-0.0023287803495659187
1.3333333333333333,0.10526315789473684,0.868421052631579,0.004824679506585199,0.004928791215839542,-0.0021336687376054386,-0.0020295570283510866
1.3333333333333333,0.10526315789473684,0.8947368421052632,0.005459478275046305,0.0052278732866472034,-0.0014988699691443324,-0.0017304749575434248
1.3333333333333333,0.10526315789473684,0.9210526315789473,0.006132265548443648,0.005526949068065845,-0.0008260826957469901,-0.001431399176124783
1.3333333333333333,0.10526315789473684,0.9473684210526315,0.0068415110388744165,0.005825306192435979,-0.00011683720531622133,-0.001133042051754649
1.3333333333333333,0.10526315789473684,0.9736842105263157,0.007585471475793417,0.006123161274192887,0.0006271232316027789,-0.0008351869699977409
1.3333333333333333,0.10526315789473684,1.0,0.008362069431746392,0.006420436313248848,0.001403721187555754,-0.0005379119309417806
1.3333333333333333,0.15789473684210525,0.5,0.0004995004995004995,0.0010452477423022913,-0.006458847744690138,-0.0059131005018883374
1.3333333333333333,0.15789473684210525,0.5263157894736842,0.0004995004995004995,0.0012553121132734138,-0.006458847744690138,-0.0057030361309172144
1.3333333333333333,0.15789473684210525,0.5526315789473684,0.0005725720082275767,0.0014829342018830324,-0.006385776235963061,-0.005475414042307596
1.3333333333333333,0.15789473684210525,0.5789473684210527,0.0007168185643548745,0.0017245863947608488,-0.006241529679835763,-0.00523376184942978
1.3333333333333333,0.15789473684210525,0.6052631578947368,0.0009030878886411578,0.0019773021910094806,-0.00605526035554948,-0.004981046053181148
1.3333333333333333,0.15789473684210525,0.631578947368421,0.0011334180524132061,0.002238582788390683,-0.0058249301917774315,-0.004719765455799945
1.3333333333333333,0.15789473684210525,0.6578947368421053,0.0014096302850644673,0.0025064783945509444,-0.005548717959126171,-0.004451869849639684
1.3333333333333333,0.15789473684210525,0.6842105263157895,0.001733048627345709,0.0027793923017803623,-0.0052252996168449285,-0.004178955942410266
1.3333333333333333,0.15789473684210525,0.7105263157894737,0.0021043189295657343,0.0030560777680302947,-0.0048540293146249035,-0.0039022704761603336
1.3333333333333333,0.15789473684210525,0.7368421052631579,0.0025236159808579104,0.003335476515188075,-0.004434732263332727,-0.0036228717290025534
1.3333333333333333,0.15789473684210525,0.763157894736842,0.002990454330763065,0.0036168794978327853,-0.003967893913427573,-0.003341468746357843
1.3333333333333333,0.15789473684210525,0.7894736842105263,0.0035040869366924944,0.0038995984049689765,-0.0034542613074981434,-0.0030587498392216517
1.3333333333333333,0.15789473684210525,0.8157894736842105,0.004063194408759446,0.004183112270332489,-0.0028951538354311922,-0.002775235973858139
1.3333333333333333,0.15789473684210525,0.8421052631578947,0.004666532337573382,0.004467012110301532,-0.002291815906617256,-0.0024913361338890962
1.3333333333333333,0.15789473684210525,0.868421052631579,0.005312505260030901,0.004751014834794657,-0.001645842984159737,-0.0022073334093959717
1.3333333333333333,0.15789473684210525,0.8947368421052632,0.0059992604365948585,0.005035021034701683,-0.0009590878075957793,-0.0019233272094889451
1.3333333333333333,0.15789473684210525,0.9210526315789473,0.0067248355014688805,0.005318445814156773,-0.00023351274272175732,-0.0016399024300338553
1.3333333333333333,0.15789473684210525,0.9473684210526315,0.0074876065671128055,0.0056015093471245515,0.0005292583229221676,-0.0013568388970660768
1.3333333333333333,0.15789473684210525,0.9736842105263157,0.008285815656314317,0.005883809378939799,0.0013274674121236795,-0.0010745388652508292
1.3333333333333333,0.15789473684210525,1.0,0.009117379784881946,0.006165006575637724,0.002159031540691308,-0.0007933416685529044
1.3333333333333333,0.21052631578947367,0.5,0.0004995004995004995,0.0010322614999719603,-0.006458847744690138,-0.005926086744218668
1.3333333333333333,0.21052631578947367,0.5263157894736842,0.0005001468661050344,0.001236281028115089,-0.006458201378085603,-0.005722067216075539
1.3333333333333333,0.21052631578947367,0.5526315789473684,0.000621741602397143,0.0014566484477234265,-0.006336606641793495,-0.005501699796467202
1.3333333333333333,0.21052631578947367,0.5789473684210527,0.0007869976447932897,0.0016898725199187652,-0.0061713505993973485,-0.005268475724271863
1.3333333333333333,0.21052631578947367,0.6052631578947368,0.0009980561390336184,0.0019330872178822001,-0.005960292105157019,-0.005025261026308428
1.3333333333333333,0.21052631578947367,0.631578947368421,0.00125711207391943,0.002183962808747084,-0.005701236170271208,-0.004774385435443545
1.3333333333333333,0.21052631578947367,0.6578947368421053,0.0015659047539710817,0.0024406253203742216,-0.005392443490219556,-0.004517722923816407
1.3333333333333333,0.21052631578947367,0.6842105263157895,0.0019255091733107275,0.0027016728132765173,-0.00503283907087991,-0.004256675430914111
1.3333333333333333,0.21052631578947367,0.7105263157894737,0.0023363304981234073,0.002965872892065184,-0.0046220177460672305,-0.003992475352125444
1.3333333333333333,0.21052631578947367,0.7368421052631579,0.002798060892392997,0.0032323627831293386,-0.004160287351797641,-0.0037259854610612896
1.3333333333333333,0.21052631578947367,0.763157894736842,0.0033098525542468154,0.0035004799295204813,-0.0036484956899438224,-0.003457868314670147
1.3333333333333333,0.21052631578947367,0.7894736842105263,0.003870613404134953,0.0037695680713637214,-0.0030877348400556847,-0.003188780172826907
1.3333333333333333,0.21052631578947367,0.8157894736842105,0.004478805372197779,0.004039236820866508,-0.0024795428719928585,-0.00291911142332412
1.3333333333333333,0.21052631578947367,0.8421052631578947,0.005132698814682882,0.004309105128292374,-0.0018256494295077561,-0.0026492431158982544
1.3333333333333333,0.21052631578947367,0.868421052631579,0.005830313656999625,0.004578909449874063,-0.0011280345871910128,-0.002379438794316565
1.3333333333333333,0.21052631578947367,0.8947368421052632,0.006569621362887664,0.004848452998094231,-0.000388726881302974,-0.0021098952460963973
1.3333333333333333,0.21052631578947367,0.9210526315789473,0.007348900083298895,0.005117450181312433,0.0003905518391082571,-0.0018408980628781954
1.3333333333333333,0.21052631578947367,0.9473684210526315,0.008165940102728912,0.005385761845544144,0.0012075918585382744,-0.0015725863986464847
1.3333333333333333,0.21052631578947367,0.9736842105263157,0.009018167465057684,0.005653551242820395,0.002059819220867046,-0.0013047970013702337
1.3333333333333333,0.21052631578947367,1.0,0.00990473756964702,0.005920472227357765,0.002946389325456383,-0.0010378760168328633
1.3333333333333333,0.2631578947368421,0.5,0.0004995004995004995,0.0010191388454770627,-0.006458847744690138,-0.005939209398713566
1.3333333333333333,0.2631578947368421,0.5263157894736842,0.0005370397971842058,0.0012170946732327453,-0.0064213084470064324,-0.005741253570957883
1.3333333333333333,0.2631578947368421,0.5526315789473684,0.0006779695613000269,0.001430209341948323,-0.006280378682890611,-0.005528138902242305
1.3333333333333333,0.2631578947368421,0.5789473684210527,0.0008662242803885911,0.0016550987447536386,-0.0060921239638020465,-0.0053032494994369895
1.3333333333333333,0.2631578947368421,0.6052631578947368,0.001104308930066274,0.0018889949090353368,-0.005854039314124364,-0.005069353335155291
1.3333333333333333,0.2631578947368421,0.631578947368421,0.0013944868989964965,0.0021297261374900404,-0.005563861345194141,-0.004828622106700588
1.3333333333333333,0.2631578947368421,0.6578947368421053,0.001738273863909645,0.002375540508471287,-0.005220074380280992,-0.004582807735719341
1.3333333333333333,0.2631578947368421,0.6842105263157895,0.0021364438588073993,0.002625122897138242,-0.0048219043853832385,-0.004333225347052386
1.3333333333333333,0.2631578947368421,0.7105263157894737,0.002588916359454323,0.0028774179342624653,-0.004369431884736315,-0.004080930309928163
1.3333333333333333,0.2631578947368421,0.7368421052631579,0.003095090413435344,0.003131601265294167,-0.0038632578307552937,-0.003826746978896461
1.3333333333333333,0.2631578947368421,0.763157894736842,0.0036536846293832286,0.003387010565200365,-0.003304663614807409,-0.0035713376789902633
1.3333333333333333,0.2631578947368421,0.7894736842105263,0.004263068374769687,0.0036432022273659914,-0.002695279869420951,-0.003315146016824637
1.3333333333333333,0.2631578947368421,0.8157894736842105,0.004921621520283442,0.0038998042912860025,-0.0020367267239071955,-0.003058543952904626
1.3333333333333333,0.2631578947368421,0.8421052631578947,0.005627064216341094,0.004156420563824198,-0.0013312840278495441,-0.00280192768036643
1.3333333333333333,0.2631578947368421,0.868421052631579,0.006377193207432031,0.00441285853488254,-0.0005811550367586064,-0.0025454897093080886
1.3333333333333333,0.2631578947368421,0.8947368421052632,0.007169861522216188,0.0046687668839665965,0.00021151327802555048,-0.0022895813602240318
1.3333333333333333,0.2631578947368421,0.9210526315789473,0.008002919720038557,0.004924379607431056,0.0010445714758479194,-0.002033968636759572
1.3333333333333333,0.2631578947368421,0.9473684210526315,0.00887400823797073,0.005179206148534366,0.001915659993780093,-0.0017791420956562625
1.3333333333333333,0.2631578947368421,0.9736842105263157,0.00978053312780125,0.0054331282955999895,0.002822184883610612,-0.0015252199485906387
1.3333333333333333,0.2631578947368421,1.0,0.01072177642015338,0.005686289815565953,0.003763428175962742,-0.0012720584286246752
1.3333333333333333,0.3157894736842105,0.5,0.0004995004995004995,0.0010059407332659244,-0.006458847744690138,-0.005952407510924703
1.3333333333333333,0.3157894736842105,0.5263157894736842,0.0005798737515899747,0.0011978413640081737,-0.006378474492600663,-0.005760506880182455
1.3333333333333333,0.3157894736842105,0.5526315789473684,0.0007418684767810087,0.001403772307048159,-0.006216479767409629,-0.0055545759371424695
1.3333333333333333,0.3157894736842105,0.5789473684210527,0.0009552070302670433,0.0016204490666315878,-0.006003141213923594,-0.0053378991775590405
1.3333333333333333,0.3157894736842105,0.6052631578947368,0.0012226511006516116,0.0018452666769935753,-0.005735697143539026,-0.0051130815671970534
1.3333333333333333,0.3157894736842105,0.631578947368421,0.0015462964542769738,0.0020761575846508663,-0.005412051789913664,-0.004882190659539762
1.3333333333333333,0.3157894736842105,0.6578947368421053,0.00192741400415282,0.0023115237378047247,-0.005030934240037818,-0.004646824506385904
1.3333333333333333,0.3157894736842105,0.6842105263157895,0.0023663040464073012,0.00255008795472366,-0.004592044197783337,-0.004408260289466968
1.3333333333333333,0.3157894736842105,0.7105263157894737,0.0028624780375957554,0.002791000620401803,-0.004095870206594882,-0.004167347623788825
1.3333333333333333,0.3157894736842105,0.7368421052631579,0.003414787171124387,0.00303349142986944,-0.0035435610730662507,-0.003924856814321188
1.3333333333333333,0.3157894736842105,0.763157894736842,0.00402160809675843,0.0032769208406137145,-0.002936740147432208,-0.0036814274035769138
1.3333333333333333,0.3157894736842105,0.7894736842105263,0.004680948318683177,0.00352095037091539,-0.002277399925507461,-0.003437397873275238
1.3333333333333333,0.3157894736842105,0.8157894736842105,0.005390617342579023,0.0037652532924012244,-0.001567730901611615,-0.003193094951789404
1.3333333333333333,0.3157894736842105,0.8421052631578947,0.0061481843162372665,0.004009419996050086,-0.0008101639279533713,-0.002948928248140542
1.3333333333333333,0.3157894736842105,0.868421052631579,0.006951467232821761,0.004253267490906479,-6.8810113688765745e-06,-0.002705080753284149
1.3333333333333333,0.3157894736842105,0.8947368421052632,0.00779770289771013,0.004496634955087669,0.0008393546535194925,-0.0024617132891029594
1.3333333333333333,0.3157894736842105,0.9210526315789473,0.008684612106995046,0.004739297126993935,0.0017262638628044082,-0.002219051117196693
1.3333333333333333,0.3157894736842105,0.9473684210526315,0.009609850272755476,0.004981397471728341,0.002651502028564838,-0.0019769507724622876
1.3333333333333333,0.3157894736842105,0.9736842105263157,0.010570634113445027,0.005222877023981052,0.0036122858692543888,-0.001735471220209576
1.3333333333333333,0.3157894736842105,1.0,0.011565917672470769,0.005463064932788987,0.004607569428280131,-0.0014952833114016415
1.3333333333333333,0.3684210526315789,0.5,0.0004995004995004995,0.0009927098197567495,-0.006458847744690138,-0.005965638424433879
1.3333333333333333,0.3684210526315789,0.5263157894736842,0.000629127480260969,0.001178600811674695,-0.006329220763929669,-0.005779747432515933
1.3333333333333333,0.3684210526315789,0.5526315789473684,0.0008140477567830891,0.0013774520089109197,-0.0061443004874075485,-0.005580896235279709
1.3333333333333333,0.3684210526315789,0.5789473684210527,0.0010546782191502562,0.0015861056253822004,-0.005903670025040382,-0.005372242618808427
1.3333333333333333,0.3684210526315789,0.6052631578947368,0.0013537938273997618,0.0018021137908504287,-0.0056045544167908756,-0.0051562344533402
1.3333333333333333,0.3684210526315789,0.631578947368421,0.001713258018539737,0.0020235173999001758,-0.005245090225650901,-0.004934830844290453
1.3333333333333333,0.3684210526315789,0.6578947368421053,0.0021338808688174723,0.0022488493981762873,-0.0048244673753731655,-0.004709498846014341
1.3333333333333333,0.3684210526315789,0.6842105263157895,0.002615482541088678,0.0024770155189295065,-0.00434286570310196,-0.004481332725261121
1.3333333333333333,0.3684210526315789,0.7105263157894737,0.003157044443637555,0.0027071302442024797,-0.003801303800553083,-0.0042512179999881486
1.3333333333333333,0.3684210526315789,0.7368421052631579,0.003756952633969968,0.002938488904544114,-0.0032013956102206697,-0.004019859339646515
1.3333333333333333,0.3684210526315789,0.763157894736842,0.004413084821547783,0.0031706942897318296,-0.0025452634226428546,-0.0037876539544587987
1.3333333333333333,0.3684210526315789,0.7894736842105263,0.00512333223499188,0.003403188425117019,-0.0018350160091987582,-0.0035551598190736093
1.3333333333333333,0.3684210526315789,0.8157894736842105,0.005884861357752838,0.0036359204381035144,-0.0010734868864378001,-0.003322427806087114
1.3333333333333333,0.3684210526315789,0.8421052631578947,0.006694937128360067,0.0038683919629202736,-0.0002634111158305707,-0.0030899562812703547
1.3333333333333333,0.3684210526315789,0.868421052631579,0.007551580952473113,0.004100387966421637,0.0005932327082824752,-0.0028579602777689915
1.3333333333333333,0.3684210526315789,0.8947368421052632,0.008451399917653287,0.004332132468532115,0.001493051673462649,-0.0026262157756585134
1.3333333333333333,0.3684210526315789,0.9210526315789473,0.009392061829808966,0.004563090966868006,0.0024337135856183287,-0.002395257277322622
1.3333333333333333,0.3684210526315789,0.9473684210526315,0.010371176415564908,0.00479329148645871,0.0034128281713742704,-0.0021650567577319183
1.3333333333333333,0.3684210526315789,0.9736842105263157,0.011385986095599779,0.005022371131503382,0.004427637851409141,-0.001935977112687246
1.3333333333333333,0.3684210526315789,1.0,0.01243436337062185,0.005251162811548403,0.005476015126431212,-0.001707185432642225
1.3333333333333333,0.42105263157894735,0.5,0.0005323378444452292,0.0009795054419009235,-0.006426010399745409,-0.005978842802289705
1.3333333333333333,0.42105263157894735,0.5263157894736842,0.000685282796396623,0.0011594763446449632,-0.006273065447794015,-0.005798871899545665
1.3333333333333333,0.42105263157894735,0.5526315789473684,0.0008951804404295097,0.0013513835622007313,-0.006063167803761128,-0.005606964681989897
1.3333333333333333,0.42105263157894735,0.5789473684210527,0.0011653310666322257,0.0015522483630009758,-0.005793017177558412,-0.005406099881189653
1.3333333333333333,0.42105263157894735,0.6052631578947368,0.0014984173698959745,0.0017597365517913477,-0.005459930874294664,-0.005198611692399281
1.3333333333333333,0.42105263157894735,0.631578947368421,0.0018958586082587288,0.0019720309543984397,-0.0050624896359319094,-0.004986317289792189
1.3333333333333333,0.42105263157894735,0.6578947368421053,0.0023579977623263302,0.0021878137659768985,-0.004600350481864308,-0.00477053447821373
1.3333333333333333,0.42105263157894735,0.6842105263157895,0.0028840213295818276,0.0024060506173820373,-0.00407432691460881,-0.004552297626808591
1.3333333333333333,0.42105263157894735,0.7105263157894737,0.0034724936107370184,0.002625897473618104,-0.0034858546334536195,-0.004332450770572524
1.3333333333333333,0.42105263157894735,0.7368421052631579,0.004121212003277771,0.0028468921008877246,-0.0028371362409128666,-0.004111456143302904
1.3333333333333333,0.42105263157894735,0.763157894736842,0.004827706015751637,0.003068440444937371,-0.0021306422284390007,-0.003889907799253257
1.3333333333333333,0.42105263157894735,0.7894736842105263,0.005589305231366208,0.003290182238114966,-0.0013690430128244302,-0.003668166006075662
1.3333333333333333,0.42105263157894735,0.8157894736842105,0.006403052389030699,0.0035120181383058446,-0.0005552958551599384,-0.0034463301058847836
1.3333333333333333,0.42105263157894735,0.8421052631578947,0.007266006504821419,0.0037335211024105853,0.00030765826063078143,-0.003224827141780043
1.3333333333333333,0.42105263157894735,0.868421052631579,0.008175900800146067,0.003954616866379244,0.0012175525559554295,-0.0030037313778113845
1.3333333333333333,0.42105263157894735,0.8947368421052632,0.009129006439960164,0.004175083460239844,0.0021706581957695262,-0.002783264783950784
1.3333333333333333,0.42105263157894735,0.9210526315789473,0.010122961323078859,0.004394937743794803,0.0031646130788882208,-0.002563410500395825
1.3333333333333333,0.42105263157894735,0.9473684210526315,0.011155546959449286,0.004614139144543323,0.004197198715258648,-0.002344209099647305
1.3333333333333333,0.42105263157894735,0.9736842105263157,0.012224016299452037,0.0048325168138422005,0.005265668055261399,-0.002125831430348428
1.3333333333333333,0.42105263157894735,1.0,0.013324796610547468,0.005049897291463232,0.0063664483663568305,-0.001908450952727396
1.3333333333333333,0.47368421052631576,0.5,0.0005734749332483871,0.000966379339463658,-0.00638487331094225,-0.005991968904726971
1.3333333333333333,0.47368421052631576,0.5263157894736842,0.0007488943268631038,0.0011405229883567603,-0.006209453917327534,-0.005817825255833868
1.3333333333333333,0.47368421052631576,0.5526315789473684,0.0009858650328255349,0.001325690573225297,-0.005972483211365103,-0.005632657670965331
1.3333333333333333,0.47368421052631576,0.5789473684210527,0.001287824456539611,0.0015190158205198399,-0.005670523787651027,-0.005439332423670788
1.3333333333333333,0.47368421052631576,0.6052631578947368,0.0016570960323641745,0.0017183390862494617,-0.005301252211826464,-0.0052400091579411666
1.3333333333333333,0.47368421052631576,0.631578947368421,0.0020945770851417294,0.0019219394857764444,-0.004863771159048909,-0.005036408758414184
1.3333333333333333,0.47368421052631576,0.6578947368421053,0.0025999734372929425,0.0021286247709462287,-0.004358374806897695,-0.0048297234732444
1.3333333333333333,0.47368421052631576,0.6842105263157895,0.0031719795401415262,0.002337427589478866,-0.0037863687040491116,-0.004620920654711763
1.3333333333333333,0.47368421052631576,0.7105263157894737,0.003808451671402118,0.002547678893420508,-0.00314989657278852,-0.00441066935077012
1.3333333333333333,0.47368421052631576,0.7368421052631579,0.004506778157706484,0.002758755888391377,-0.002451570086484154,-0.004199592355799251
1.3333333333333333,0.47368421052631576,0.763157894736842,0.005264224365532132,0.0029703381901487564,-0.0016941238786585058,-0.003988010054041872
1.3333333333333333,0.47368421052631576,0.7894736842105263,0.006077694169365525,0.0031820041917303967,-0.0008806540748251129,-0.0037763440524602315
1.3333333333333333,0.47368421052631576,0.8157894736842105,0.006943922450068514,0.003393603847952852,-1.4425794122124164e-05,-0.0035647443962377764
1.3333333333333333,0.47368421052631576,0.8421052631578947,0.00785980186520892,0.0036047977173726447,0.0009014536210182819,-0.0033535505268179836
1.3333333333333333,0.47368421052631576,0.868421052631579,0.008822616699865395,0.0038157716929785304,0.0018642684556747571,-0.003142576551212098
1.3333333333333333,0.47368421052631576,0.8947368421052632,0.009828674668502006,0.004026003558343741,0.0028703264243113685,-0.002932344685846887
1.3333333333333333,0.47368421052631576,0.9210526315789473,0.010876077139753151,0.004235569247535195,0.003917728895562514,-0.002722778996655433
1.3333333333333333,0.47368421052631576,0.9473684210526315,0.011961208331378839,0.00444425190657753,0.005002860087188201,-0.0025140963376130985
1.3333333333333333,0.47368421052631576,0.9736842105263157,0.013081889733613253,0.004652255921605923,0.006123541489422615,-0.0023060923225847055
1.3333333333333333,0.47368421052631576,1.0,0.01423607464310113,0.004859112396885367,0.007277726398910491,-0.002099235847305261
1.3333333333333333,0.5263157894736842,0.5,0.0006207075224240756,0.0009533850879145744,-0.006337640721766562,-0.006004963156276054
1.3333333333333333,0.5263157894736842,0.5263157894736842,0.0008205250989776159,0.001121834469611808,-0.006137823145213022,-0.00583651377457882
1.3333333333333333,0.5263157894736842,0.5526315789473684,0.0010867375733369215,0.0013004446631040222,-0.0058716106708537165,-0.0056579035810866065
1.3333333333333333,0.5263157894736842,0.5789473684210527,0.0014227062378301234,0.0014865405038423883,-0.005535642006360515,-0.00547180774034824
1.3333333333333333,0.5263157894736842,0.6052631578947368,0.0018302316733475898,0.0016780136061670015,-0.0051281165708430484,-0.005280334638023626
1.3333333333333333,0.5263157894736842,0.631578947368421,0.0023096034508089027,0.0018733639573040128,-0.004648744793381735,-0.005084984286886616
1.3333333333333333,0.5263157894736842,0.6578947368421053,0.002859851973103427,0.0020714311442455993,-0.004098496271087211,-0.004886917099945029
1.3333333333333333,0.5263157894736842,0.6842105263157895,0.00347898491065591,0.0022713500841344096,-0.0034793633335347277,-0.004686998160056219
1.3333333333333333,0.5263157894736842,0.7105263157894737,0.004164410913831126,0.0024724279680956203,-0.002793937330359512,-0.004485920276095008
1.3333333333333333,0.5263157894736842,0.7368421052631579,0.004913197212094839,0.0026742690383817565,-0.0020451510320957985,-0.004284079205808871
1.3333333333333333,0.5263157894736842,0.763157894736842,0.005721868234145471,0.0028764874423480194,-0.0012364800100451668,-0.004081860801842609
1.3333333333333333,0.5263157894736842,0.7894736842105263,0.006587394690924266,0.00307869169791529,-0.0003709535532663722,-0.0038796565462753383
1.3333333333333333,0.5263157894736842,0.8157894736842105,0.007506131410331674,0.003280731447598344,0.0005477831661410363,-0.003677616796592284
1.3333333333333333,0.5263157894736842,0.8421052631578947,0.008474784776836709,0.003482479803326561,0.0015164365326460708,-0.0034758684408640675
1.3333333333333333,0.5263157894736842,0.868421052631579,0.009489814328302551,0.0036836148029049066,0.002531466084111913,-0.0032747334412857217
1.3333333333333333,0.5263157894736842,0.8947368421052632,0.010549288452380888,0.0038842279539379313,0.0035909402081902506,-0.003074120290252697
1.3333333333333333,0.5263157894736842,0.9210526315789473,0.011649009777032038,0.0040840199597725006,0.0046906615328414,-0.0028743282844181277
1.3333333333333333,0.5263157894736842,0.9473684210526315,0.01278653491363093,0.004283351497335152,0.005828186669440292,-0.0026749967468554766
1.3333333333333333,0.5263157894736842,0.9736842105263157,0.01395892524967407,0.004481435109159269,0.007000577005483432,-0.002476913135031359
1.3333333333333333,0.5263157894736842,1.0,0.015163929678591384,0.004678749714895495,0.008205581434400746,-0.0022795985292951336
1.3333333333333333,0.5789473684210527,0.5,0.0006745150662733061,0.000940572368850644,-0.006283833177917332,-0.006017775875339984
1.3333333333333333,0.5789473684210527,0.5263157894736842,0.000900734201300469,0.0011034856996658153,-0.006057614042890169,-0.005854862544524813
1.3333333333333333,0.5789473684210527,0.5526315789473684,0.0011983966903493194,0.001275771457651798,-0.005759951553841318,-0.0056825767865388305
1.3333333333333333,0.5789473684210527,0.5789473684210527,0.0015704754063108038,0.0014549050104379767,-0.005387872837879834,-0.005503443233752651
1.3333333333333333,0.5789473684210527,0.6052631578947368,0.00201815317154874,0.0016389160842895378,-0.004940195072641897,-0.0053194321599010904
1.3333333333333333,0.5789473684210527,0.631578947368421,0.002541014944028306,0.0018264025287456774,-0.0044173333001623315,-0.00513194571544495
1.3333333333333333,0.5789473684210527,0.6578947368421053,0.003137362259150232,0.0020163114453495717,-0.003820985985040406,-0.004942036798841056
1.3333333333333333,0.5789473684210527,0.6842105263157895,0.003804613343538899,0.002207798234760714,-0.003153734900651739,-0.004750550009429914
1.3333333333333333,0.5789473684210527,0.7105263157894737,0.004539764866772503,0.0024003989503776934,-0.002418583377418135,-0.004557949293812934
1.3333333333333333,0.5789473684210527,0.7368421052631579,0.005339312032638941,0.0025935359881872604,-0.001619036211551697,-0.004364812256003368
1.3333333333333333,0.5789473684210527,0.763157894736842,0.006199589173687009,0.0027868962891084864,-0.0007587590705036285,-0.0041714519550821415
1.3333333333333333,0.5789473684210527,0.7894736842105263,0.007117039500327752,0.002980203063348713,0.000158691256137114,-0.003978145180841915
1.3333333333333333,0.5789473684210527,0.8157894736842105,0.008087950378700096,0.003173356633728254,0.0011296021345094578,-0.0037849916104623744
1.3333333333333333,0.5789473684210527,0.8421052631578947,0.009109050089033224,0.0033661790012250847,0.002150701844842586,-0.0035921692429655436
1.3333333333333333,0.5789473684210527,0.868421052631579,0.010176911909499854,0.0035583857668387915,0.0032185636653092164,-0.0033999624773518367
1.3333333333333333,0.5789473684210527,0.8947368421052632,0.011287794863538914,0.0037499823569451885,0.0043294466193482765,-0.00320836588724544
1.3333333333333333,0.5789473684210527,0.9210526315789473,0.012438930448940242,0.003940835485766575,0.005480582204749604,-0.0030175127584240536
1.3333333333333333,0.5789473684210527,0.9473684210526315,0.013627921455858196,0.004130864462461259,0.006669573211667558,-0.002827483781729369
1.3333333333333333,0.5789473684210527,0.9736842105263157,0.014852281500422478,0.004320019906055015,0.00789393325623184,-0.002638328338135613
1.3333333333333333,0.5789473684210527,1.0,0.01610773026781796,0.004508482507896564,0.009149382023627322,-0.0024498657362940646
1.3333333333333333,0.631578947368421,0.5,0.0007353656192886566,0.0009279634912709852,-0.006222982624901981,-0.006030384752919643
1.3333333333333333,0.631578947368421,0.5263157894736842,0.000990071049237817,0.0010854918020593157,-0.0059682771949528205,-0.0058728564421313125
1.3333333333333333,0.631578947368421,0.5526315789473684,0.001321322331355128,0.0012517457668263666,-0.00563702591283551,-0.005706602477364262
1.3333333333333333,0.631578947368421,0.5789473684210527,0.001731469222570857,0.0014241927656868658,-0.005226879021619781,-0.0055341554785037625
1.3333333333333333,0.631578947368421,0.6052631578947368,0.002221020330271256,0.001601107087817183,-0.004737327913919382,-0.005357241156373445
1.3333333333333333,0.631578947368421,0.631578947368421,0.002788729429687751,0.0017811410370308766,-0.004169618814502887,-0.005177207207159752
1.3333333333333333,0.631578947368421,0.6578947368421053,0.003432267434313983,0.0019633291586703986,-0.003526080809876655,-0.00499501908552023
1.3333333333333333,0.631578947368421,0.6842105263157895,0.004148465385264392,0.0021469805346988617,-0.0028098828589262458,-0.004811367709491766
1.3333333333333333,0.631578947368421,0.7105263157894737,0.004933719201444954,0.0023314794480849966,-0.0020246290427456837,-0.004626868796105632
1.3333333333333333,0.631578947368421,0.7368421052631579,0.00578426263153692,0.002516461297100837,-0.0011740856126537177,-0.004441886947089791
1.3333333333333333,0.631578947368421,0.763157894736842,0.00669617439894314,0.0027015532193353253,-0.00026217384524749796,-0.0042567950248553026
1.3333333333333333,0.631578947368421,0.7894736842105263,0.007665238216153029,0.002886571828068681,0.0007068899719623913,-0.004071776416121947
1.3333333333333333,0.631578947368421,0.8157894736842105,0.008688464130331138,0.003071406315429702,0.0017301158861405003,-0.0038869419287609263
1.3333333333333333,0.631578947368421,0.8421052631578947,0.00976142975803726,0.0032556380490661313,0.002803081513846622,-0.003702710195124497
1.3333333333333333,0.631578947368421,0.868421052631579,0.010880685738163778,0.003439490785625033,0.00392233749397314,-0.0035188574585655955
1.3333333333333333,0.631578947368421,0.8947368421052632,0.012043788487527681,0.0036225405370788736,0.005085440243337043,-0.0033358077071117547
1.3333333333333333,0.631578947368421,0.9210526315789473,0.013246621526109545,0.0038051784398507515,0.006288273281918907,-0.0031531698043398768
1.3333333333333333,0.631578947368421,0.9473684210526315,0.014486389004995295,0.003986610781678041,0.007528040760804657,-0.0029717374625125876
1.3333333333333333,0.631578947368421,0.9736842105263157,0.01575969848905218,0.004167611772580194,0.008801350244861542,-0.002790736471610434
1.3333333333333333,0.631578947368421,1.0,0.017065816070735658,0.0043475959959632104,0.01010746782654502,-0.002610752248227418
1.3333333333333333,0.6842105263157894,0.5,0.0008037486060456212,0.0009156111774390873,-0.006154599638145016,-0.006042737066751541
1.3333333333333333,0.6842105263157894,0.5263157894736842,0.0010890693424799604,0.001067997234064272,-0.005869278901710677,-0.005890351010126357
1.3333333333333333,0.6842105263157894,0.5526315789473684,0.0014559173622502313,0.0012283791951919957,-0.005502430881940407,-0.005729969048998633
1.3333333333333333,0.6842105263157894,0.5789473684210527,0.0019059768256225146,0.001394489935580241,-0.005052371418568123,-0.005563858308610387
1.3333333333333333,0.6842105263157894,0.6052631578947368,0.0024388319067672986,0.0015646434773225134,-0.004519516337423339,-0.005393704766868115
1.3333333333333333,0.6842105263157894,0.631578947368421,0.003052580385554376,0.0017376550141183094,-0.003905767858636262,-0.005220693230072319
1.3333333333333333,0.6842105263157894,0.6578947368421053,0.0037441031795938115,0.0019125878249769495,-0.0032142450645968263,-0.005045760419213679
1.3333333333333333,0.6842105263157894,0.6842105263157895,0.004509739033125557,0.002088730221349846,-0.0024486092110650812,-0.004869618022840782
1.3333333333333333,0.6842105263157894,0.7105263157894737,0.0053453476630696715,0.00226565253818875,-0.0016130005811209663,-0.004692695706001879
1.3333333333333333,0.6842105263157894,0.7368421052631579,0.006246915679618666,0.002443002732388411,-0.0007114325645719722,-0.004515345511802217
1.3333333333333333,0.6842105263157894,0.763157894736842,0.007210234810625921,0.0026203666280420006,0.000251886566435283,-0.004337981616148628
1.3333333333333333,0.6842105263157894,0.7894736842105263,0.008231397355417737,0.0027976282292082348,0.0012730491112270988,-0.0041607200149823935
1.3333333333333333,0.6842105263157894,0.8157894736842105,0.00930591125637787,0.0029745654193582267,0.0023475630121872326,-0.003983782824832402
1.3333333333333333,0.6842105263157894,0.8421052631578947,0.010430415761780058,0.0031510758846482103,0.00347206751758942,-0.003807272359542418
1.3333333333333333,0.6842105263157894,0.868421052631579,0.0116013435112492,0.0033270109757046465,0.0046429952670585615,-0.003631337268485982
1.3333333333333333,0.6842105263157894,0.8947368421052632,0.012814514193988862,0.0035022770195491004,0.005856165949798224,-0.003456071224641528
1.3333333333333333,0.6842105263157894,0.9210526315789473,0.01406730364157556,0.003676735614626837,0.007108955397384922,-0.0032816126295637914
1.3333333333333333,0.6842105263157894,0.9473684210526315,0.015357070694244492,0.0038505453269493456,0.008398722450053854,-0.0031078029172412827
1.3333333333333333,0.6842105263157894,0.9736842105263157,0.016681340496716174,0.004023584009229926,0.009722992252525537,-0.0029347642349607022
1.3333333333333333,0.6842105263157894,1.0,0.018034770121548648,0.004195648385424921,0.01107642187735801,-0.0027626998587657074
1.3333333333333333,0.7368421052631579,0.5,0.0008801525996884378,0.0009035364965536705,-0.0060781956445022,-0.006054811747636958
1.3333333333333333,0.7368421052631579,0.5263157894736842,0.001198139237760971,0.001050934123836277,-0.005760209006429666,-0.005907414120354351
1.3333333333333333,0.7368421052631579,0.5526315789473684,0.0016025123498957926,0.0012057549060749983,-0.005355835894294845,-0.0057525933381156295
1.3333333333333333,0.7368421052631579,0.5789473684210527,0.0020940625052594864,0.001365817102957903,-0.004864285738931152,-0.005592531141232726
1.3333333333333333,0.7368421052631579,0.6052631578947368,0.0026715653612540773,0.0015295974019062441,-0.00428678288293656,-0.005428750842284384
1.3333333333333333,0.7368421052631579,0.631578947368421,0.003332204583261662,0.0016959394249337033,-0.0036261436609289757,-0.005262408819256925
1.3333333333333333,0.7368421052631579,0.6578947368421053,0.004072286999292861,0.0018639642015089357,-0.002886061244897777,-0.005094384042681693
1.3333333333333333,0.7368421052631579,0.6842105263157895,0.004887716236714147,0.002033146934537509,-0.002070632007476491,-0.00492520130965312
1.3333333333333333,0.7368421052631579,0.7105263157894737,0.005773966540788008,0.0022029198727477727,-0.0011843817034026295,-0.0047554283714428556
1.3333333333333333,0.7368421052631579,0.7368421052631579,0.006726644345966825,0.0023730808035725796,-0.0002317038982238128,-0.004585267440618049
1.3333333333333333,0.7368421052631579,0.763157894736842,0.007741213968984497,0.002543188664585848,0.0007828657247938593,-0.00441515957960478
1.3333333333333333,0.7368421052631579,0.7894736842105263,0.008813252278442476,0.002713145623331979,0.0018549040342518384,-0.004245202620858649
1.3333333333333333,0.7368421052631579,0.8157894736842105,0.009939339237648632,0.0028826883299398524,0.002980990993457994,-0.004075659914250776
1.3333333333333333,0.7368421052631579,0.8421052631578947,0.011114774911371224,0.003051758117074673,0.004156426667180586,-0.003906590127115955
1.3333333333333333,0.7368421052631579,0.868421052631579,0.012335595869043054,0.003220297232627967,0.005377247624852416,-0.0037380510115626615
1.3333333333333333,0.7368421052631579,0.8947368421052632,0.013600063120713145,0.003388338357232976,0.006641714876522507,-0.003570009886957652
1.3333333333333333,0.7368421052631579,0.9210526315789473,0.014903028657596682,0.003555333210219961,0.007944680413406045,-0.003403015033970667
1.3333333333333333,0.7368421052631579,0.9473684210526315,0.01624200892979393,0.003721898957673596,0.009283660685603294,-0.003236449286517032
1.3333333333333333,0.7368421052631579,0.9736842105263157,0.01761315269414359,0.003887518873939246,0.010654804449952952,-0.0030708293702513823
1.3333333333333333,0.7368421052631579,1.0,0.019016535768028493,0.004052171735932217,0.012058187523837855,-0.002906176508258411
1.3333333333333333,0.7894736842105263,0.5,0.0009650360069597566,0.000891765533873236,-0.005993312237230881,-0.006066582710317393
1.3333333333333333,0.7894736842105263,0.5263157894736842,0.0013176874562456369,0.0010343886342759645,-0.005640660787945001,-0.005923959609914663
1.3333333333333333,0.7894736842105263,0.5526315789473684,0.0017613138791731874,0.0011838763167026207,-0.00519703436501745,-0.005774471927488008
1.3333333333333333,0.7894736842105263,0.5789473684210527,0.0022957866178016243,0.0013382005172849162,-0.0046625616263890135,-0.005620147726905712
1.3333333333333333,0.7894736842105263,0.6052631578947368,0.0029189064525870978,0.001495926688133618,-0.00403944179160354,-0.00546242155605701
1.3333333333333333,0.7894736842105263,0.631578947368421,0.00362717914446493,0.0016559585586831023,-0.003331169099725708,-0.005302389685507526
1.3333333333333333,0.7894736842105263,0.6578947368421053,0.004416302709909981,0.0018175662965470027,-0.0025420455342806568,-0.0051407819476436255
1.3333333333333333,0.7894736842105263,0.6842105263157895,0.005281595632056038,0.001980127810021905,-0.0016767526121346,-0.004978220434168724
1.3333333333333333,0.7894736842105263,0.7105263157894737,0.006218500065578686,0.0021432137547340194,-0.000739848178611952,-0.004815134489456609
1.3333333333333333,0.7894736842105263,0.7368421052631579,0.007221812850637902,0.0023065862819355654,0.0002634646064472645,-0.004651761962255063
1.3333333333333333,0.7894736842105263,0.763157894736842,0.008287316682763123,0.0024698930416977563,0.0013289684385724854,-0.004488455202492872
1.3333333333333333,0.7894736842105263,0.7894736842105263,0.009410683714049912,0.00263289128698589,0.0024523354698592747,-0.004325456957204738
1.3333333333333333,0.7894736842105263,0.8157894736842105,0.01058674757464695,0.0027956956418497786,0.0036283993304563125,-0.00416265260234085
1.3333333333333333,0.7894736842105263,0.8421052631578947,0.01181247269695402,0.0029579331522246403,0.004854124452763382,-0.004000415091965988
1.3333333333333333,0.7894736842105263,0.868421052631579,0.013084421250402822,0.0031195354715977,0.0061260730062121845,-0.0038388127725929285
1.3333333333333333,0.7894736842105263,0.8947368421052632,0.01439690302309297,0.0032804944451975187,0.0074385547789023315,-0.0036778537989931095
1.3333333333333333,0.7894736842105263,0.9210526315789473,0.01574911218778899,0.0034407336801343027,0.00879076394359835,-0.0035176145640563256
1.3333333333333333,0.7894736842105263,0.9473684210526315,0.017135870999835996,0.0036003187979001833,0.010177522755645358,-0.003358029446290445
1.3333333333333333,0.7894736842105263,0.9736842105263157,0.018557054713536227,0.0037589929421645084,0.011598706469345589,-0.00319935530202612
1.3333333333333333,0.7894736842105263,1.0,0.020004933884942205,0.003916651191708322,0.013046585640751568,-0.003041697052482306
1.3333333333333333,0.8421052631578947,0.5,0.001058835411643097,0.0008803134460384152,-0.0058995128325475404,-0.006078034798152213
1.3333333333333333,0.8421052631578947,0.5263157894736842,0.001447996313762062,0.0010183537764698342,-0.005510351930428576,-0.005939994467720794
1.3333333333333333,0.8421052631578947,0.5526315789473684,0.0019324361541234606,0.001162753317365247,-0.005025912090067177,-0.0057955949268253815
1.3333333333333333,0.8421052631578947,0.5789473684210527,0.002510984840941228,0.0013116391084347634,-0.00444736340324941,-0.005646709135755865
1.3333333333333333,0.8421052631578947,0.6052631578947368,0.0031805860004755753,0.0014636339396415642,-0.0037777622437150625,-0.005494714304549064
1.3333333333333333,0.8421052631578947,0.631578947368421,0.00393700071541785,0.0016177515894179705,-0.0030213475287727875,-0.0053405966547726575
1.3333333333333333,0.8421052631578947,0.6578947368421053,0.004775459706008617,0.0017732339187479906,-0.0021828885381820207,-0.0051851143254426375
1.3333333333333333,0.8421052631578947,0.6842105263157895,0.00569085111255248,0.0019295971527516055,-0.001267497131638158,-0.005028751091439023
1.3333333333333333,0.8421052631578947,0.7105263157894737,0.006678057382806116,0.0020863784671258942,-0.00028029086138452175,-0.004871969777064734
1.3333333333333333,0.8421052631578947,0.7368421052631579,0.007732179145209437,0.0022433782777005564,0.0007738309010187992,-0.004714969966490071
1.3333333333333333,0.8421052631578947,0.763157894736842,0.008848306360895813,0.0024002308734738507,0.0018899581167051756,-0.004558117370716777
1.3333333333333333,0.8421052631578947,0.7894736842105263,0.010021934584254582,0.002556950179834244,0.003063586340063944,-0.004401398064356384
1.3333333333333333,0.8421052631578947,0.8157894736842105,0.011248548900626851,0.002713161753350561,0.004290200656436214,-0.004245186490840067
1.3333333333333333,0.8421052631578947,0.8421052631578947,0.012524176991600425,0.00286891895340792,0.005565828747409787,-0.004089429290782708
1.3333333333333333,0.8421052631578947,0.868421052631579,0.013844778478436438,0.0030241300254852067,0.0068864302342458005,-0.003934218218705422
1.3333333333333333,0.8421052631578947,0.8947368421052632,0.015207090569620364,0.003178469357987694,0.008248742325429726,-0.0037798788862029344
1.3333333333333333,0.8421052631578947,0.9210526315789473,0.016607164377352927,0.0033323424989826233,0.00964881613316229,-0.003626005745208005
1.3333333333333333,0.8421052631578947,0.9473684210526315,0.01804240471684115,0.003485405860524331,0.011084056472650513,-0.003472942383666297
1.3333333333333333,0.8421052631578947,0.9736842105263157,0.01950810742573793,0.0036375543348225485,0.012549759181547293,-0.00332079390936808
1.3333333333333333,0.8421052631578947,1.0,0.02100533159677475,0.003788887781757762,0.014046983352584112,-0.003169460462432866
1.3333333333333333,0.894736842105263,0.5,0.001161878064079099,0.0008691975813011903,-0.005796470180111538,-0.0060891506628894376
1.3333333333333333,0.894736842105263,0.5263157894736842,0.001589265056219966,0.0010028391845154003,-0.005369083187970672,-0.005955509059675228
1.3333333333333333,0.894736842105263,0.5526315789473684,0.002115897581751199,0.0011424272505221223,-0.004842450662439438,-0.005815920993668506
1.3333333333333333,0.894736842105263,0.5789473684210527,0.002739493387176526,0.0012861470497015797,-0.004218854857014112,-0.005672201194489048
1.3333333333333333,0.894736842105263,0.6052631578947368,0.0034561657694555485,0.00143270598492288,-0.0035021824747350893,-0.005525642259267749
1.3333333333333333,0.894736842105263,0.631578947368421,0.004261146145260541,0.0015811839978349031,-0.002697202098930097,-0.005377164246355725
1.3333333333333333,0.894736842105263,0.6578947368421053,0.005148939367279382,0.0017309426379953946,-0.0018094088769112556,-0.005227405606195234
1.3333333333333333,0.894736842105263,0.6842105263157895,0.006114249892036638,0.0018814738799723925,-0.0008440983521540001,-0.005076874364218236
1.3333333333333333,0.894736842105263,0.7105263157894737,0.007151685261538599,0.0020323213970608435,0.00019333701734796076,-0.004926026847129785
1.3333333333333333,0.894736842105263,0.7368421052631579,0.008256268460142971,0.0021833014649478,0.0012979202159523334,-0.004775046779242828
1.3333333333333333,0.894736842105263,0.763157894736842,0.009422623496907688,0.0023342428890239806,0.0024642752527170506,-0.004624105355166648
1.3333333333333333,0.894736842105263,0.7894736842105263,0.010645815439284386,0.002484776764416985,0.0036874671950937483,-0.0044735714797736435
1.3333333333333333,0.894736842105263,0.8157894736842105,0.011922378832690525,0.002634993793696149,0.004964030588499887,-0.004323354450494479
1.3333333333333333,0.894736842105263,0.8421052631578947,0.013247094306636766,0.0027845817510155943,0.006288746062446128,-0.004173766493175034
1.3333333333333333,0.894736842105263,0.868421052631579,0.014615936714956722,0.0029337830385520723,0.007657588470766084,-0.004024565205638556
1.3333333333333333,0.894736842105263,0.8947368421052632,0.016026485930658946,0.003082019383376028,0.009068137686468308,-0.0038763288608146002
1.3333333333333333,0.894736842105263,0.9210526315789473,0.01747419359184556,0.0032298395899884955,0.010515845347654923,-0.0037285086542021327
1.3333333333333333,0.894736842105263,0.9473684210526315,0.018954976840546506,0.003376769179787659,0.011996628596355868,-0.003581579064402969
1.3333333333333333,0.894736842105263,0.9736842105263157,0.02046966748775888,0.0035227286866106244,0.013511319243568241,-0.003435619557580004
1.3333333333333333,0.894736842105263,1.0,0.022009517932564487,0.003668355432446425,0.015051169688373849,-0.0032899928117442034
1.3333333333333333,0.9473684210526315,0.5,0.0012744692750745207,0.0008584219312830982,-0.005683878969116117,-0.00609992631290753
1.3333333333333333,0.9473684210526315,0.5263157894736842,0.001741639634619705,0.0009878886817715744,-0.005216708609570932,-0.005970459562419054
1.3333333333333333,0.9473684210526315,0.5526315789473684,0.0023115624369388875,0.0011228716065447089,-0.00464678580725175,-0.00583547663764592
1.3333333333333333,0.9473684210526315,0.5789473684210527,0.0029810466613940604,0.0012616877332837146,-0.003977301582796577,-0.005696660510906913
1.3333333333333333,0.9473684210526315,0.6052631578947368,0.003745277587772677,0.0014031285084663073,-0.003213070656417961,-0.005555219735724321
1.3333333333333333,0.9473684210526315,0.631578947368421,0.00459894890212567,0.0015463304936172834,-0.0023593993420649682,-0.005412017750573345
1.3333333333333333,0.9473684210526315,0.6578947368421053,0.005536291554342265,0.00169063829408866,-0.0014220566898483725,-0.005267709950101968
1.3333333333333333,0.9473684210526315,0.6842105263157895,0.006551470661151592,0.0018356735001408583,-0.0004068775830390458,-0.00512267474404977
1.3333333333333333,0.9473684210526315,0.7105263157894737,0.007638954610452032,0.0019809740961576738,0.0006806063662613939,-0.0049773741480329545
1.3333333333333333,0.9473684210526315,0.7368421052631579,0.008793170149796404,0.0021263556120743017,0.001834821905605766,-0.0048319926321163265
1.3333333333333333,0.9473684210526315,0.763157894736842,0.010009261651512454,0.0022715450779533046,0.0030509134073218157,-0.004686803166237324
1.3333333333333333,0.9473684210526315,0.7894736842105263,0.011282128725862829,0.0024165009367381595,0.004323780481672191,-0.004541847307452469
1.3333333333333333,0.9473684210526315,0.8157894736842105,0.012607146740008051,0.0025609802955475817,0.005648798495817413,-0.004397367948643047
1.3333333333333333,0.9473684210526315,0.8421052631578947,0.013980189145437569,0.0027048904565011135,0.007021840901246931,-0.004253457787689515
1.3333333333333333,0.9473684210526315,0.868421052631579,0.015398419157207261,0.002848265489559471,0.008440070913016623,-0.004110082754631157
1.3333333333333333,0.9473684210526315,0.8947368421052632,0.016855622032613798,0.0029908004916696703,0.00989727378842316,-0.003967547752520958
1.3333333333333333,0.9473684210526315,0.9210526315789473,0.0183500422059524,0.00313284872462966,0.011391693961761764,-0.0038254995195609685
1.3333333333333333,0.9473684210526315,0.9473684210526315,0.019878679267073932,0.003273982465649793,0.012920331022883294,-0.0036843657785408353
1.3333333333333333,0.9473684210526315,0.9736842105263157,0.021435519842260983,0.003414579193645284,0.014477171598070345,-0.0035437690505453444
1.3333333333333333,0.9473684210526315,1.0,0.023023363575664632,0.0035543270272276033,0.016065015331473996,-0.003404021216963025
1.3333333333333333,1.0,0.5,0.0013968208099616312,0.0008479878216292331,-0.005561527434229007,-0.006110360422561395
1.3333333333333333,1.0,0.5263157894736842,0.0019051119665570828,0.0009734617346196061,-0.005053236277633555,-0.0059848865095710226
1.3333333333333333,1.0,0.5526315789473684,0.0025193273656574015,0.0011040763832813097,-0.004439020878533236,-0.005854271860909319
1.3333333333333333,1.0,0.5789473684210527,0.003235250761366596,0.0012382401001240538,-0.003723097482824042,-0.005720108144066574
1.3333333333333333,1.0,0.6052631578947368,0.004047447262508562,0.0013748395402924272,-0.002910900981682076,-0.005583508703898201
1.3333333333333333,1.0,0.631578947368421,0.0049499678470752775,0.0015130450590123928,-0.0020083803971153603,-0.005445303185178236
1.3333333333333333,1.0,0.6578947368421053,0.005936573017364874,0.0016522300992707862,-0.0010217752268257638,-0.005306118144919842
1.3333333333333333,1.0,0.6842105263157895,0.007001529420767228,0.0017920777803682839,4.318117657658993e-05,-0.005166270463822344
1.3333333333333333,1.0,0.7105263157894737,0.008138670503788338,0.0019321437928952803,0.0011803222595977002,-0.005026204451295348
1.3333333333333333,1.0,0.7368421052631579,0.009342239383068036,0.0020721805261589964,0.0023838911388773983,-0.004886167718031632
1.3333333333333333,1.0,0.763157894736842,0.010607445493607082,0.0022121054984422617,0.0036490972494164445,-0.004746242745748367
1.3333333333333333,1.0,0.7894736842105263,0.011929755271780737,0.002351629369249259,0.004971407027590099,-0.0046067188749413695
1.3333333333333333,1.0,0.8157894736842105,0.013303259917629887,0.0024907707213561274,0.006344911673439249,-0.004467577522834501
1.3333333333333333,1.0,0.8421052631578947,0.01472474793350344,0.0026293504659457992,0.0077663996893128015,-0.004328997778244829
1.3333333333333333,1.0,0.868421052631579,0.016189045511954894,0.0027673028185911577,0.009230697267764256,-0.004191045425599471
1.3333333333333333,1.0,0.8947368421052632,0.017693936657008386,0.0029044827723411063,0.010735588412817748,-0.0040538654718495215
1.3333333333333333,1.0,0.9210526315789473,0.01923442364271593,0.003041048294093041,0.012276075398525292,-0.003917299950097587
1.3333333333333333,1.0,0.9473684210526315,0.02080634853629739,0.0031770202348111085,0.013848000292106753,-0.0037813280093795198
1.3333333333333333,1.0,0.9736842105263157,0.02241133552968693,0.003312241864560512,0.015452987285496293,-0.003646106379630116
1.3333333333333333,1.0,1.0,0.02404071399743701,0.0034462634451969077,0.01708236575324637,-0.0035120847989937205
1.6666666666666665,0.0,0.5,0.0004995004995004995,0.0012181018234200085,-0.006458837375957295,-0.005740236052037782
1.6666666666666665,0.0,0.5263157894736842,0.0004995004995004995,0.0014917061209675378,-0.006458837375957295,-0.005466631754490253
1.6666666666666665,0.0,0.5526315789473684,0.0004995004995004995,0.001791423278725232,-0.006458837375957295,-0.005166914596732559
1.6666666666666665,0.0,0.5789473684210527,0.0004995004995004995,0.002111844594753207,-0.006458837375957295,-0.004846493280704583
1.6666666666666665,0.0,0.6052631578947368,0.0004995004995004995,0.0024473424463517177,-0.006458837375957295,-0.004510995429106073
1.6666666666666665,0.0,0.631578947368421,0.0004995004995004995,0.002792599552514297,-0.006458837375957295,-0.0041657383229434936
1.6666666666666665,0.0,0.6578947368421053,0.0005137056272853851,0.003142453744571212,-0.006444632248172409,-0.0038158841308865788
1.6666666666666665,0.0,0.6842105263157895,0.0006447986571947025,0.0034922550289144963,-0.006313539218263092,-0.0034660828465432943
1.6666666666666665,0.0,0.7105263157894737,0.0008222584662595873,0.0038381145961158083,-0.006136079409198207,-0.0031202232793419824
1.6666666666666665,0.0,0.7368421052631579,0.0010508980792932067,0.0041768582669376155,-0.005907439796164588,-0.002781479608520175
1.6666666666666665,0.0,0.763157894736842,0.001336141720695716,0.0045062023030692875,-0.005622196154762078,-0.002452135572388503
1.6666666666666665,0.0,0.7894736842105263,0.0016830617960092995,0.004824515833044387,-0.005275276079448494,-0.002133822042413404
1.6666666666666665,0.0,0.8157894736842105,0.0020959766121564135,0.005130940422607278,-0.004862361263301381,-0.0018273974528505129
1.6666666666666665,0.0,0.8421052631578947,0.002578071264377449,0.005425230447316082,-0.004380266611080345,-0.0015331074281417084
1.6666666666666665,0.0,0.868421052631579,0.003131412960757355,0.0057075505554542005,-0.0038269249147004393,-0.0012507873200035902
1.6666666666666665,0.0,0.8947368421052632,0.003756675703721313,0.005978185427476589,-0.003201662171736481,-0.0009801524479812014
1.6666666666666665,0.0,0.9210526315789473,0.0044536963561516265,0.006237899937560701,-0.0025046415193061677,-0.0007204379378970898
1.6666666666666665,0.0,0.9473684210526315,0.005221175785036006,0.006487084845255877,-0.0017371620904217885,-0.0004712530302019135
1.6666666666666665,0.0,0.9736842105263157,0.006056931204678718,0.006727173723645589,-0.0009014066707790759,-0.00023116415181220155
1.6666666666666665,0.0,1.0,0.006958337875457794,0.006958337875457791,0.0,0.0
1.6666666666666665,0.05263157894736842,0.5,0.0004995004995004995,0.0011999169302770308,-0.006458837375957295,-0.00575842094518076
1.6666666666666665,0.05263157894736842,0.5263157894736842,0.0004995004995004995,0.0014641040171187478,-0.006458837375957295,-0.005494233858339043
1.6666666666666665,0.05263157894736842,0.5526315789473684,0.0004995004995004995,0.0017510881566572543,-0.006458837375957295,-0.005207249718800536
1.6666666666666665,0.05263157894736842,0.5789473684210527,0.0004995004995004995,0.0020548013448252484,-0.006458837375957295,-0.004903536530632542
1.6666666666666665,0.05263157894736842,0.6052631578947368,0.0004995004995004995,0.0023691225375491445,-0.006458837375957295,-0.004589215337908646
1.6666666666666665,0.05263157894736842,0.631578947368421,0.0004997958073724045,0.0026884088738553316,-0.006458542068085389,-0.004269929001602459
1.6666666666666665,0.05263157894736842,0.6578947368421053,0.0006343260248418642,0.0030075001091606794,-0.00632401185061593,-0.003950837766297111
1.6666666666666665,0.05263157894736842,0.6842105263157895,0.0008217241632184897,0.003322120804376284,-0.006136613712239305,-0.0036362170710815067
1.6666666666666665,0.05263157894736842,0.7105263157894737,0.0010679373239339718,0.0036289613640851106,-0.005890400551523822,-0.00332937651137268
1.6666666666666665,0.05263157894736842,0.7368421052631579,0.001379600375808783,0.003925733649873418,-0.005578737499649011,-0.0030326042255843727
1.6666666666666665,0.05263157894736842,0.763157894736842,0.0017627514299295864,0.004211040631427403,-0.0051955864455282075,-0.002747297244030388
1.6666666666666665,0.05263157894736842,0.7894736842105263,0.002222317302706304,0.004484325061733747,-0.00473602057275149,-0.0024740128137240433
1.6666666666666665,0.05263157894736842,0.8157894736842105,0.0027615139508660154,0.004745456283397136,-0.004196823924591779,-0.0022128815920606547
1.6666666666666665,0.05263157894736842,0.8421052631578947,0.0033819374896097484,0.004995029938272472,-0.0035764003858480458,-0.001963307937185319
1.6666666666666665,0.05263157894736842,0.868421052631579,0.004083743241977996,0.0052337345112892005,-0.0028745946334797984,-0.0017246033641685901
1.6666666666666665,0.05263157894736842,0.8947368421052632,0.004865656618528769,0.005462104675655661,-0.002092681256929025,-0.0014962331998021293
1.6666666666666665,0.05263157894736842,0.9210526315789473,0.005725320187875199,0.005681413017571652,-0.0012330176875825953,-0.0012769248578861385
1.6666666666666665,0.05263157894736842,0.9473684210526315,0.00665924383765855,0.0058920749098126095,-0.0002990940377992444,-0.0010662629656451811
1.6666666666666665,0.05263157894736842,0.9736842105263157,0.007664144711484969,0.0060952014509492005,0.0007058068360271752,-0.0008631364245085902
1.6666666666666665,0.05263157894736842,1.0,0.008735613235859002,0.00629146211708646,0.001777275360401208,-0.0006668757583713309
1.6666666666666665,0.10526315789473684,0.5,0.0004995004995004995,0.0011794928906783155,-0.006458837375957295,-0.005778844984779475
1.6666666666666665,0.10526315789473684,0.5263157894736842,0.0004995004995004995,0.0014328960583792423,-0.006458837375957295,-0.005525441817078548
1.6666666666666665,0.10526315789473684,0.5526315789473684,0.0004995004995004995,0.00170530324846743,-0.006458837375957295,-0.005253034626990361
1.6666666666666665,0.10526315789473684,0.5789473684210527,0.0004995004995004995,0.0019900401623309276,-0.006458837375957295,-0.004968297713126863
1.6666666666666665,0.10526315789473684,0.6052631578947368,0.0004995004995004995,0.0022807706349440497,-0.006458837375957295,-0.004677567240513741
1.6666666666666665,0.10526315789473684,0.631578947368421,0.0006121436255243525,0.0025717373006150833,-0.0063461942499334414,-0.004386600574842707
1.6666666666666665,0.10526315789473684,0.6578947368421053,0.0008049301491303345,0.002858297433662696,-0.00615340772632746,-0.0041000404417950945
1.6666666666666665,0.10526315789473684,0.6842105263157895,0.0010642962392021591,0.003136944516070977,-0.005894041636255635,-0.0038213933593868135
1.6666666666666665,0.10526315789473684,0.7105263157894737,0.001398243059234799,0.0034053088733978316,-0.005560094816222995,-0.003553029002059959
1.6666666666666665,0.10526315789473684,0.7368421052631579,0.0018139371308419005,0.003662294490759644,-0.005144400744615894,-0.003296043384698147
1.6666666666666665,0.10526315789473684,0.763157894736842,0.002316751120797469,0.003907340613767215,-0.004641586754660325,-0.003050997261690576
1.6666666666666665,0.10526315789473684,0.7894736842105263,0.0029099354889287376,0.004140898478258355,-0.004048402386529057,-0.0028174393971994354
1.6666666666666665,0.10526315789473684,0.8157894736842105,0.0035945389768699005,0.004363404536639979,-0.0033637988985878936,-0.0025949333388178113
1.6666666666666665,0.10526315789473684,0.8421052631578947,0.004369571726589088,0.004575763610377762,-0.0025887661488687057,-0.0023825742650800284
1.6666666666666665,0.10526315789473684,0.868421052631579,0.005232862970189165,0.004779075649461143,-0.0017254749052686294,-0.002179262225996648
1.6666666666666665,0.10526315789473684,0.8947368421052632,0.006180523849464797,0.0049739429985094655,-0.0007778140259929968,-0.001984394876948325
1.6666666666666665,0.10526315789473684,0.9210526315789473,0.007208158849978252,0.005161285818314791,0.0002498209745204578,-0.001797052057143
1.6666666666666665,0.10526315789473684,0.9473684210526315,0.008310998278567856,0.005342147860131241,0.0013526604031100621,-0.00161619001532655
1.6666666666666665,0.10526315789473684,0.9736842105263157,0.009483917213540236,0.0055168818400181275,0.0025255793380824414,-0.0014414560354396632
1.6666666666666665,0.10526315789473684,1.0,0.010721779540785153,0.005686296563516547,0.0037634416653273594,-0.0012720413119412435
1.6666666666666665,0.15789473684210525,0.5,0.0004995004995004995,0.0011566841149778903,-0.006458837375957295,-0.0058016537604799
1.6666666666666665,0.15789473684210525,0.5263157894736842,0.0004995004995004995,0.0013978400853756384,-0.006458837375957295,-0.005560497790082152
1.6666666666666665,0.15789473684210525,0.5526315789473684,0.0004995004995004995,0.0016538373128482087,-0.006458837375957295,-0.005304500562609582
1.6666666666666665,0.15789473684210525,0.5789473684210527,0.0004995004995004995,0.0019176734982920159,-0.006458837375957295,-0.0050406643771657746
1.6666666666666665,0.15789473684210525,0.6052631578947368,0.0005792774653772385,0.002182986439703665,-0.006379060410080555,-0.004775351435754126
1.6666666666666665,0.15789473684210525,0.631578947368421,0.0007717545923112555,0.0024445230165028127,-0.006186583283146538,-0.004513814858954978
1.6666666666666665,0.15789473684210525,0.6578947368421053,0.0010384505586080413,0.002698502139711386,-0.005919887316849753,-0.004259835735746405
1.6666666666666665,0.15789473684210525,0.6842105263157895,0.001388939645668426,0.002942580406404456,-0.005569398229789368,-0.004015757469053334
1.6666666666666665,0.15789473684210525,0.7105263157894737,0.0018315777557627974,0.003175506714316853,-0.005126760119694996,-0.003782831161140938
1.6666666666666665,0.15789473684210525,0.7368421052631579,0.002372361195063793,0.003397067910476236,-0.004585976680394001,-0.0035612699649815545
1.6666666666666665,0.15789473684210525,0.763157894736842,0.003014376294481596,0.0036077590193623714,-0.003943961580976199,-0.0033505788560954193
1.6666666666666665,0.15789473684210525,0.7894736842105263,0.0037579462140976327,0.0038082196346339416,-0.0032003916613601614,-0.003150118240823849
1.6666666666666665,0.15789473684210525,0.8157894736842105,0.004601072325699455,0.003999373366152284,-0.0023572655497583394,-0.0029589645093055063
1.6666666666666665,0.15789473684210525,0.8421052631578947,0.0055401556712827964,0.004182196811415214,-0.0014181822041749977,-0.002776141064042577
1.6666666666666665,0.15789473684210525,0.868421052631579,0.006569776975604116,0.004357699151591833,-0.00038856089985367815,-0.0026006387238659574
1.6666666666666665,0.15789473684210525,0.8947368421052632,0.007684976353597448,0.00452650693452664,0.0007266384781396537,-0.002431830940931151
1.6666666666666665,0.15789473684210525,0.9210526315789473,0.00887891171452103,0.004689479816458664,0.0019205738390632365,-0.002268858058999127
1.6666666666666665,0.15789473684210525,0.9473684210526315,0.01014647558684004,0.004847224407197815,0.0031881377113822463,-0.0021111134682599755
1.6666666666666665,0.15789473684210525,0.9736842105263157,0.01148125263901056,0.005000287521488186,0.004522914763552766,-0.0019580503539696047
1.6666666666666665,0.15789473684210525,1.0,0.012877441806454278,0.005149217007746246,0.005919103930996484,-0.001809120867711545
1.6666666666666665,0.21052631578947367,0.5,0.0004995004995004995,0.001131387176471578,-0.006458837375957295,-0.005826950698986213
1.6666666666666665,0.21052631578947367,0.5263157894736842,0.0004995004995004995,0.0013588894906044076,-0.006458837375957295,-0.0055994483848533835
1.6666666666666665,0.21052631578947367,0.5526315789473684,0.0004995004995004995,0.0015969778168335347,-0.006458837375957295,-0.0053613600586242555
1.6666666666666665,0.21052631578947367,0.5789473684210527,0.0005380400465493978,0.0018385480229628002,-0.006420297828908396,-0.005119789852494991
1.6666666666666665,0.21052631578947367,0.6052631578947368,0.0007234700535908316,0.002077753229794206,-0.006234867821866962,-0.0048805846456635845
1.6666666666666665,0.21052631578947367,0.631578947368421,0.000990405223252415,0.002310293455334746,-0.005967932652205379,-0.0046480444201230445
1.6666666666666665,0.21052631578947367,0.6578947368421053,0.0013500390223981818,0.002533565295168954,-0.005608298853059612,-0.0044247725802888365
1.6666666666666665,0.21052631578947367,0.6842105263157895,0.0018122755142193946,0.00274639845266819,-0.005146062361238399,-0.004211939422789601
1.6666666666666665,0.21052631578947367,0.7105263157894737,0.002383794425996035,0.0029485362021234108,-0.004574543449461759,-0.00400980167333438
1.6666666666666665,0.21052631578947367,0.7368421052631579,0.003067637944889498,0.0031404519778447876,-0.003890699930568296,-0.003817885897613003
1.6666666666666665,0.21052631578947367,0.763157894736842,0.003863277083758423,0.0033230265254501077,-0.003095060791699371,-0.003635311350007683
1.6666666666666665,0.21052631578947367,0.7894736842105263,0.004767486052004121,0.0034971022575113345,-0.002190851823453673,-0.003461235617946456
1.6666666666666665,0.21052631578947367,0.8157894736842105,0.005775131745203107,0.00366361227576889,-0.0011832061302546873,-0.0032947255996889006
1.6666666666666665,0.21052631578947367,0.8421052631578947,0.006879936346722602,0.0038234609845442993,-7.840152873519243e-05,-0.0031348768909134914
1.6666666666666665,0.21052631578947367,0.868421052631579,0.008074969261854803,0.003977407576495465,0.0011166313863970089,-0.002980930298962326
1.6666666666666665,0.21052631578947367,0.8947368421052632,0.00935309663079011,0.004125993166805928,0.0023947587553323152,-0.0028323447086518625
1.6666666666666665,0.21052631578947367,0.9210526315789473,0.010707385876414375,0.004269935928784536,0.003749048000956581,-0.0026884019466732545
1.6666666666666665,0.21052631578947367,0.9473684210526315,0.012131938258325157,0.004410043358836745,0.005173600382867362,-0.002548294516621046
1.6666666666666665,0.21052631578947367,0.9736842105263157,0.013619252410062024,0.004545978288385283,0.00666091453460423,-0.002412359587072508
1.6666666666666665,0.21052631578947367,1.0,0.015163945727793525,0.004678761610636923,0.00820560785233573,-0.0022795762648208677
1.6666666666666665,0.2631578947368421,0.5,0.0004995004995004995,0.0011036582300826409,-0.006458837375957295,-0.00585467964537515
1.6666666666666665,0.2631578947368421,0.5263157894736842,0.0004995004995004995,0.001316346439301183,-0.006458837375957295,-0.005641991436156608
1.6666666666666665,0.2631578947368421,0.5526315789473684,0.0004995004995004995,0.0015354716344890458,-0.006458837375957295,-0.005422866240968745
1.6666666666666665,0.2631578947368421,0.5789473684210527,0.0006629188473492481,0.0017543870936658772,-0.006295419028108546,-0.005203950781791913
1.6666666666666665,0.2631578947368421,0.6052631578947368,0.0009218193805944857,0.0019681706632576563,-0.006036518494863309,-0.004990167212200134
1.6666666666666665,0.2631578947368421,0.631578947368421,0.001281803851650854,0.002173761453562382,-0.00567653402380694,-0.004784576421895409
1.6666666666666665,0.2631578947368421,0.6578947368421053,0.0017545995998800889,0.0023697151610154654,-0.005203738275577705,-0.004588622714442325
1.6666666666666665,0.2631578947368421,0.6842105263157895,0.0023479556571616685,0.002555844916582348,-0.004610382218296126,-0.004402492958875443
1.6666666666666665,0.2631578947368421,0.7105263157894737,0.003064795999499027,0.002732492579081621,-0.0038935418759587673,-0.004225845296376169
1.6666666666666665,0.2631578947368421,0.7368421052631579,0.003903910088439004,0.0029004734103225613,-0.00305442778701879,-0.004057864465135229
1.6666666666666665,0.2631578947368421,0.763157894736842,0.004860809262566894,0.0030606655859167563,-0.0020975286128909,-0.0038976722895410344
1.6666666666666665,0.2631578947368421,0.7894736842105263,0.0059287303237710596,0.003213973927810048,-0.0010296075516867346,-0.0037443639476477425
1.6666666666666665,0.2631578947368421,0.8157894736842105,0.007100533306537848,0.003361144507590207,0.00014219543108005394,-0.0035971933678675834
1.6666666666666665,0.2631578947368421,0.8421052631578947,0.008367545463628258,0.0035030975441370676,0.0014092075881704637,-0.003455240331320723
1.6666666666666665,0.2631578947368421,0.868421052631579,0.00972229061241685,0.0036401061602500773,0.0027639527369590555,-0.0033182317152077134
1.6666666666666665,0.2631578947368421,0.8947368421052632,0.011156440910191266,0.0037730822740408097,0.004198103034733472,-0.003185255601416981
1.6666666666666665,0.2631578947368421,0.9210526315789473,0.012662896625346417,0.003902108042908834,0.005704558749888623,-0.0030562298325489566
1.6666666666666665,0.2631578947368421,0.9473684210526315,0.014233669500941362,0.004028063941343652,0.007275331625483568,-0.002930273934114139
1.6666666666666665,0.2631578947368421,0.9736842105263157,0.015865361336336245,0.00415075574511092,0.00890702346087845,-0.0028075821303468708
1.6666666666666665,0.2631578947368421,1.0,0.01754932977086095,0.004270531357705662,0.010590991895403155,-0.0026878065177521285
1.6666666666666665,0.3157894736842105,0.5,0.0004995004995004995,0.0010737057773761959,-0.006458837375957295,-0.005884632098081595
1.6666666666666665,0.3157894736842105,0.5263157894736842,0.0004995004995004995,0.0012708181533075931,-0.006458837375957295,-0.0056875197221501975
1.6666666666666665,0.3157894736842105,0.5526315789473684,0.0005945575148544254,0.001470759817676796,-0.006363780360603369,-0.005487578057780995
1.6666666666666665,0.3157894736842105,0.5789473684210527,0.0008363293886312492,0.0016677440930660628,-0.006122008486826545,-0.0052905937823917275
1.6666666666666665,0.3157894736842105,0.6052631578947368,0.001186624846570737,0.0018580410435136056,-0.005771713028887057,-0.005100296831944185
1.6666666666666665,0.3157894736842105,0.631578947368421,0.0016594239195741986,0.0020398478809452824,-0.005298913955883595,-0.004918489994512509
1.6666666666666665,0.3157894736842105,0.6578947368421053,0.002263961259972239,0.0022126318932335926,-0.004694376615485555,-0.004745705982224198
1.6666666666666665,0.3157894736842105,0.6842105263157895,0.0030035022824416273,0.0023767179740899146,-0.003954835593016167,-0.0045816199013678765
1.6666666666666665,0.3157894736842105,0.7105263157894737,0.0038761134185039013,0.00253279314041285,-0.003082224456953893,-0.004425544735044941
1.6666666666666665,0.3157894736842105,0.7368421052631579,0.004876107939988176,0.0026816862632413688,-0.002082229935469618,-0.004276651612216422
1.6666666666666665,0.3157894736842105,0.763157894736842,0.005995456542229074,0.002824258116747836,-0.0009628813332287203,-0.004134079758709955
1.6666666666666665,0.3157894736842105,0.7894736842105263,0.0072251102044319695,0.0029611796190687064,0.00026677232897417535,-0.003997158256389084
1.6666666666666665,0.3157894736842105,0.8157894736842105,0.00855597962180317,0.003093076489551494,0.0015976417463453756,-0.0038652613859062965
1.6666666666666665,0.3157894736842105,0.8421052631578947,0.009979208375833689,0.003220712742057581,0.0030208705003758945,-0.0037376251334002098
1.6666666666666665,0.3157894736842105,0.868421052631579,0.011485528039188998,0.0033444400659471104,0.0045271901637312035,-0.0036138978095106803
1.6666666666666665,0.3157894736842105,0.8947368421052632,0.013067450325414214,0.0034645980591696745,0.00610911244995642,-0.003493739816288116
1.6666666666666665,0.3157894736842105,0.9210526315789473,0.014716741604237069,0.0035818233643860934,0.007758403728779274,-0.0033765145110716973
1.6666666666666665,0.3157894736842105,0.9473684210526315,0.016427209572153403,0.003696014966813944,0.009468871696695608,-0.0032623229086438466
1.6666666666666665,0.3157894736842105,0.9736842105263157,0.018191300082754512,0.0038076849421620268,0.011232962207296717,-0.003150652933295764
1.6666666666666665,0.3157894736842105,1.0,0.02000489875692167,0.003916658053419162,0.013046560881463876,-0.0030416798220386284
1.6666666666666665,0.3684210526315789,0.5,0.0004995004995004995,0.001042015555759312,-0.006458837375957295,-0.0059163223196984785
1.6666666666666665,0.3684210526315789,0.5263157894736842,0.0005244153929107923,0.0012233473337682787,-0.006433922482547002,-0.0057349905416895115
1.6666666666666665,0.3684210526315789,0.5526315789473684,0.0007394405282835219,0.001404715341720957,-0.006218897347174272,-0.005553622533736834
1.6666666666666665,0.3684210526315789,0.5789473684210527,0.0010690966246713438,0.001581471483326977,-0.0058892412507864506,-0.005376866392130813
1.6666666666666665,0.3684210526315789,0.6052631578947368,0.0015300141157655015,0.0017510961360410102,-0.005428323759692292,-0.005207241739416781
1.6666666666666665,0.3684210526315789,0.631578947368421,0.0021336535626404855,0.0019127075515680578,-0.004824684312817309,-0.005045630323889733
1.6666666666666665,0.3684210526315789,0.6578947368421053,0.0028840949214419195,0.00206636042434275,-0.004074242954015875,-0.004891977451115041
1.6666666666666665,0.3684210526315789,0.6842105263157895,0.003778915946622382,0.0022126232023776137,-0.003179421928835412,-0.0047457146730801765
1.6666666666666665,0.3684210526315789,0.7105263157894737,0.00481147183625032,0.0023522013759628693,-0.002146866039207474,-0.004606136499494921
1.6666666666666665,0.3684210526315789,0.7368421052631579,0.005972233895563599,0.002485844346456825,-0.0009861039798941948,-0.0044724935290009656
1.6666666666666665,0.3684210526315789,0.763157894736842,0.007250803350975471,0.002614164153851029,0.0002924654755176769,-0.004344173721606762
1.6666666666666665,0.3684210526315789,0.7894736842105263,0.008637247090419464,0.002738032123943978,0.0016789092149616701,-0.004220305751513813
1.6666666666666665,0.3684210526315789,0.8157894736842105,0.010120601990101653,0.0028577075486485273,0.003162264114643859,-0.004100630326809263
1.6666666666666665,0.3684210526315789,0.8421052631578947,0.011692049923776945,0.0029735828326378512,0.004733712048319151,-0.00398475504281994
1.6666666666666665,0.3684210526315789,0.868421052631579,0.013342101400012792,0.003086283318096622,0.006383763524554998,-0.0038720545573611687
1.6666666666666665,0.3684210526315789,0.8947368421052632,0.015063394804751284,0.0031962246299003247,0.008105056929293489,-0.003762113245557466
1.6666666666666665,0.3684210526315789,0.9210526315789473,0.016847184798362065,0.0033032331136003835,0.00988884692290427,-0.003655104761857407
1.6666666666666665,0.3684210526315789,0.9473684210526315,0.018688990229286537,0.003407901489668029,0.011730652353828742,-0.003550436385789762
1.6666666666666665,0.3684210526315789,0.9736842105263157,0.020579954408238496,0.0035101765940876418,0.013621616532780701,-0.003448161281370149
1.6666666666666665,0.3684210526315789,1.0,0.02251644153179041,0.0036105610435336276,0.015558103656332613,-0.003347776831924163
1.6666666666666665,0.42105263157894735,0.5,0.0004995004995004995,0.0010092494205103497,-0.006458837375957295,-0.005949088454947441
1.6666666666666665,0.42105263157894735,0.5263157894736842,0.0006384362434420332,0.0011752459248923052,-0.006319901632015761,-0.0057830919505654855
1.6666666666666665,0.42105263157894735,0.5526315789473684,0.0009360466931732343,0.0013393947133290502,-0.00602229118228456,-0.0056189431621287405
1.6666666666666665,0.42105263157894735,0.5789473684210527,0.0013721946866582049,0.0014982490198977006,-0.005586143188799589,-0.00546008885556009
1.6666666666666665,0.42105263157894735,0.6052631578947368,0.0019614534816330582,0.0016502660810762877,-0.004996884393824736,-0.0053080717943815026
1.6666666666666665,0.42105263157894735,0.631578947368421,0.002709578562204565,0.0017951027707371423,-0.004248759313253229,-0.005163235104720648
1.6666666666666665,0.42105263157894735,0.6578947368421053,0.003614189798359314,0.0019331103020422385,-0.0033441480770984803,-0.005025227573415552
1.6666666666666665,0.42105263157894735,0.6842105263157895,0.004667592303204481,0.0020649139579432076,-0.0022907455722533127,-0.004893423917514583
1.6666666666666665,0.42105263157894735,0.7105263157894737,0.005859225968551566,0.0021911266644286734,-0.001099111906906228,-0.004767211211029117
1.6666666666666665,0.42105263157894735,0.7368421052631579,0.00717702079590537,0.0023123534928627845,0.00021868292044757622,-0.004645984382595007
1.6666666666666665,0.42105263157894735,0.763157894736842,0.008609439359768246,0.0024291805739230163,0.0016511014843104523,-0.004529157301534774
1.6666666666666665,0.42105263157894735,0.7894736842105263,0.010145715706409405,0.0025421550900856507,0.0031873778309516104,-0.00441618278537214
1.6666666666666665,0.42105263157894735,0.8157894736842105,0.011774078882093458,0.0026516921025312003,0.0048157410066356635,-0.00430664577292659
1.6666666666666665,0.42105263157894735,0.8421052631578947,0.01348641283641654,0.00275803698199013,0.006528074960958746,-0.004200300893467661
1.6666666666666665,0.42105263157894735,0.868421052631579,0.015273182981914362,0.002861596041431322,0.008314845106456567,-0.004096741834026469
1.6666666666666665,0.42105263157894735,0.8947368421052632,0.017126104054792583,0.0029625342574926203,0.010167766179334788,-0.00399580361796517
1.6666666666666665,0.42105263157894735,0.9210526315789473,0.01903648595801257,0.003061142215514867,0.012078148082554776,-0.0038971956599429237
1.6666666666666665,0.42105263157894735,0.9473684210526315,0.021002301028138756,0.00315748822347266,0.014043963152680961,-0.0038008496519851306
1.6666666666666665,0.42105263157894735,0.9736842105263157,0.023013042871236164,0.0032520193109956412,0.01605470499577837,-0.0037063185644621494
1.6666666666666665,0.42105263157894735,1.0,0.02506320898908299,0.003344551389271583,0.018104871113625194,-0.0036137864861862075
1.6666666666666665,0.47368421052631576,0.5,0.000542084303053205,0.0009762120632843445,-0.006416253572404589,-0.005982125812173446
1.6666666666666665,0.47368421052631576,0.5263157894736842,0.0007963289390527205,0.0011278767284863362,-0.006162008936405073,-0.005830461146971454
1.6666666666666665,0.47368421052631576,0.5526315789473684,0.0011942101046555098,0.0012766357311613378,-0.005764127770802284,-0.005681702144296453
1.6666666666666665,0.47368421052631576,0.5789473684210527,0.0017544943783409034,0.0014201083604233767,-0.005203843497116891,-0.005538229515034414
1.6666666666666665,0.47368421052631576,0.6052631578947368,0.0024857012632517276,0.0015573090939738367,-0.0044726366122060665,-0.005401028781483954
1.6666666666666665,0.47368421052631576,0.631578947368421,0.0033863591089030066,0.0016883012506815022,-0.0035719787665547875,-0.0052700366247762885
1.6666666666666665,0.47368421052631576,0.6578947368421053,0.004448040743828226,0.0018134946742823718,-0.0025102971316295682,-0.005144843201175419
1.6666666666666665,0.47368421052631576,0.6842105263157895,0.005658867871419846,0.0019333959319707654,-0.0012994700040379484,-0.005024941943487025
1.6666666666666665,0.47368421052631576,0.7105263157894737,0.0070056656978355804,0.0020485605684367326,4.7327822377786315e-05,-0.0049097773070210585
1.6666666666666665,0.47368421052631576,0.7368421052631579,0.008475146049557916,0.002159543989903133,0.001516808174100122,-0.004798793885554658
1.6666666666666665,0.47368421052631576,0.763157894736842,0.010055401899936391,0.00226684930397062,0.003097064024478597,-0.004691488571487171
1.6666666666666665,0.47368421052631576,0.7894736842105263,0.011733948300565785,0.0023706816267867487,0.004775610425107991,-0.004587656248671042
1.6666666666666665,0.47368421052631576,0.8157894736842105,0.013501604993482111,0.0024716273756543415,0.006543267118024317,-0.004486710499803449
1.6666666666666665,0.47368421052631576,0.8421052631578947,0.015346812563863011,0.0025696589508566667,0.008388474688405218,-0.004388678924601124
1.6666666666666665,0.47368421052631576,0.868421052631579,0.017263576681620443,0.0026654490811482143,0.010305238806162648,-0.004292888794309576
1.6666666666666665,0.47368421052631576,0.8947368421052632,0.019241255491862723,0.002758828710507668,0.012282917616404928,-0.004199509164950123
1.6666666666666665,0.47368421052631576,0.9210526315789473,0.021273773508663447,0.002849916740942419,0.014315435633205652,-0.004108421134515372
1.6666666666666665,0.47368421052631576,0.9473684210526315,0.023353097307594384,0.002939485029119223,0.01639475943213659,-0.004018852846338568
1.6666666666666665,0.47368421052631576,0.9736842105263157,0.025476922461350603,0.00302703164049872,0.018518584585892808,-0.00393130623495907
1.6666666666666665,0.47368421052631576,1.0,0.02763966780450345,0.003112896102690697,0.020681329929045655,-0.0038454417727670936
1.6666666666666665,0.5263157894736842,0.5,0.0006604195311049127,0.0009437576795780065,-0.006297918344352882,-0.006014580195879784
1.6666666666666665,0.5263157894736842,0.5263157894736842,0.001006707654347906,0.0010824245089719991,-0.0059516302211098885,-0.005875913366485791
1.6666666666666665,0.5263157894736842,0.5526315789473684,0.0015224625879287908,0.001217779970497334,-0.005435875287529004,-0.005740557904960457
1.6666666666666665,0.5263157894736842,0.5789473684210527,0.002220876329222604,0.0013481252448258893,-0.00473746154623519,-0.005610212630631902
1.6666666666666665,0.5263157894736842,0.6052631578947368,0.0031023021290753276,0.001472963512642723,-0.0038560357463824665,-0.005485374362815067
1.6666666666666665,0.5263157894736842,0.631578947368421,0.004158304111896065,0.001592429492910487,-0.002800033763561729,-0.005365908382547304
1.6666666666666665,0.5263157894736842,0.6578947368421053,0.005375880714608661,0.0017069454794410733,-0.0015824571608491333,-0.005251392396016717
1.6666666666666665,0.5263157894736842,0.6842105263157895,0.006740394374149725,0.001816950011249443,-0.0002179435013080688,-0.005141387864208348
1.6666666666666665,0.5263157894736842,0.7105263157894737,0.008237095339138445,0.001922871525277829,0.0012787574636806505,-0.005035466350179962
1.6666666666666665,0.5263157894736842,0.7368421052631579,0.009852654139050943,0.002025271955912163,0.002894316263593149,-0.0049330659195456275
1.6666666666666665,0.5263157894736842,0.763157894736842,0.011573780711223045,0.0021243502578472424,0.00461544283576525,-0.004833987617610548
1.6666666666666665,0.5263157894736842,0.7894736842105263,0.013389630334989116,0.0022205127142222196,0.006431292459531322,-0.004737825161235571
1.6666666666666665,0.5263157894736842,0.8157894736842105,0.015288990468632361,0.0023140095135109878,0.008330652593174566,-0.004644328361946803
1.6666666666666665,0.5263157894736842,0.8421052631578947,0.017261901433278645,0.0024049811780701624,0.01030356355782085,-0.004553356697387628
1.6666666666666665,0.5263157894736842,0.868421052631579,0.019301613065718065,0.0024937722894265235,0.01234327519026027,-0.004464565586031267
1.6666666666666665,0.5263157894736842,0.8947368421052632,0.021397216554892337,0.002580687139519893,0.014438878679434542,-0.004377650735937898
1.6666666666666665,0.5263157894736842,0.9210526315789473,0.02354676535072312,0.002665480177020752,0.016588427475265326,-0.004292857698437039
1.6666666666666665,0.5263157894736842,0.9473684210526315,0.025739073443221377,0.0027487229640331752,0.018780735567763582,-0.004209614911424615
1.6666666666666665,0.5263157894736842,0.9736842105263157,0.027969396086324094,0.0028301961931943716,0.0210110582108663,-0.0041281416822634195
1.6666666666666665,0.5263157894736842,1.0,0.030232470444379288,0.002909924199592357,0.023274132568921493,-0.004048413675865434
1.6666666666666665,0.5789473684210527,0.5,0.0008220805223837658,0.0009125719105372378,-0.006136257353074028,-0.006045765964920553
1.6666666666666665,0.5789473684210527,0.5263157894736842,0.0012776662204951425,0.0010397103648894831,-0.005680671654962652,-0.005918627510568307
1.6666666666666665,0.5789473684210527,0.5526315789473684,0.0019261234685885107,0.0011635024216112735,-0.005032214406869283,-0.005794835453846518
1.6666666666666665,0.5789473684210527,0.5789473684210527,0.002771673439034407,0.0012827443460697698,-0.004186664436423387,-0.005675593529388021
1.6666666666666665,0.5789473684210527,0.6052631578947368,0.003806664702678512,0.0013971612127725798,-0.003151673172779282,-0.005561176662685211
1.6666666666666665,0.5789473684210527,0.631578947368421,0.005017178482459776,0.0015069509678985482,-0.0019411593929980183,-0.005451386907559242
1.6666666666666665,0.5789473684210527,0.6578947368421053,0.006387028231553883,0.0016124657353828406,-0.000571309643903911,-0.00534587214007495
1.6666666666666665,0.5789473684210527,0.6842105263157895,0.00790028489115967,0.0017140795388086213,0.0009419470157018767,-0.005244258336649169
1.6666666666666665,0.5789473684210527,0.7105263157894737,0.009541869103618338,0.0018121593644202009,0.0025835312281605434,-0.00514617851103759
1.6666666666666665,0.5789473684210527,0.7368421052631579,0.011297105687460843,0.0019070714153275568,0.004338767812003049,-0.005051266460130234
1.6666666666666665,0.5789473684210527,0.763157894736842,0.013153831929369891,0.001999095945878382,0.006195494053912097,-0.004959241929579409
1.6666666666666665,0.5789473684210527,0.7894736842105263,0.015100088989432364,0.0020885409358717398,0.008141751113974569,-0.0048697969395860505
1.6666666666666665,0.5789473684210527,0.8157894736842105,0.017125916676239465,0.0021755681551959083,0.01016757880078167,-0.004782769720261882
1.6666666666666665,0.5789473684210527,0.8421052631578947,0.01922074372960474,0.002260461320371469,0.012262405854146945,-0.004697876555086322
1.6666666666666665,0.5789473684210527,0.868421052631579,0.021377512466987325,0.0023432438951915026,0.01441917459152953,-0.004615093980266288
1.6666666666666665,0.5789473684210527,0.8947368421052632,0.023589182064632737,0.002424298036366888,0.016630844189174942,-0.004534039839090903
1.6666666666666665,0.5789473684210527,0.9210526315789473,0.025844820538586943,0.002503417239536839,0.01888648266312915,-0.0044549206359209515
1.6666666666666665,0.5789473684210527,0.9473684210526315,0.02814355144626657,0.0025810351414488125,0.021185213570808777,-0.004377302734008978
1.6666666666666665,0.5789473684210527,0.9736842105263157,0.030479005405651235,0.0026573116948730713,0.02352066753019344,-0.004301026180584719
1.6666666666666665,0.5789473684210527,1.0,0.03283856705371449,0.002732044380766374,0.025880229178256695,-0.004226293494691417
1.6666666666666665,0.631578947368421,0.5,0.0010345324668093905,0.0008831494907449673,-0.005923805408648404,-0.006075188384712824
1.6666666666666665,0.631578947368421,0.5263157894736842,0.0016151400822239379,0.0010002037061984561,-0.005343197793233856,-0.005958134169259334
1.6666666666666665,0.631578947368421,0.5526315789473684,0.002406532926603897,0.0011140520815532593,-0.004551804948853897,-0.005844285793904532
1.6666666666666665,0.631578947368421,0.5789473684210527,0.003403410225671656,0.0012238340242653977,-0.0035549276497861384,-0.005734503851192393
1.6666666666666665,0.631578947368421,0.6052631578947368,0.004591579753699462,0.0013294173910048607,-0.0023667581217583318,-0.00562892048445293
1.6666666666666665,0.631578947368421,0.631578947368421,0.005953553071615986,0.0014309634311999078,-0.001004784803841808,-0.005527374444257883
1.6666666666666665,0.631578947368421,0.6578947368421053,0.007471519096469509,0.0015287310616063604,0.0005131812210117147,-0.005429606813851431
1.6666666666666665,0.631578947368421,0.6842105263157895,0.009128437543193223,0.0016231052770923917,0.0021700996677354286,-0.005335232598365399
1.6666666666666665,0.631578947368421,0.7105263157894737,0.010909087545454752,0.0017143635518748757,0.003950749669996958,-0.005243974323582915
1.6666666666666665,0.631578947368421,0.7368421052631579,0.012799015355869362,0.0018028408529991223,0.005840677480411568,-0.005155497022458669
1.6666666666666665,0.631578947368421,0.763157894736842,0.014785819159244939,0.0018887117801044979,0.007827481283787144,-0.005069626095353293
1.6666666666666665,0.631578947368421,0.7894736842105263,0.016856801428809222,0.001972262277387156,0.009898463553351427,-0.004986075598070634
1.6666666666666665,0.631578947368421,0.8157894736842105,0.019004546925375693,0.002053631408232663,0.012046209049917898,-0.0049047064672251275
1.6666666666666665,0.631578947368421,0.8421052631578947,0.021215765248255823,0.0021330250129724714,0.014257427372798028,-0.004825312862485319
1.6666666666666665,0.631578947368421,0.868421052631579,0.023486708758471753,0.002210438602782995,0.016528370883013958,-0.004747899272674796
1.6666666666666665,0.631578947368421,0.8947368421052632,0.02580595084023244,0.0022864062137436768,0.018847612964774645,-0.004671931661714114
1.6666666666666665,0.631578947368421,0.9210526315789473,0.028169312285935326,0.0023606623056098308,0.02121097441047753,-0.0045976755698479595
1.6666666666666665,0.631578947368421,0.9473684210526315,0.030566416824754805,0.0024333639780610926,0.02360807894929701,-0.0045249738973966985
1.6666666666666665,0.631578947368421,0.9736842105263157,0.03300091947447551,0.0025045583859092425,0.026042581599017716,-0.004453779489548548
1.6666666666666665,0.631578947368421,1.0,0.035455648906970144,0.0025747831493506314,0.02849731103151235,-0.004383554726107159
1.6666666666666665,0.6842105263157894,0.5,0.0013041382434457564,0.0008557797050156278,-0.005654199632012038,-0.006102558170442163
1.6666666666666665,0.6842105263157894,0.5263157894736842,0.00202174172618774,0.000964017640660014,-0.004936596149270054,-0.005994320234797777
1.6666666666666665,0.6842105263157894,0.5526315789473684,0.0029616322061030605,0.0010693106523276695,-0.003996705669354734,-0.005889027223130121
1.6666666666666665,0.6842105263157894,0.5789473684210527,0.004110396355990706,0.0011709879949187798,-0.002847941519467088,-0.00578734988053901
1.6666666666666665,0.6842105263157894,0.6052631578947368,0.005449335307535353,0.0012689647164526032,-0.0015090025679224415,-0.005689373159005188
1.6666666666666665,0.6842105263157894,0.631578947368421,0.006958702323053723,0.0013633818332934727,3.6444759592916404e-07,-0.005594956042164318
1.6666666666666665,0.6842105263157894,0.6578947368421053,0.008620167445790701,0.0014544928515507838,0.0016618295703329069,-0.005503845023907007
1.6666666666666665,0.6842105263157894,0.6842105263157895,0.010415990715627656,0.0015425666109471462,0.003457652840169862,-0.005415771264510644
1.6666666666666665,0.6842105263157894,0.7105263157894737,0.012330543486870373,0.001627870324283661,0.005372205611412579,-0.00533046755117413
1.6666666666666665,0.6842105263157894,0.7368421052631579,0.014350334447996676,0.001710633550109108,0.007391996572538881,-0.005247704325348683
1.6666666666666665,0.6842105263157894,0.763157894736842,0.016461546069150474,0.001791069949790879,0.009503208193692679,-0.005167267925666912
1.6666666666666665,0.6842105263157894,0.7894736842105263,0.01865364280154723,0.0018693564415102506,0.011695304926089434,-0.0050889814339475405
1.6666666666666665,0.6842105263157894,0.8157894736842105,0.020918573138166092,0.0019456899285949486,0.013960235262708297,-0.005012647946862842
1.6666666666666665,0.6842105263157894,0.8421052631578947,0.023243570294784216,0.0020201967345911988,0.01628523241932642,-0.004938141140866592
1.6666666666666665,0.6842105263157894,0.868421052631579,0.02562117941265001,0.0020930053133959223,0.018662841537192214,-0.004865332562061868
1.6666666666666665,0.6842105263157894,0.8947368421052632,0.028046455400434045,0.0021641900464805888,0.02108811752497625,-0.0047941478289772015
1.6666666666666665,0.6842105263157894,0.9210526315789473,0.03051010951641591,0.0022339871377373274,0.023551771640958116,-0.004724350737720463
1.6666666666666665,0.6842105263157894,0.9473684210526315,0.033003619933521036,0.0023023677634814938,0.02604528205806324,-0.004655970111976297
1.6666666666666665,0.6842105263157894,0.9736842105263157,0.035532143075451536,0.0023692668693078177,0.02857380519999374,-0.004589071006149973
1.6666666666666665,0.6842105263157894,1.0,0.03807952219765762,0.002435160012997625,0.031121184322199822,-0.0045231778624601655
1.6666666666666665,0.7368421052631579,0.5,0.0016348040944222909,0.0008305521261016774,-0.005323533781035504,-0.006127785749356113
1.6666666666666665,0.7368421052631579,0.5263157894736842,0.00249683579177387,0.0009311125379579214,-0.0044615020836839235,-0.006027225337499869
1.6666666666666665,0.7368421052631579,0.5526315789473684,0.0035869333068268027,0.0010289763113217627,-0.0033714045686309914,-0.005929361564136028
1.6666666666666665,0.7368421052631579,0.5789473684210527,0.004885778780341894,0.0011236260053267178,-0.0020725590951159003,-0.0058347118701310725
1.6666666666666665,0.7368421052631579,0.6052631578947368,0.0063721114969374345,0.0012149935575416744,-0.0005862263785203596,-0.005743344317916116
1.6666666666666665,0.7368421052631579,0.631578947368421,0.008024772691791844,0.0013032013053787712,0.0010664348163340496,-0.005655136570079019
1.6666666666666665,0.7368421052631579,0.6578947368421053,0.009825113945390882,0.0013884275541460984,0.0028667760699330877,-0.0055699103213116925
1.6666666666666665,0.7368421052631579,0.6842105263157895,0.011755350898854086,0.001470935359145461,0.004797013023396292,-0.005487402516312329
1.6666666666666665,0.7368421052631579,0.7105263157894737,0.013799759290002763,0.0015509974671445046,0.006841421414544969,-0.005407340408313286
1.6666666666666665,0.7368421052631579,0.7368421052631579,0.015944584934909623,0.0016286952774666077,0.008986247059451828,-0.005329642597991183
1.6666666666666665,0.7368421052631579,0.763157894736842,0.018175804339738935,0.0017043160230807183,0.01121746646428114,-0.005254021852377073
1.6666666666666665,0.7368421052631579,0.7894736842105263,0.020485464193052923,0.0017779376532921659,0.013527126317595128,-0.005180400222165624
1.6666666666666665,0.7368421052631579,0.8157894736842105,0.022861239349266677,0.0018497757608604037,0.01590290147380888,-0.005108562114597387
1.6666666666666665,0.7368421052631579,0.8421052631578947,0.025293146210961875,0.0019198262460918304,0.01833480833550408,-0.00503851162936596
1.6666666666666665,0.7368421052631579,0.868421052631579,0.027778197803627114,0.0019883059623585705,0.02081985992816932,-0.00497003191309922
1.6666666666666665,0.7368421052631579,0.8947368421052632,0.0303028081464935,0.0020553678015974145,0.023344470271035703,-0.004902970073860376
1.6666666666666665,0.7368421052631579,0.9210526315789473,0.03286364542768491,0.0021212345357868607,0.025905307552227117,-0.00483710333967093
1.6666666666666665,0.7368421052631579,0.9473684210526315,0.03544903523701634,0.002185625062295774,0.028490697361558546,-0.004772712813162017
1.6666666666666665,0.7368421052631579,0.9736842105263157,0.03806668355476796,0.0022488515651681376,0.031108345679310163,-0.004709486310289653
1.6666666666666665,0.7368421052631579,1.0,0.04070162678731418,0.0023107123509907295,0.033743288911856385,-0.004647625524467061
1.6666666666666665,0.7894736842105263,0.5,0.002027558123576226,0.000807442240897995,-0.004930779751881568,-0.006150895634559795
1.6666666666666665,0.7894736842105263,0.5263157894736842,0.0030374244427703945,0.0009012557331198726,-0.0039209134326874,-0.006057082142337918
1.6666666666666665,0.7894736842105263,0.5526315789473684,0.004276999458949893,0.0009926387318324142,-0.002681338416507901,-0.005965699143625377
1.6666666666666665,0.7894736842105263,0.5789473684210527,0.005723128715419335,0.0010811539560808677,-0.0012352091600384592,-0.005877183919376923
1.6666666666666665,0.7894736842105263,0.6052631578947368,0.0073530767491768335,0.0011667198356006593,0.00039473887371903934,-0.005791618039857132
1.6666666666666665,0.7894736842105263,0.631578947368421,0.009144862855937928,0.0012494587587117331,0.002186524980480134,-0.005708879116746057
1.6666666666666665,0.7894736842105263,0.6578947368421053,0.011079955936838175,0.0013295366140511045,0.004121618061380381,-0.005628801261406686
1.6666666666666665,0.7894736842105263,0.6842105263157895,0.013139656412904812,0.0014071196622857003,0.006181318537447018,-0.00555121821317209
1.6666666666666665,0.7894736842105263,0.7105263157894737,0.015309809850215687,0.001482438172890091,0.008351471974757892,-0.0054758997025676995
1.6666666666666665,0.7894736842105263,0.7368421052631579,0.017575810661510045,0.0015556719180920419,0.01061747278605225,-0.005402665957365748
1.6666666666666665,0.7894736842105263,0.763157894736842,0.01992421913325264,0.0016269299531841593,0.012965881257794847,-0.005331407922273631
1.6666666666666665,0.7894736842105263,0.7894736842105263,0.022346884511738135,0.0016963670690635683,0.01538854663628034,-0.005261970806394223
1.6666666666666665,0.7894736842105263,0.8157894736842105,0.024830720455174978,0.0017640470400044832,0.017872382579717183,-0.005194290835453308
1.6666666666666665,0.7894736842105263,0.8421052631578947,0.027368339484139546,0.001830242420224384,0.02041000160868175,-0.005128095455233407
1.6666666666666665,0.7894736842105263,0.868421052631579,0.029951604809570223,0.0018949583916097112,0.022993266934112428,-0.0050633794838480795
1.6666666666666665,0.7894736842105263,0.8947368421052632,0.03257344150225813,0.0019582420187718,0.025615103626800338,-0.005000095856685991
1.6666666666666665,0.7894736842105263,0.9210526315789473,0.035226352330550575,0.0020204622559239272,0.02826801445509278,-0.004937875619533863
1.6666666666666665,0.7894736842105263,0.9473684210526315,0.03790672176326204,0.002081069534556289,0.030948383887804246,-0.004877268340901502
1.6666666666666665,0.7894736842105263,0.9736842105263157,0.040605205304097516,0.0021408717393784646,0.033646867428639725,-0.004817466136079326
1.6666666666666665,0.7894736842105263,1.0,0.04332350698702973,0.0021995155368526665,0.03636516911157194,-0.004758822338605124
1.6666666666666665,0.8421052631578947,0.5,0.002480979301131495,0.0007863050493426394,-0.004477358574326299,-0.006172032826115151
1.6666666666666665,0.8421052631578947,0.5263157894736842,0.0036392517053696373,0.0008742149869892033,-0.003319086170088157,-0.006084122888468588
1.6666666666666665,0.8421052631578947,0.5526315789473684,0.005026154265439342,0.0009598956413477339,-0.001932183610018452,-0.0059984422341100565
1.6666666666666665,0.8421052631578947,0.5789473684210527,0.006616280623318238,0.0010429864602714304,-0.0003420572521395564,-0.00591535141518636
1.6666666666666665,0.8421052631578947,0.6052631578947368,0.00838603751594933,0.0011234414274576467,0.0014276996404915367,-0.005834896448000144
1.6666666666666665,0.8421052631578947,0.631578947368421,0.010313004841656086,0.0012013293486913112,0.0033546669661982916,-0.0057570085267664795
1.6666666666666665,0.8421052631578947,0.6578947368421053,0.01237880772655671,0.00127676814288987,0.005420469851098915,-0.00568156973256792
1.6666666666666665,0.8421052631578947,0.6842105263157895,0.014565218824509646,0.001349985387168085,0.007606880949051852,-0.005608352488289706
1.6666666666666665,0.8421052631578947,0.7105263157894737,0.016855955024942585,0.0014210294599241538,0.00989761714948479,-0.0055373084155336365
1.6666666666666665,0.8421052631578947,0.7368421052631579,0.019239867941331035,0.001490232391996498,0.01228153006587324,-0.005468105483461293
1.6666666666666665,0.8421052631578947,0.763157894736842,0.021702058882198165,0.001557551471525237,0.01474372100674037,-0.0054007864039325535
1.6666666666666665,0.8421052631578947,0.7894736842105263,0.02423000168031834,0.0016232194113492658,0.017271663804860546,-0.005335118464108525
1.6666666666666665,0.8421052631578947,0.8157894736842105,0.02681884086830182,0.001687266107059357,0.019860502992844024,-0.005271071768398434
1.6666666666666665,0.8421052631578947,0.8421052631578947,0.029459848515763602,0.0017499122591718495,0.022501510640305807,-0.005208425616285942
1.6666666666666665,0.8421052631578947,0.868421052631579,0.03213992117214222,0.001811062555929283,0.025181583296684424,-0.005147275319528508
1.6666666666666665,0.8421052631578947,0.8947368421052632,0.03485506889876932,0.0018711535526128164,0.027896731023311524,-0.0050871843228449745
1.6666666666666665,0.8421052631578947,0.9210526315789473,0.03759262043367533,0.0019298008855903248,0.030634282558217537,-0.005028536989867466
1.6666666666666665,0.8421052631578947,0.9473684210526315,0.04036280484124319,0.0019875011181379673,0.0334044669657854,-0.004970836757319823
1.6666666666666665,0.8421052631578947,0.9736842105263157,0.04314728833139203,0.002043972549975572,0.03618895045593424,-0.004914365325482219
1.6666666666666665,0.8421052631578947,1.0,0.04594019215431659,0.0020994119602072378,0.0389818542788588,-0.0048589259152505525
1.6666666666666665,0.894736842105263,0.5,0.0029921374177966807,0.0007670263162615162,-0.0039662004576611135,-0.006191311559196274
1.6666666666666665,0.894736842105263,0.5263157894736842,0.004297576474109953,0.0008496897421781319,-0.0026607614013478414,-0.0061086481332796585
1.6666666666666665,0.894736842105263,0.5526315789473684,0.005829039698779539,0.0009303133879282184,-0.0011292981766782553,-0.006028024487529572
1.6666666666666665,0.894736842105263,0.5789473684210527,0.0075599615412946675,0.0010086202544648776,0.0006016236658368734,-0.0059497176209929135
1.6666666666666665,0.894736842105263,0.6052631578947368,0.009465805527632425,0.001084501829999374,0.0025074676521746305,-0.005873836045458417
1.6666666666666665,0.894736842105263,0.631578947368421,0.011524642021973818,0.001158046676351104,0.004566304146516024,-0.005800291199106687
1.6666666666666665,0.894736842105263,0.6578947368421053,0.013717202259811434,0.001229373680179811,0.00675886438435364,-0.005728964195277979
1.6666666666666665,0.894736842105263,0.6842105263157895,0.016025981141974614,0.0012986215902728295,0.00906764326651682,-0.005659716285184961
1.6666666666666665,0.894736842105263,0.7105263157894737,0.01843504658073101,0.0013658936052052463,0.011476708705273213,-0.0055924442702525445
1.6666666666666665,0.894736842105263,0.7368421052631579,0.020932181185958014,0.0014313708523247403,0.013973843310500219,-0.00552696702313305
1.6666666666666665,0.894736842105263,0.763157894736842,0.023502246133821875,0.0014952226559311213,0.01654390825836408,-0.00546311521952667
1.6666666666666665,0.894736842105263,0.7894736842105263,0.026139431345742693,0.0015573455076173272,0.019181093470284898,-0.005400992367840463
1.6666666666666665,0.894736842105263,0.8157894736842105,0.028827121370399198,0.0016181319892756662,0.021868783494941403,-0.005340205886182125
1.6666666666666665,0.894736842105263,0.8421052631578947,0.031565916257045565,0.0016774540194384568,0.02460757838158777,-0.005280883856019334
1.6666666666666665,0.894736842105263,0.868421052631579,0.034339774839867776,0.0017356436207590633,0.02738143696440998,-0.005222694254698727
1.6666666666666665,0.894736842105263,0.8947368421052632,0.03714085817240036,0.001792503371140671,0.03018252029694256,-0.0051658345043171195
1.6666666666666665,0.894736842105263,0.9210526315789473,0.039974816913684895,0.0018482515672762177,0.0330164790382271,-0.005110086308181573
1.6666666666666665,0.894736842105263,0.9473684210526315,0.04282292099308322,0.0019027723452884823,0.03586458311762543,-0.005055565530169308
1.6666666666666665,0.894736842105263,0.9736842105263157,0.045687200932170505,0.001956286748029761,0.03872886305671271,-0.0050020511274280295
1.6666666666666665,0.894736842105263,1.0,0.04856080493951387,0.0020089263724086,0.04160246706405608,-0.004949411503049191
1.6666666666666665,0.9473684210526315,0.5,0.003557204016958018,0.0007494236584500472,-0.0034011338584997762,-0.006208914217007744
1.6666666666666665,0.9473684210526315,0.5263157894736842,0.005007868311958107,0.000827420712754659,-0.0019504695634996868,-0.006130917162703132
1.6666666666666665,0.9473684210526315,0.5526315789473684,0.006680903916281801,0.0009035591158238847,-0.0002774339591759935,-0.006054778759633906
1.6666666666666665,0.9473684210526315,0.5789473684210527,0.008549209845734616,0.0009775528089381678,0.0015908719702768222,-0.005980785066519623
1.6666666666666665,0.9473684210526315,0.6052631578947368,0.010587881063844205,0.0010493563623632405,0.0036295431883864105,-0.00590898151309455
1.6666666666666665,0.9473684210526315,0.631578947368421,0.012775131665790324,0.0011189828584144692,0.00581679379033253,-0.005839355017043322
1.6666666666666665,0.9473684210526315,0.6578947368421053,0.015090670979262472,0.001186586396173167,0.008132333103804679,-0.005771751479284624
1.6666666666666665,0.9473684210526315,0.6842105263157895,0.017518885124271126,0.0012522492841182463,0.010560547248813331,-0.005706088591339545
1.6666666666666665,0.9473684210526315,0.7105263157894737,0.020043455341776102,0.0013161205109332521,0.013085117466318307,-0.005642217364524539
1.6666666666666665,0.9473684210526315,0.7368421052631579,0.022649903645068824,0.0013782564745254177,0.01569156576961103,-0.005580081400932373
1.6666666666666665,0.9473684210526315,0.763157894736842,0.025328250155412447,0.001438866805872859,0.018369912279954652,-0.005519471069584931
1.6666666666666665,0.9473684210526315,0.7894736842105263,0.02806613658571125,0.0014979016291833064,0.021107798710253454,-0.005460436246274484
1.6666666666666665,0.9473684210526315,0.8157894736842105,0.030850138599850106,0.0015556185104610726,0.02389180072439231,-0.005402719364996718
1.6666666666666665,0.9473684210526315,0.8421052631578947,0.03368278790349685,0.0016121216226950609,0.026724450028039057,-0.00534621625276273
1.6666666666666665,0.9473684210526315,0.868421052631579,0.03654432053795728,0.0016673039260978353,0.029585982662499486,-0.005291033949359956
1.6666666666666665,0.9473684210526315,0.8947368421052632,0.03944011779711208,0.0017213655107353328,0.03248177992165429,-0.005236972364722458
1.6666666666666665,0.9473684210526315,0.9210526315789473,0.04234723566704973,0.001774160601342857,0.03538889779159194,-0.005184177274114934
1.6666666666666665,0.9473684210526315,0.9473684210526315,0.045273090245319926,0.0018259872366716212,0.038314752369862135,-0.00513235063878617
1.6666666666666665,0.9473684210526315,0.9736842105263157,0.04821807797255553,0.001876860448899858,0.041259740097097736,-0.005081477426557932
1.6666666666666665,0.9473684210526315,1.0,0.05117091396443292,0.0019269836026980438,0.04421257608897513,-0.005031354272759747
1.6666666666666665,1.0,0.5,0.004172385089336041,0.0007333219256497334,-0.002785952786121753,-0.006225015949808057
1.6666666666666665,1.0,0.5263157894736842,0.005765620014206718,0.0008071425424907562,-0.001192717861251076,-0.006151195332967034
1.6666666666666665,1.0,0.5526315789473684,0.007577462813359793,0.0008792458694917109,0.0006191249379019987,-0.0060790920059660795
1.6666666666666665,1.0,0.5789473684210527,0.009579933083628374,0.0009494019616185889,0.0026215952081705797,-0.006008935913839202
1.6666666666666665,1.0,0.6052631578947368,0.011748336123487406,0.0010174842827991148,0.004789998248029612,-0.005940853592658676
1.6666666666666665,1.0,0.631578947368421,0.014060136602028605,0.0010836005654302036,0.007101798726570811,-0.005874737310027587
1.6666666666666665,1.0,0.6578947368421053,0.016496737239976748,0.0011478524065397034,0.009538399364518953,-0.005810485468918087
1.6666666666666665,1.0,0.6842105263157895,0.019041017751569366,0.001210248624372442,0.012082679876111571,-0.005748089251085348
1.6666666666666665,1.0,0.7105263157894737,0.021676072258862908,0.0012709845228032163,0.014717734383405113,-0.005687353352654575
1.6666666666666665,1.0,0.7368421052631579,0.02438976190240713,0.0013301237119668148,0.017431424026949336,-0.005628214163490975
1.6666666666666665,1.0,0.763157894736842,0.02717197566521009,0.0013877880733631745,0.020213637789752294,-0.005570549802094616
1.6666666666666665,1.0,0.7894736842105263,0.030008426462094007,0.0014440383710979748,0.02305008858663621,-0.005514299504359816
1.6666666666666665,1.0,0.8157894736842105,0.03289004898455919,0.0014990062585839745,0.025931711109101394,-0.005459331616873816
1.6666666666666665,1.0,0.8421052631578947,0.03580989017799236,0.0015526513813918716,0.028851552302534566,-0.005405686494065919
1.6666666666666665,1.0,0.868421052631579,0.038764575626793224,0.0016052653525874972,0.03180623775133543,-0.0053530725228702935
1.6666666666666665,1.0,0.8947368421052632,0.041733379809260826,0.0016565674696644717,0.034775041933803034,-0.005301770405793319
1.6666666666666665,1.0,0.9210526315789473,0.0447312430126295,0.0017069712165422497,0.03777290513717171,-0.0052513666589155406
1.6666666666666665,1.0,0.9473684210526315,0.04773601686525147,0.0017563894749606547,0.040777678989793675,-0.005201948400497136
1.6666666666666665,1.0,0.9736842105263157,0.05074405432714357,0.0018047602639506475,0.04378571645168578,-0.005153577611507143
1.6666666666666665,1.0,1.0,0.053772627674161036,0.0018525533353524002,0.046814289798703244,-0.0051057845401053905
2.0,0.0,0.5,0.0004995004995004995,0.0012895460489357638,-0.006458827307007933,-0.0056687817575726655
2.0,0.0,0.5263157894736842,0.0004995004995004995,0.001589152869102707,-0.006458827307007933,-0.005369174937405722
2.0,0.0,0.5526315789473684,0.0004995004995004995,0.0019205402565961407,-0.006458827307007933,-0.005037787549912288
2.0,0.0,0.5789473684210527,0.0004995004995004995,0.0022784933136287384,-0.006458827307007933,-0.004679834492879691
2.0,0.0,0.6052631578947368,0.0004995004995004995,0.0026571717213795453,-0.006458827307007933,-0.0043011560851288835
2.0,0.0,0.631578947368421,0.0004995004995004995,0.0030500668990128847,-0.006458827307007933,-0.003908260907495544
2.0,0.0,0.6578947368421053,0.0004995004995004995,0.0034501338689614303,-0.006458827307007933,-0.0035081939375469985
2.0,0.0,0.6842105263157895,0.0004995004995004995,0.0038499181787249375,-0.006458827307007933,-0.0031084096277834913
2.0,0.0,0.7105263157894737,0.0004995004995004995,0.004241831799993423,-0.006458827307007933,-0.002716496006515006
2.0,0.0,0.7368421052631579,0.0006266699719057181,0.004618866870678641,-0.006331657834602715,-0.0023394609358297876
2.0,0.0,0.763157894736842,0.0008283767992566852,0.004974775360477076,-0.006129951007251748,-0.001983552446031353
2.0,0.0,0.7894736842105263,0.0011014267313856527,0.005304805540472701,-0.005856901075122781,-0.0016535222660357275
2.0,0.0,0.8157894736842105,0.0014574801513046452,0.005605769665420904,-0.0055008476552037885,-0.0013525581410875247
2.0,0.0,0.8421052631578947,0.0019079839512259906,0.005876387226194614,-0.005050343855282443,-0.0010819405803138152
2.0,0.0,0.868421052631579,0.0024629683267437005,0.006117261432663557,-0.004495359479764732,-0.0008410663738448723
2.0,0.0,0.8947368421052632,0.0031297893315875786,0.00632984919536807,-0.0038285384749208546,-0.0006284786111403588
2.0,0.0,0.9210526315789473,0.00391292016617352,0.006517256937276408,-0.0030454076403349135,-0.00044107086923202057
2.0,0.0,0.9473684210526315,0.004813446930751293,0.006682233677049317,-0.0021448808757571405,-0.000276094129459112
2.0,0.0,0.9736842105263157,0.005830096793507042,0.006828390566361843,-0.0011282310130013911,-0.00012993724014658588
2.0,0.0,1.0,0.006958327806508433,0.006958327806508429,0.0,0.0
2.0,0.05263157894736842,0.5,0.0004995004995004995,0.0012717802326056738,-0.006458827307007933,-0.005686547573902755
2.0,0.05263157894736842,0.5263157894736842,0.0004995004995004995,0.0015618861558071315,-0.006458827307007933,-0.005396441650701298
2.0,0.05263157894736842,0.5526315789473684,0.0004995004995004995,0.0018796140254785398,-0.006458827307007933,-0.005078713781029889
2.0,0.05263157894736842,0.5789473684210527,0.0004995004995004995,0.002218187506491467,-0.006458827307007933,-0.004740140300016961
2.0,0.05263157894736842,0.6052631578947368,0.0004995004995004995,0.0025700389640152415,-0.006458827307007933,-0.004388288842493187
2.0,0.05263157894736842,0.631578947368421,0.0004995004995004995,0.0029267194220716354,-0.006458827307007933,-0.004031608384436794
2.0,0.05263157894736842,0.6578947368421053,0.0004995004995004995,0.0032794843788286924,-0.006458827307007933,-0.0036788434276797365
2.0,0.05263157894736842,0.6842105263157895,0.0005376770113751251,0.003619654494838625,-0.006420650795133308,-0.003338673311669804
2.0,0.05263157894736842,0.7105263157894737,0.0007216279840123389,0.003939566709284252,-0.006236699822496094,-0.0030187610972241766
2.0,0.05263157894736842,0.7368421052631579,0.000986618170003674,0.004233264282824256,-0.005971709636504759,-0.002725063523684173
2.0,0.05263157894736842,0.763157894736842,0.001347654912855835,0.0044972749095931915,-0.005610672893652599,-0.0024610528969152374
2.0,0.05263157894736842,0.7894736842105263,0.0018201403694114771,0.004730367440461684,-0.0051381874370969565,-0.002227960366046745
2.0,0.05263157894736842,0.8157894736842105,0.0024172733464389927,0.00493383873168882,-0.00454105446006944,-0.002024489074819609
2.0,0.05263157894736842,0.8421052631578947,0.0031481859991326928,0.005110384637562702,-0.0038101418073757404,-0.0018479431689457267
2.0,0.05263157894736842,0.868421052631579,0.004017227938605934,0.005263511528763188,-0.002941099867902499,-0.001694816277745241
2.0,0.05263157894736842,0.8947368421052632,0.005024413684874216,0.005397106902809246,-0.0019339141216342176,-0.0015612209036991826
2.0,0.05263157894736842,0.9210526315789473,0.006165258666256286,0.005514830836858237,-0.0007930691402521471,-0.0014434969696501916
2.0,0.05263157894736842,0.9473684210526315,0.007432566913536005,0.005619766800398666,0.00047423910702757213,-0.0013385610061097631
2.0,0.05263157894736842,0.9736842105263157,0.008817203447431018,0.005714723543679324,0.0018588756409225853,-0.0012436042628291046
2.0,0.05263157894736842,1.0,0.01030906729320933,0.005802064246080454,0.0033507394867008967,-0.0011562635604279751
2.0,0.10526315789473684,0.5,0.0004995004995004995,0.0012500188705375603,-0.006458827307007933,-0.005708308935970869
2.0,0.10526315789473684,0.5263157894736842,0.0004995004995004995,0.0015276956212228535,-0.006458827307007933,-0.005430632185285575
2.0,0.10526315789473684,0.5526315789473684,0.0004995004995004995,0.0018271918974632569,-0.006458827307007933,-0.005131135909045172
2.0,0.10526315789473684,0.5789473684210527,0.0004995004995004995,0.002139856298636328,-0.006458827307007933,-0.004818471507872101
2.0,0.10526315789473684,0.6052631578947368,0.0004995004995004995,0.0024559029355266933,-0.006458827307007933,-0.004502424870981736
2.0,0.10526315789473684,0.631578947368421,0.0004995004995004995,0.002765226108125688,-0.006458827307007933,-0.004193101698382741
2.0,0.10526315789473684,0.6578947368421053,0.0005852107495930525,0.0030583817974290895,-0.006373117056915381,-0.0038999460090793393
2.0,0.10526315789473684,0.6842105263157895,0.0008153688306542237,0.0033275807973454224,-0.0061429589758542095,-0.0036307470091630064
2.0,0.10526315789473684,0.7105263157894737,0.0011504079881279653,0.00356798637386017,-0.0058079198183804675,-0.003390341432648259
2.0,0.10526315789473684,0.7368421052631579,0.001610423341447038,0.003777937961563789,-0.005347904465061395,-0.00318038984494464
2.0,0.10526315789473684,0.763157894736842,0.0022134322300561863,0.003958723590472639,-0.004744895576452247,-0.0029996042160357903
2.0,0.10526315789473684,0.7894736842105263,0.0029717994910170393,0.004113704482566897,-0.003986528315491394,-0.0028446233239415317
2.0,0.10526315789473684,0.8157894736842105,0.0038908736336896554,0.0042469657351591064,-0.003067454172818778,-0.0027113620713493224
2.0,0.10526315789473684,0.8421052631578947,0.004969195687166234,0.00436284329887514,-0.0019891321193421995,-0.002595484507633289
2.0,0.10526315789473684,0.868421052631579,0.006200203847860436,0.004465007507428856,-0.0007581239586479972,-0.002493320299079573
2.0,0.10526315789473684,0.8947368421052632,0.007573000410010047,0.0045565174472327495,0.0006146726035016134,-0.0024018103592756794
2.0,0.10526315789473684,0.9210526315789473,0.009075601777760383,0.004640174474866366,0.0021172739712519498,-0.0023181533316420627
2.0,0.10526315789473684,0.9473684210526315,0.010694963680337526,0.0047175779035979505,0.0037366358738290927,-0.0022407499029104784
2.0,0.10526315789473684,0.9736842105263157,0.012419057068495009,0.004790081118116899,0.005460729261986576,-0.00216824668839153
2.0,0.10526315789473684,1.0,0.014236084085613533,0.004859128197076676,0.0072777562791051,-0.002099199609431753
2.0,0.15789473684210525,0.5,0.0004995004995004995,0.0012231651867669782,-0.006458827307007933,-0.005735162619741451
2.0,0.15789473684210525,0.5263157894736842,0.0004995004995004995,0.001484595828717184,-0.006458827307007933,-0.005473731977791245
2.0,0.15789473684210525,0.5526315789473684,0.0004995004995004995,0.0017601904521209102,-0.006458827307007933,-0.005198137354387519
2.0,0.15789473684210525,0.5789473684210527,0.0004995004995004995,0.0020390517918487225,-0.006458827307007933,-0.004919276014659706
2.0,0.15789473684210525,0.6052631578947368,0.0004995004995004995,0.002309874029359298,-0.006458827307007933,-0.004648453777149131
2.0,0.15789473684210525,0.631578947368421,0.0006223467252808176,0.0025625280497546202,-0.006335981081227616,-0.004395799756753809
2.0,0.15789473684210525,0.6578947368421053,0.0008981472546901593,0.0027896356514937985,-0.0060601805518182734,-0.00416869215501463
2.0,0.15789473684210525,0.6842105263157895,0.0013058433655598342,0.002987871548503312,-0.005652484440948599,-0.003970456258005117
2.0,0.15789473684210525,0.7105263157894737,0.0018700875288393739,0.0031576077554869653,-0.00508824027766906,-0.0038007200510214636
2.0,0.15789473684210525,0.7368421052631579,0.0026093531539212213,0.003302117628017743,-0.004348974652587212,-0.003656210178490686
2.0,0.15789473684210525,0.763157894736842,0.003532380394244628,0.0034257895493999078,-0.003425947412263805,-0.003532538257108521
2.0,0.15789473684210525,0.7894736842105263,0.004638026074082219,0.003533040195837938,-0.0023203017324262146,-0.0034252876106704907
2.0,0.15789473684210525,0.8157894736842105,0.0059175908224403445,0.003627779146352833,-0.0010407369840680887,-0.003330548660155596
2.0,0.15789473684210525,0.8421052631578947,0.007357419904884321,0.0037130504101821125,0.0003990920983758875,-0.0032452773963263164
2.0,0.15789473684210525,0.868421052631579,0.008942231308430255,0.003791112933689995,0.001983903501921822,-0.003167214872818434
2.0,0.15789473684210525,0.8947368421052632,0.010656788873217447,0.0038641231681915415,0.0036984610667090134,-0.0030942046383168873
2.0,0.15789473684210525,0.9210526315789473,0.012484827026044618,0.003932917608079717,0.005526499219536185,-0.003025410198428712
2.0,0.15789473684210525,0.9473684210526315,0.014414218600786299,0.00399844712585541,0.0074558907942778654,-0.002959880680653019
2.0,0.15789473684210525,0.9736842105263157,0.01643083555979916,0.004061700113407247,0.009472507753290726,-0.002896627693101182
2.0,0.15789473684210525,1.0,0.018524182160848536,0.004122882095887461,0.011565854354340103,-0.002835445710620968
2.0,0.21052631578947367,0.5,0.0004995004995004995,0.0011899877158734378,-0.006458827307007933,-0.005768340090634991
2.0,0.21052631578947367,0.5263157894736842,0.0004995004995004995,0.0014305590002661752,-0.006458827307007933,-0.005527768806242254
2.0,0.21052631578947367,0.5526315789473684,0.0004995004995004995,0.0016758577130353749,-0.006458827307007933,-0.005282470093473054
2.0,0.21052631578947367,0.5789473684210527,0.0004995004995004995,0.0019135164550940806,-0.006458827307007933,-0.005044811351414349
2.0,0.21052631578947367,0.6052631578947368,0.0006428188556146801,0.002132955733642948,-0.0063155089508937536,-0.004825372072865481
2.0,0.21052631578947367,0.631578947368421,0.0009593717393931225,0.002327309515955748,-0.0059989560671153104,-0.0046310182905526815
2.0,0.21052631578947367,0.6578947368421053,0.001436621694651796,0.0024945775469128765,-0.005521706111856637,-0.004463750259595552
2.0,0.21052631578947367,0.6842105263157895,0.0021027784493131713,0.002636809585775414,-0.004855549357195262,-0.004321518220733015
2.0,0.21052631578947367,0.7105263157894737,0.002974492611277353,0.002758097983003198,-0.00398383519523108,-0.004200229823505231
2.0,0.21052631578947367,0.7368421052631579,0.004054574205065949,0.0028629621627869134,-0.0029037536014424846,-0.0040953656437215154
2.0,0.21052631578947367,0.763157894736842,0.005333925775463683,0.0029554639346132724,-0.0016244020310447506,-0.0040028638718951565
2.0,0.21052631578947367,0.7894736842105263,0.0067967902805802505,0.0030387745408086003,-0.00016153752592818274,-0.0039195532656998286
2.0,0.21052631578947367,0.8157894736842105,0.008424849170705512,0.003115205398449093,0.0014665213641970789,-0.003843122408059336
2.0,0.21052631578947367,0.8421052631578947,0.010198662249160058,0.00318641870688865,0.0032403344426516247,-0.003771909099619779
2.0,0.21052631578947367,0.868421052631579,0.01210090177885952,0.0032536642511557957,0.005142573972351086,-0.003704663555352633
2.0,0.21052631578947367,0.8947368421052632,0.014114890161658553,0.0033177555617644864,0.007156562355150119,-0.0036405722447439425
2.0,0.21052631578947367,0.9210526315789473,0.016225017014812004,0.003379661580588448,0.00926668920830357,-0.003578666225919981
2.0,0.21052631578947367,0.9473684210526315,0.01842140008885651,0.003439271342298917,0.011463072282348077,-0.003519056464209512
2.0,0.21052631578947367,0.9736842105263157,0.02068987635119056,0.0034976009950448373,0.013731548544682125,-0.0034607268114635915
2.0,0.21052631578947367,1.0,0.023023362873201288,0.003554323620516293,0.016065035066692854,-0.0034040041859921357
2.0,0.2631578947368421,0.5,0.0004995004995004995,0.001149349884337625,-0.006458827307007933,-0.005808977922170804
2.0,0.2631578947368421,0.5263157894736842,0.0004995004995004995,0.0013641860583949005,-0.006458827307007933,-0.005594141748113528
2.0,0.2631578947368421,0.5526315789473684,0.0004995004995004995,0.001573741910591123,-0.006458827307007933,-0.005384585895917306
2.0,0.2631578947368421,0.5789473684210527,0.0006419758097949261,0.001766853360892611,-0.006316351996713507,-0.005191474445615818
2.0,0.2631578947368421,0.6052631578947368,0.0009893702197496502,0.0019369412876646124,-0.005968957586758783,-0.005021386518843816
2.0,0.2631578947368421,0.631578947368421,0.0015265173243700096,0.002082781864849189,-0.005431810482138423,-0.00487554594165924
2.0,0.2631578947368421,0.6578947368421053,0.002284360776301111,0.0022071650178818476,-0.004673967030207322,-0.004751162788626581
2.0,0.2631578947368421,0.6842105263157895,0.0032761126064156333,0.0023142522193472393,-0.0036822152000928,-0.00464407558716119
2.0,0.2631578947368421,0.7105263157894737,0.004497147291026347,0.0024082052812695377,-0.002461180515482086,-0.004550122525238891
2.0,0.2631578947368421,0.7368421052631579,0.005931069327324451,0.0024924600754238496,-0.001027258479183982,-0.004465867731084579
2.0,0.2631578947368421,0.763157894736842,0.007556181624331306,0.0025693631752798014,0.0005978538178228725,-0.004388964631228627
2.0,0.2631578947368421,0.7894736842105263,0.00935038271450471,0.002640785649007966,0.0023920549079962765,-0.004317542157500463
2.0,0.2631578947368421,0.8157894736842105,0.011291510139189002,0.002707927633788649,0.0043331823326805685,-0.00425040017271978
2.0,0.2631578947368421,0.8421052631578947,0.013361158248821205,0.00277197007871638,0.0064028304423127715,-0.004186357727792049
2.0,0.2631578947368421,0.868421052631579,0.01554106569969013,0.0028331390768499927,0.008582737893181697,-0.004125188729658436
2.0,0.2631578947368421,0.8947368421052632,0.01781781098422619,0.002892310966293678,0.010859483177717757,-0.004066016840214751
2.0,0.2631578947368421,0.9210526315789473,0.020175239846636592,0.002949498946668622,0.013216912040128159,-0.004008828859839807
2.0,0.2631578947368421,0.9473684210526315,0.02260552808855182,0.0030052137743070764,0.015647200282043385,-0.0039531140322013525
2.0,0.2631578947368421,0.9736842105263157,0.025097341058570043,0.003059464447404818,0.01813901325206161,-0.003898863359103611
2.0,0.2631578947368421,1.0,0.02763967296126935,0.003112900650893952,0.020681345154760916,-0.003845427155614477
2.0,0.3157894736842105,0.5,0.0004995004995004995,0.0011007579966074825,-0.006458827307007933,-0.005857569809900947
2.0,0.3157894736842105,0.5263157894736842,0.0004995004995004995,0.0012861246894435015,-0.006458827307007933,-0.005672203117064928
2.0,0.3157894736842105,0.5526315789473684,0.0006179941740590673,0.001458530065159075,-0.0063403336324493655,-0.005499797741349354
2.0,0.3157894736842105,0.5789473684210527,0.0009812708639016414,0.001611043027477392,-0.005977056942606792,-0.005347284779031037
2.0,0.3157894736842105,0.6052631578947368,0.0015622175310699479,0.0017425115127800953,-0.005396110275438485,-0.005215816293728333
2.0,0.3157894736842105,0.631578947368421,0.002394422970377328,0.0018555499045547642,-0.004563904836131105,-0.005102777901953665
2.0,0.3157894736842105,0.6578947368421053,0.00348713669616952,0.0019540645161946583,-0.003471191110338913,-0.0050042632903137705
2.0,0.3157894736842105,0.6842105263157895,0.004828517641754156,0.002041540078243722,-0.0021298101647542773,-0.004916787728264707
2.0,0.3157894736842105,0.7105263157894737,0.0063954743805624825,0.002120801845813838,-0.0005628534259459507,-0.00483752596069459
2.0,0.3157894736842105,0.7368421052631579,0.008161458375923214,0.0021938759339761673,0.0012031305694147811,-0.004764451872532261
2.0,0.3157894736842105,0.763157894736842,0.010101546991936546,0.0022621523365179185,0.003143219185428113,-0.00469617546999051
2.0,0.3157894736842105,0.7894736842105263,0.012191616796602998,0.0023266700460405345,0.0052332889900945645,-0.004631657760467894
2.0,0.3157894736842105,0.8157894736842105,0.014411642188988468,0.0023880681293807914,0.007453314382480035,-0.004570259677127637
2.0,0.3157894736842105,0.8421052631578947,0.01674223059649444,0.002447223887580098,0.009783902789986008,-0.004511103918928331
2.0,0.3157894736842105,0.868421052631579,0.01916950979557061,0.0025041524679420375,0.012211181989062177,-0.004454175338566391
2.0,0.3157894736842105,0.8947368421052632,0.02168067435480264,0.0025592554972870656,0.014722346548294206,-0.004399072309221363
2.0,0.3157894736842105,0.9210526315789473,0.024260498239396813,0.002612889002111178,0.01730217043288838,-0.00434543880439725
2.0,0.3157894736842105,0.9473684210526315,0.026898157824489205,0.0026649417062612956,0.019939830017980772,-0.004293386100247133
2.0,0.3157894736842105,0.9736842105263157,0.029588769262202295,0.002716089424992169,0.022630441455693862,-0.00424223838151626
2.0,0.3157894736842105,1.0,0.032319015922917034,0.0027658825946440977,0.0253606881164086,-0.004192445211864331
2.0,0.3684210526315789,0.5,0.0004995004995004995,0.00104524860650813,-0.006458827307007933,-0.005913079200000299
2.0,0.3684210526315789,0.5263157894736842,0.0005730614222313404,0.0012007462004279402,-0.0063852663842770925,-0.005757581606080489
2.0,0.3684210526315789,0.5526315789473684,0.0009328326148890195,0.0013403250893611772,-0.0060254951916194135,-0.005618002717147252
2.0,0.3684210526315789,0.5789473684210527,0.0015357253190117835,0.001462005242917207,-0.005422602487496649,-0.005496322563591222
2.0,0.3684210526315789,0.6052631578947368,0.0024192919084102503,0.0015677825150794905,-0.004539035898098183,-0.005390545291428938
2.0,0.3684210526315789,0.631578947368421,0.0035894759283195037,0.0016608701631908229,-0.0033688518781889295,-0.005297457643317606
2.0,0.3684210526315789,0.6578947368421053,0.005027936607766405,0.0017442454081089843,-0.001930391198742028,-0.005214082398399445
2.0,0.3684210526315789,0.6842105263157895,0.006705856102042465,0.0018203373170227514,-0.00025247170446596797,-0.005137990489485678
2.0,0.3684210526315789,0.7105263157894737,0.008592529950665872,0.001890740115123771,0.001634202144157439,-0.005067587691384658
2.0,0.3684210526315789,0.7368421052631579,0.010660082353067861,0.0019567137239496655,0.0037017545465594277,-0.005001614082558763
2.0,0.3684210526315789,0.763157894736842,0.012883124369302487,0.002019128250465115,0.005924796562794054,-0.004939199556043314
2.0,0.3684210526315789,0.7894736842105263,0.015238711359587997,0.0020786319393108115,0.008280383553079564,-0.004879695867197617
2.0,0.3684210526315789,0.8157894736842105,0.01770858342931144,0.0021357841762662698,0.010750255622803007,-0.004822543630242159
2.0,0.3684210526315789,0.8421052631578947,0.020276982164350234,0.0021907917189572905,0.0133186543578418,-0.004767536087551138
2.0,0.3684210526315789,0.868421052631579,0.022927808085406565,0.0022438627780655674,0.01596948027889813,-0.004714465028442862
2.0,0.3684210526315789,0.8947368421052632,0.025647417169588287,0.0022954836575394245,0.018689089363079853,-0.004662844148969005
2.0,0.3684210526315789,0.9210526315789473,0.028429718905046617,0.0023457074494298595,0.021471391098538184,-0.004612620357078569
2.0,0.3684210526315789,0.9473684210526315,0.031255729584972004,0.002394583708299417,0.02429740177846357,-0.004563744098209012
2.0,0.3684210526315789,0.9736842105263157,0.034125404677299104,0.0024423798285660835,0.02716707687079067,-0.004515947977942345
2.0,0.3684210526315789,1.0,0.03703105552267636,0.0024889138892620756,0.030072727716167928,-0.004469413917246354
2.0,0.42105263157894735,0.5,0.0005139351469934982,0.0009861032118226502,-0.006444392659514935,-0.005972224594685779
2.0,0.42105263157894735,0.5263157894736842,0.0008475955698386687,0.0011153791028473902,-0.006110732236669764,-0.005842948703661039
2.0,0.42105263157894735,0.5526315789473684,0.0014458947828752814,0.0012300112565001868,-0.005512433023633152,-0.005728316550008242
2.0,0.42105263157894735,0.5789473684210527,0.0023531396727389203,0.0013308506376262148,-0.0046051881337695125,-0.005627477168882214
2.0,0.42105263157894735,0.6052631578947368,0.003574019591601558,0.001420334088435147,-0.003384308214906875,-0.005537993718073282
2.0,0.42105263157894735,0.631578947368421,0.005084735839595971,0.0015009554460122445,-0.0018735919669124624,-0.005457372360496184
2.0,0.42105263157894735,0.6578947368421053,0.00685143475604654,0.0015747289909181495,-0.00010689305046189361,-0.005383598815590279
2.0,0.42105263157894735,0.6842105263157895,0.008839530823200163,0.0016431590994755926,0.0018812030166917293,-0.005315168707032836
2.0,0.42105263157894735,0.7105263157894737,0.011017959682592626,0.0017073000322611945,0.004059631876084192,-0.005251027774247234
2.0,0.42105263157894735,0.7368421052631579,0.013359028835163517,0.0017679657538271505,0.0064007010286550835,-0.005190362052681278
2.0,0.42105263157894735,0.763157894736842,0.01583904170650057,0.001825728511522228,0.008880713899992138,-0.005132599294986201
2.0,0.42105263157894735,0.7894736842105263,0.018437591398666436,0.0018810376937580804,0.011479263592158003,-0.005077290112750349
2.0,0.42105263157894735,0.8157894736842105,0.02113502828241471,0.0019342209094986695,0.014176700475906277,-0.005024106897009759
2.0,0.42105263157894735,0.8421052631578947,0.02391999500671408,0.001985698480542574,0.016961667200205647,-0.004972629325965854
2.0,0.42105263157894735,0.868421052631579,0.02677304558472323,0.0020354639214666495,0.019814717778214797,-0.004922863885041779
2.0,0.42105263157894735,0.8947368421052632,0.029689427242452444,0.0020836520318335363,0.02273109943594401,-0.004874675774674892
2.0,0.42105263157894735,0.9210526315789473,0.032652708218733464,0.0021307527230090472,0.02569438041222503,-0.004827575083499382
2.0,0.42105263157894735,0.9473684210526315,0.03565589249378773,0.002176546953910113,0.028697564687279294,-0.004781780852598316
2.0,0.42105263157894735,0.9736842105263157,0.03868913805188359,0.0022211786870710527,0.03173081024537516,-0.004737149119437376
2.0,0.42105263157894735,1.0,0.04175100048949266,0.0022647080814660937,0.03479267268298422,-0.004693619725042335
2.0,0.47368421052631576,0.5,0.0007353637146087109,0.0009279653781294882,-0.006222964091899722,-0.006030362428378941
2.0,0.47368421052631576,0.5263157894736842,0.001299065208580195,0.0010368330216397133,-0.005659262597928238,-0.005921494784868715
2.0,0.47368421052631576,0.5526315789473684,0.0021982692532443275,0.0011339622348267757,-0.004760058553264106,-0.005824365571681653
2.0,0.47368421052631576,0.5789473684210527,0.0034401150715186414,0.0012208204632022496,-0.003518212734989792,-0.00573750734330618
2.0,0.47368421052631576,0.6052631578947368,0.00499687472497983,0.0012993730572026946,-0.0019614530815286035,-0.0056589547493057345
2.0,0.47368421052631576,0.631578947368421,0.006829726827261105,0.001371411582321289,-0.0001286009792473286,-0.00558691622418714
2.0,0.47368421052631576,0.6578947368421053,0.008899482107078143,0.0014382121965260746,0.0019411543005697102,-0.0055201156099823545
2.0,0.47368421052631576,0.6842105263157895,0.011172521614635413,0.0015008060793130712,0.00421419380812698,-0.005457521727195358
2.0,0.47368421052631576,0.7105263157894737,0.013617548512458496,0.0015599159769300462,0.006659220705950063,-0.005398411829578382
2.0,0.47368421052631576,0.7368421052631579,0.016209815706218857,0.0016160966848068903,0.009251487899710423,-0.005342231121701539
2.0,0.47368421052631576,0.763157894736842,0.018926616008733826,0.0016698862628946212,0.011968288202225393,-0.005288441543613808
2.0,0.47368421052631576,0.7894736842105263,0.021748449892576946,0.0017214593336164097,0.014790122086068513,-0.005236868472892019
2.0,0.47368421052631576,0.8157894736842105,0.024658371626744974,0.0017712193626424671,0.01770004382023654,-0.0051871084438659615
2.0,0.47368421052631576,0.8421052631578947,0.027641187018980135,0.0018192870549447902,0.0206828592124717,-0.005139040751563639
2.0,0.47368421052631576,0.868421052631579,0.03068603887123348,0.0018657585513672333,0.023727711064725047,-0.005092569255141195
2.0,0.47368421052631576,0.8947368421052632,0.033777364955318995,0.001911077508432201,0.02681903714881056,-0.005047250298076228
2.0,0.47368421052631576,0.9210526315789473,0.036911515305786326,0.001955071176084258,0.029953187499277893,-0.0050032566304241705
2.0,0.47368421052631576,0.9473684210526315,0.04007165422241424,0.001997831986146438,0.03311332641590581,-0.004960495820361991
2.0,0.47368421052631576,0.9736842105263157,0.04326526277344227,0.0020397069835768993,0.03630693496693384,-0.00491862082293153
2.0,0.47368421052631576,1.0,0.046469305633465505,0.002080402085243562,0.039510977826957075,-0.004877925721264867
2.0,0.5263157894736842,0.5,0.0011091661472271454,0.0008747036133310012,-0.005849161659281288,-0.006083624193177427
2.0,0.5263157894736842,0.5263157894736842,0.001964966134270367,0.0009685362891536013,-0.004993361672238066,-0.005989791517354828
2.0,0.5263157894736842,0.5526315789473684,0.0031947970677464205,0.00105325313950057,-0.0037635307387620127,-0.005905074667007858
2.0,0.5263157894736842,0.5789473684210527,0.004769035371659316,0.0011302012107315923,-0.0021892924348491175,-0.005828126595776837
2.0,0.5263157894736842,0.6052631578947368,0.00664369788388988,0.0012008043629388085,-0.00031462992261855303,-0.005757523443569621
2.0,0.5263157894736842,0.631578947368421,0.008775495120292845,0.001266283794628726,0.0018171673137844114,-0.005692044011879702
2.0,0.5263157894736842,0.6578947368421053,0.01112587186815086,0.0013275437129317627,0.004167544061642426,-0.005630784093576666
2.0,0.5263157894736842,0.6842105263157895,0.013661680491308725,0.0013853175643495825,0.006703352684800292,-0.0055730102421588466
2.0,0.5263157894736842,0.7105263157894737,0.016354634431848685,0.0014401430386493945,0.009396306625340252,-0.005518184767859034
2.0,0.5263157894736842,0.7368421052631579,0.019179890638112665,0.00149241899870771,0.012221562831604232,-0.005465908807800719
2.0,0.5263157894736842,0.763157894736842,0.02211622430193953,0.001542501667460732,0.015157896495431096,-0.005415826139047697
2.0,0.5263157894736842,0.7894736842105263,0.0251454899028436,0.0015908136385497475,0.018187162096335165,-0.005367514167958681
2.0,0.5263157894736842,0.8157894736842105,0.028250194249828386,0.0016373185459356218,0.021291866443319953,-0.005321009260572807
2.0,0.5263157894736842,0.8421052631578947,0.03141932233411849,0.0016822641568806026,0.024460994527610056,-0.0052760636496278265
2.0,0.5263157894736842,0.868421052631579,0.03463872296287287,0.0017258398622048666,0.027680395156364435,-0.0052324879443035625
2.0,0.5263157894736842,0.8947368421052632,0.037894791016660934,0.0017681742743035711,0.0309364632101525,-0.005190153532204858
2.0,0.5263157894736842,0.9210526315789473,0.041188928550969325,0.0018094603206786218,0.034230600744460896,-0.005148867485829807
2.0,0.5263157894736842,0.9473684210526315,0.04450264648097982,0.0018496844637398075,0.03754431867447139,-0.005108643342768621
2.0,0.5263157894736842,0.9736842105263157,0.04783326120585457,0.0018888526637532747,0.04087493339934614,-0.005069475142755154
2.0,0.5263157894736842,1.0,0.05117091067808832,0.0019269836340948155,0.04421258287157989,-0.005031344172413613
2.0,0.5789473684210527,0.5,0.0016712842650401306,0.000828139504325298,-0.0052870435414683024,-0.006130188302183131
2.0,0.5789473684210527,0.5263157894736842,0.00285203039315235,0.0009107871216512881,-0.004106297413356084,-0.00604754068485714
2.0,0.5789473684210527,0.5526315789473684,0.0044118151716329036,0.0009863022755517454,-0.0025465126348755297,-0.005972025530956684
2.0,0.5789473684210527,0.5789473684210527,0.006301872313979952,0.001055711714400854,-0.0006564554925284809,-0.0059026160921075745
2.0,0.5789473684210527,0.6052631578947368,0.008473350303732849,0.0011200525917810394,0.0015150224972244157,-0.005838275214727389
2.0,0.5789473684210527,0.631578947368421,0.010883701084481539,0.001180182391144677,0.003925373277973106,-0.005778145415363752
2.0,0.5789473684210527,0.6578947368421053,0.013494738939609653,0.001236782276156056,0.00653641113310122,-0.005721545530352373
2.0,0.5789473684210527,0.6842105263157895,0.01627672612695647,0.0012904025880966581,0.009318398320448038,-0.00566792521841177
2.0,0.5789473684210527,0.7105263157894737,0.01920036032040264,0.0013415055001998342,0.012242032513894208,-0.005616822306308594
2.0,0.5789473684210527,0.7368421052631579,0.022241527709857,0.0013903378726008713,0.015283199903348567,-0.005567989933907558
2.0,0.5789473684210527,0.763157894736842,0.025385368985774696,0.001437185844233257,0.018427041179266263,-0.005521141962275172
2.0,0.5789473684210527,0.7894736842105263,0.028607687381916887,0.0014823442110983615,0.021649359575408453,-0.005475983595410067
2.0,0.5789473684210527,0.8157894736842105,0.03189792691979029,0.0015259289284594718,0.02493959911328186,-0.005432398878048957
2.0,0.5789473684210527,0.8421052631578947,0.03523750388092622,0.0015681469555896977,0.028279176074417784,-0.005390180850918731
2.0,0.5789473684210527,0.868421052631579,0.038623548268225866,0.001609059979231933,0.031665220461717436,-0.005349267827276496
2.0,0.5789473684210527,0.8947368421052632,0.042037554393952375,0.00164872919348854,0.035079226587443946,-0.005309598613019889
2.0,0.5789473684210527,0.9210526315789473,0.0454680241688144,0.0016874143405227692,0.03850969636230597,-0.00527091346598566
2.0,0.5789473684210527,0.9473684210526315,0.04892294545657791,0.00172491367282922,0.04196461765006948,-0.005233414133679209
2.0,0.5789473684210527,0.9736842105263157,0.05238290113982927,0.001761779511371941,0.04542457333332084,-0.005196548295136488
2.0,0.5789473684210527,1.0,0.055835468403951906,0.0017976616205033923,0.04887714059744347,-0.005160666186005036
2.0,0.631578947368421,0.5,0.002433002937153458,0.0007883304906743976,-0.004525324869354975,-0.006169997315834032
2.0,0.631578947368421,0.5263157894736842,0.00394191425461076,0.00086238669191212,-0.0030164135518976733,-0.006095941114596309
2.0,0.631578947368421,0.5526315789473684,0.0058172263126866405,0.0009307196174518704,-0.0011411014938217928,-0.006027608189056559
2.0,0.631578947368421,0.5789473684210527,0.008004123670472492,0.0009940984816602936,0.0010457958639640587,-0.005964229324848135
2.0,0.631578947368421,0.6052631578947368,0.010453861164703874,0.0010532810639548157,0.0034955333581954406,-0.005905046742553613
2.0,0.631578947368421,0.631578947368421,0.013125228805737566,0.0011088898285745517,0.006166900999229133,-0.005849437977933877
2.0,0.631578947368421,0.6578947368421053,0.015981766533013357,0.0011615023560382777,0.009023438726504924,-0.005796825450470151
2.0,0.631578947368421,0.6842105263157895,0.01899376974788002,0.0012114930787549313,0.012035441941371586,-0.005746834727753497
2.0,0.631578947368421,0.7105263157894737,0.022133638943679812,0.0012592054338413585,0.015175311137171379,-0.00569912237266707
2.0,0.631578947368421,0.7368421052631579,0.02537991166045625,0.0013048378418108668,0.018421583853947817,-0.0056534899646975625
2.0,0.631578947368421,0.763157894736842,0.02871337664217407,0.0013487821002200885,0.021755048835665636,-0.005609545706288341
2.0,0.631578947368421,0.7894736842105263,0.03212176220131006,0.00139120393667708,0.025163434394801624,-0.005567123869831349
2.0,0.631578947368421,0.8157894736842105,0.03558157835460744,0.001432095485438886,0.02862325054809901,-0.005526232321069543
2.0,0.631578947368421,0.8421052631578947,0.039086460384703405,0.0014717209199610502,0.03212813257819497,-0.005486606886547379
2.0,0.631578947368421,0.868421052631579,0.04262263078035875,0.0015101707349611951,0.035664302973850315,-0.005448157071547234
2.0,0.631578947368421,0.8947368421052632,0.046181653767972744,0.0015473559875851931,0.039223325961464314,-0.005410971818923235
2.0,0.631578947368421,0.9210526315789473,0.04975400571693361,0.001583780715232055,0.04279567791042517,-0.005374547091276374
2.0,0.631578947368421,0.9473684210526315,0.053330824030486,0.0016192309661866426,0.04637249622397757,-0.005339096840321786
2.0,0.631578947368421,0.9736842105263157,0.056915145048717294,0.0016537553796565827,0.049956817242208865,-0.005304572426851846
2.0,0.631578947368421,1.0,0.06049080879105605,0.0016873967076318729,0.05353248098454762,-0.005270931098876556
2.0,0.6842105263157894,0.5,0.0033822744591336957,0.0007545410059735856,-0.0035760533473747375,-0.0062037868005348435
2.0,0.6842105263157894,0.5263157894736842,0.005207857046073551,0.0008217512663556464,-0.0017504707604348822,-0.006136576540152782
2.0,0.6842105263157894,0.5526315789473684,0.007381810272125789,0.0008842676742648704,0.00042348246561735563,-0.006074060132243558
2.0,0.6842105263157894,0.5789473684210527,0.009848129787158256,0.0009426533478882895,0.0028898019806498226,-0.00601567445862014
2.0,0.6842105263157894,0.6052631578947368,0.012560642907570911,0.0009974525345657218,0.005602315101062478,-0.005960875271942707
2.0,0.6842105263157894,0.631578947368421,0.015477706357880492,0.0010491513960918667,0.008519378551372058,-0.005909176410416562
2.0,0.6842105263157894,0.6578947368421053,0.01856535608752273,0.0010982605223581394,0.011607028281014297,-0.005860067284150289
2.0,0.6842105263157894,0.6842105263157895,0.021793831967686163,0.0011450059123166495,0.01483550416117773,-0.005813321894191779
2.0,0.6842105263157894,0.7105263157894737,0.02513776766245584,0.0011896650765118365,0.018179439855947405,-0.005768662729996593
2.0,0.6842105263157894,0.7368421052631579,0.028580283918288332,0.0012325579366511358,0.0216219561117799,-0.005725769869857293
2.0,0.6842105263157894,0.763157894736842,0.03209215810922985,0.0012738756324762535,0.025133830302721417,-0.005684452174032175
2.0,0.6842105263157894,0.7894736842105263,0.03566835201388227,0.0013136686948234133,0.028710024207373838,-0.005644659111685015
2.0,0.6842105263157894,0.8157894736842105,0.039294800933844326,0.0013521599490995948,0.032336473127335896,-0.005606167857408834
2.0,0.6842105263157894,0.8421052631578947,0.04294888400999452,0.001389456612886852,0.03599055620348608,-0.005568871193621577
2.0,0.6842105263157894,0.868421052631579,0.04663092900618295,0.0014254804051342003,0.039672601199674515,-0.005532847401374229
2.0,0.6842105263157894,0.8947368421052632,0.05031244822984482,0.0014607282894174892,0.04335412042333639,-0.00549759951709094
2.0,0.6842105263157894,0.9210526315789473,0.05401857486837082,0.0014949760342129123,0.04706024706186239,-0.005463351772295517
2.0,0.6842105263157894,0.9473684210526315,0.05771379363045746,0.001528297236760527,0.050755465823949034,-0.005430030569747902
2.0,0.6842105263157894,0.9736842105263157,0.06141121748189181,0.0015607378789929166,0.05445288967538338,-0.005397589927515512
2.0,0.6842105263157894,1.0,0.065098254541056,0.0015922051641689555,0.05813992673454757,-0.005366122642339473
2.0,0.7368421052631579,0.5,0.004497619965727973,0.0007257980172399574,-0.0024607078407804604,-0.006232529789268471
2.0,0.7368421052631579,0.5263157894736842,0.006624882614425426,0.0007874181062673247,-0.0003334451920830074,-0.006170909700241104
2.0,0.7368421052631579,0.5526315789473684,0.009081413773165313,0.000845078069212929,0.00212308596665688,-0.0061132497372955
2.0,0.7368421052631579,0.5789473684210527,0.011813015564906834,0.0008991991791982491,0.004854687758398401,-0.00605912862731018
2.0,0.7368421052631579,0.6052631578947368,0.014773193971657501,0.0009502244109631341,0.007814866165149068,-0.006008103395545295
2.0,0.7368421052631579,0.631578947368421,0.017923340942425477,0.0009985233127110058,0.010965013135917044,-0.005959804493797423
2.0,0.7368421052631579,0.6578947368421053,0.021228754998707057,0.0010444610914927103,0.014270427192198624,-0.005913866715015719
2.0,0.7368421052631579,0.6842105263157895,0.02466498684495462,0.0010883562811419294,0.017706659038446187,-0.005869971525366499
2.0,0.7368421052631579,0.7105263157894737,0.02820392885140122,0.0011303658128904985,0.021245601044892787,-0.0058279619936179305
2.0,0.7368421052631579,0.7368421052631579,0.03182553563756492,0.0011706831982658374,0.024867207831056486,-0.0057876446082425915
2.0,0.7368421052631579,0.763157894736842,0.03551383565014173,0.0012095811185552203,0.0285555078436333,-0.005748746687953209
2.0,0.7368421052631579,0.7894736842105263,0.03925020725943448,0.0012470926012705676,0.03229187945292605,-0.005711235205237862
2.0,0.7368421052631579,0.8157894736842105,0.0430245255777395,0.00128333339555988,0.03606619777123107,-0.005674994410948549
2.0,0.7368421052631579,0.8421052631578947,0.04682360975095884,0.0013184674401785343,0.03986528194445041,-0.005639860366329894
2.0,0.7368421052631579,0.868421052631579,0.05062785776794394,0.0013525159695692334,0.04366952996143551,-0.0056058118369391955
2.0,0.7368421052631579,0.8947368421052632,0.054455816383785494,0.00138574686339408,0.047497488577277064,-0.005572580943114349
2.0,0.7368421052631579,0.9210526315789473,0.05827456981406204,0.0014180047360911122,0.05131624200755361,-0.005540323070417317
2.0,0.7368421052631579,0.9473684210526315,0.062075827640536776,0.0014493422915023155,0.05511749983402835,-0.005508985515006113
2.0,0.7368421052631579,0.9736842105263157,0.06588267218761176,0.0014799296361873724,0.05892434438110333,-0.0054783981703210565
2.0,0.7368421052631579,1.0,0.069648328855603,0.0015100438461182332,0.06269000104909457,-0.005448283960390196
2.0,0.7894736842105263,0.5,0.005757502336526301,0.0007012083676010726,-0.0012008254699821322,-0.006257119438907356
2.0,0.7894736842105263,0.5263157894736842,0.008171745913951705,0.0007581301440715045,0.0012134181074432721,-0.006200197662436924
2.0,0.7894736842105263,0.5526315789473684,0.010897066689129705,0.0008116531242682136,0.003938738882621272,-0.006146674682240215
2.0,0.7894736842105263,0.5789473684210527,0.01388017417527133,0.0008620906170458999,0.0069218463687628976,-0.006096237189462529
2.0,0.7894736842105263,0.6052631578947368,0.017076370608303,0.0009098331581533421,0.010118042801794565,-0.006048494648355086
2.0,0.7894736842105263,0.631578947368421,0.020447714503057136,0.0009551402978820923,0.013489386696548703,-0.0060031875086263365
2.0,0.7894736842105263,0.6578947368421053,0.023961378955102877,0.0009982675658475049,0.017003051148594444,-0.005960060240660924
2.0,0.7894736842105263,0.6842105263157895,0.027589947808327298,0.0010395488580559275,0.020631620001818864,-0.005918778948452502
2.0,0.7894736842105263,0.7105263157894737,0.03131336286429283,0.0010791474832112303,0.024355035057784396,-0.005879180323297198
2.0,0.7894736842105263,0.7368421052631579,0.03510758010202546,0.0011171680872101416,0.028149252295517024,-0.005841159719298287
2.0,0.7894736842105263,0.763157894736842,0.03895665321907789,0.0011538479651367352,0.03199832541256946,-0.005804479841371694
2.0,0.7894736842105263,0.7894736842105263,0.042844613095449374,0.001189229864683943,0.035886285288940944,-0.0057690979418244855
2.0,0.7894736842105263,0.8157894736842105,0.04676142428820151,0.0012236003450218334,0.03980309648169307,-0.005734727461486596
2.0,0.7894736842105263,0.8421052631578947,0.050685413557400236,0.0012567382029965767,0.043727085750891806,-0.0057015896035118524
2.0,0.7894736842105263,0.868421052631579,0.05463383200775923,0.0012888512452023863,0.0476755042012508,-0.005669476561306043
2.0,0.7894736842105263,0.8947368421052632,0.058573179135956485,0.0013201774543154213,0.051614851329448055,-0.005638150352193007
2.0,0.7894736842105263,0.9210526315789473,0.06249893242259214,0.0013507177311791274,0.055540604616083705,-0.005607610075329302
2.0,0.7894736842105263,0.9473684210526315,0.06640253413788356,0.0013805596813589243,0.059444206331375135,-0.005577768125149505
2.0,0.7894736842105263,0.9736842105263157,0.07031224466921099,0.0014094955548085149,0.06335391686270256,-0.0055488322516999145
2.0,0.7894736842105263,1.0,0.07418407972717381,0.0014376722174252185,0.06722575192066538,-0.00552065558908321
2.0,0.8421052631578947,0.5,0.00714312812768398,0.0006800197229900639,0.00018480032117554682,-0.006278308083518365
2.0,0.8421052631578947,0.5263157894736842,0.009831163933743815,0.0007329460190587105,0.002872836127235382,-0.006225381787449719
2.0,0.8421052631578947,0.5526315789473684,0.012812752804015635,0.0007828990074986947,0.005854424997507202,-0.006175428799009734
2.0,0.8421052631578947,0.5789473684210527,0.016035871518563363,0.0008301287553161977,0.00907754371205493,-0.006128199051192231
2.0,0.8421052631578947,0.6052631578947368,0.019456520728946058,0.000874927181739184,0.012498192922437625,-0.006083400624769245
2.0,0.8421052631578947,0.631578947368421,0.023039160891414237,0.0009175724940834742,0.016080833084905804,-0.006040755312424955
2.0,0.8421052631578947,0.6578947368421053,0.02674932558027255,0.0009582662877424981,0.019790997773764116,-0.0060000615187659305
2.0,0.8421052631578947,0.6842105263157895,0.030565456261821583,0.0009971903900273782,0.02360712845531315,-0.005961137416481051
2.0,0.8421052631578947,0.7105263157894737,0.034462213159836365,0.001034609840320525,0.02750388535332793,-0.005923717966187904
2.0,0.8421052631578947,0.7368421052631579,0.03841588689918388,0.001070582488587497,0.03145755909267545,-0.005887745317920932
2.0,0.8421052631578947,0.763157894736842,0.04242157263193357,0.0011052826329608371,0.035463244825425136,-0.0058530451735475915
2.0,0.8421052631578947,0.7894736842105263,0.04645024156787997,0.0011386738868345491,0.03949191376137154,-0.00581965391967388
2.0,0.8421052631578947,0.8157894736842105,0.05050371937783607,0.0011712402147877681,0.04354539157132764,-0.005787087591720661
2.0,0.8421052631578947,0.8421052631578947,0.05455429134212633,0.0012026925431502535,0.0475959635356179,-0.005755635263358176
2.0,0.8421052631578947,0.868421052631579,0.058617801704540604,0.0012332149583596822,0.051659473898032174,-0.005725112848148747
2.0,0.8421052631578947,0.8947368421052632,0.06266372444846041,0.0012629045619886095,0.05570539664195198,-0.005695423244519819
2.0,0.8421052631578947,0.9210526315789473,0.0666794096203097,0.0012917372286670185,0.05972108181380127,-0.00566659057784141
2.0,0.8421052631578947,0.9473684210526315,0.07071354607058124,0.0013196851429823032,0.06375521826407281,-0.005638642663526126
2.0,0.8421052631578947,0.9736842105263157,0.07468670766672356,0.0013473444000247712,0.06772837986021513,-0.0056109834064836574
2.0,0.8421052631578947,1.0,0.0786213547761696,0.0013738397256463648,0.07166302696966118,-0.005584488080862064
2.0,0.894736842105263,0.5,0.008638984157521987,0.0006616044173151138,0.0016806563510135542,-0.006296723389193315
2.0,0.894736842105263,0.5263157894736842,0.011589017126955717,0.0007110667357452429,0.004630689320447284,-0.006247261070763186
2.0,0.894736842105263,0.5526315789473684,0.014815062177720748,0.0007578939840710844,0.007856734371212315,-0.006200433822437345
2.0,0.894736842105263,0.5789473684210527,0.0182667105846431,0.0008022951763581957,0.011308382778134667,-0.006156032630150233
2.0,0.894736842105263,0.6052631578947368,0.021903448754312535,0.00084453847577534,0.014945120947804102,-0.006113789330733089
2.0,0.894736842105263,0.631578947368421,0.025685676496448904,0.0008847675786561764,0.01872734868994047,-0.006073560227852252
2.0,0.894736842105263,0.6578947368421053,0.029584094410044698,0.0009232318628636098,0.022625766603536265,-0.006035095943644819
2.0,0.894736842105263,0.6842105263157895,0.03357612523030447,0.0009600490506497161,0.026617797423796035,-0.0059982787558587125
2.0,0.894736842105263,0.7105263157894737,0.03763796561777204,0.0009954136032550116,0.030679637811263604,-0.005962914203253417
2.0,0.894736842105263,0.7368421052631579,0.04174997202387761,0.0010295433130598321,0.034791644217369175,-0.0059287844934485965
2.0,0.894736842105263,0.763157894736842,0.04588990148208778,0.0010624771877362003,0.03893157367557935,-0.005895850618772229
2.0,0.894736842105263,0.7894736842105263,0.05005609049996536,0.0010941976725247697,0.04309776269345693,-0.00586413013398366
2.0,0.894736842105263,0.8157894736842105,0.054237945882709,0.0011249246821104287,0.04727961807620057,-0.005833403124398
2.0,0.894736842105263,0.8421052631578947,0.058403394938545156,0.0011547861645497906,0.051445067132036726,-0.005803541641958638
2.0,0.894736842105263,0.868421052631579,0.06257174784156631,0.0011836837467724768,0.055613420035057884,-0.005774644059735952
2.0,0.894736842105263,0.8947368421052632,0.06672186875624461,0.0012119147810312645,0.05976354094973618,-0.005746413025477164
2.0,0.894736842105263,0.9210526315789473,0.07086661642006596,0.0012394205854320663,0.06390828861355753,-0.005718907221076363
2.0,0.894736842105263,0.9473684210526315,0.0749501508281547,0.0012658825442748317,0.06799182302164627,-0.005692445262233597
2.0,0.894736842105263,0.9736842105263157,0.07901760881358555,0.0012921409107689887,0.07205928100707712,-0.00566618689573944
2.0,0.894736842105263,1.0,0.08305881514588073,0.00131732633367196,0.0761004873393723,-0.005641001472836469
2.0,0.9473684210526315,0.5,0.01023159728166157,0.0006454790545328832,0.003273269475153136,-0.0063128487519755454
2.0,0.9473684210526315,0.5263157894736842,0.0134324925724408,0.0006919199852671319,0.006474164765932367,-0.006266407821241297
2.0,0.9473684210526315,0.5526315789473684,0.016894124919797176,0.0007360030903668751,0.009935797113288743,-0.006222324716141554
2.0,0.9473684210526315,0.5789473684210527,0.02056403204148021,0.0007779161606255096,0.013605704234971778,-0.0061804116458829194
2.0,0.9473684210526315,0.6052631578947368,0.02440475959805046,0.0008178034195434997,0.017446431791542028,-0.006140524386964929
2.0,0.9473684210526315,0.631578947368421,0.02838123837631276,0.0008558993279184394,0.021422910569804325,-0.00610242847858999
2.0,0.9473684210526315,0.6578947368421053,0.03246021898058471,0.0008922807915693558,0.025501891174076276,-0.006066047014939073
2.0,0.9473684210526315,0.6842105263157895,0.036617855550497236,0.0009272674609315,0.029659527743988803,-0.006031060345576929
2.0,0.9473684210526315,0.7105263157894737,0.04083709994577833,0.0009608391489960848,0.0338787721392699,-0.005997488657512344
2.0,0.9473684210526315,0.7368421052631579,0.045089451606089445,0.0009932582567060355,0.038131123799581015,-0.005965069549802394
2.0,0.9473684210526315,0.763157894736842,0.049376393913432855,0.0010244765541184725,0.04241806610692442,-0.0059338512523899566
2.0,0.9473684210526315,0.7894736842105263,0.0536649972114058,0.0010547386628061372,0.04670666940489737,-0.005903589143702292
2.0,0.9473684210526315,0.8157894736842105,0.05796785138224061,0.0010839971538213738,0.05100952357573217,-0.005874330652687055
2.0,0.9473684210526315,0.8421052631578947,0.06225031478326432,0.001112363729075548,0.055291986976755886,-0.005845964077432881
2.0,0.9473684210526315,0.868421052631579,0.0665247617457398,0.001139860305271573,0.059566433939231375,-0.005818467501236856
2.0,0.9473684210526315,0.8947368421052632,0.07077297368723542,0.0011664881684380801,0.063814645880727,-0.005791839638070348
2.0,0.9473684210526315,0.9210526315789473,0.0749826206036825,0.001192736602031292,0.06802429279717408,-0.005765591204477137
2.0,0.9473684210526315,0.9473684210526315,0.07915935861413875,0.001217821327937319,0.07220103080763032,-0.00574050647857111
2.0,0.9473684210526315,0.9736842105263157,0.08331924125289322,0.0012428374610692467,0.07636091344638479,-0.005715490345439183
2.0,0.9473684210526315,1.0,0.08742492540359258,0.0012669469836245402,0.08046659759708415,-0.005691380822883889
2.0,1.0,0.5,0.011909954044223622,0.0006312308931761836,0.0049516262377151884,-0.006327096913332246
2.0,1.0,0.5263157894736842,0.015351786589222415,0.0006750216216393913,0.008393458782713982,-0.006283306184869037
2.0,1.0,0.5526315789473684,0.019038867647363067,0.0007166779219985996,0.012080539840854634,-0.006241649884509829
2.0,1.0,0.5789473684210527,0.022920778193474864,0.0007563274766686812,0.01596245038696643,-0.006202000329839748
2.0,1.0,0.6052631578947368,0.026956579353197122,0.0007941545921585214,0.01999825154668869,-0.006164173214349908
2.0,1.0,0.631578947368421,0.031111958883892624,0.0008302532428926027,0.02415363107738419,-0.006128074563615827
2.0,1.0,0.6578947368421053,0.03536550818414102,0.0008648994067560281,0.028407180377632586,-0.006093428399752401
2.0,1.0,0.6842105263157895,0.03967813204909171,0.0008981185647650677,0.03271980424258328,-0.006060209241743361
2.0,1.0,0.7105263157894737,0.04404388969637678,0.0009300486446773692,0.03708556188986835,-0.00602827916183106
2.0,1.0,0.7368421052631579,0.0484453637179037,0.000960917499384635,0.04148703591139527,-0.005997410307123794
2.0,1.0,0.763157894736842,0.05285706263829282,0.0009906506411066426,0.04589873483178439,-0.005967677165401786
2.0,1.0,0.7894736842105263,0.0572589043651858,0.0010193797078909019,0.05030057655867737,-0.005938948098617527
2.0,1.0,0.8157894736842105,0.06167737605131912,0.0010472446700436895,0.05471904824481069,-0.00591108313646474
2.0,1.0,0.8421052631578947,0.06606943271992607,0.0010743078317963664,0.059111104913417645,-0.005884019974712063
2.0,1.0,0.868421052631579,0.07042104142467685,0.0011005215031476205,0.06346271361816842,-0.005857806303360809
2.0,1.0,0.8947368421052632,0.07477906144792587,0.0011258951162150088,0.06782073364141744,-0.00583243269029342
2.0,1.0,0.9210526315789473,0.07905031383818928,0.0011508600860948874,0.07209198603168085,-0.0058074677204135415
2.0,1.0,0.9473684210526315,0.08333273261521504,0.0011749339081094615,0.07637440480870661,-0.005783393898398968
2.0,1.0,0.9736842105263157,0.08755688641686246,0.0011984190964011616,0.08059855861035403,-0.0057599087101072675
2.0,1.0,1.0,0.09171958448776502,0.0012215680297807943,0.08476125668125659,-0.005736759776727635
