phi_transmission,restoration_efficiency,mr,peak_I_high,peak_I_low,delta_peak_I_high,delta_peak_I_low
1.0,0.0,0.0,0.0004995004995004995,0.0004995004995004995,-0.006458870673900897,-0.006458870673900897
1.0,0.0,0.02040816326530612,0.0004995004995004995,0.0004995004995004995,-0.006458870673900897,-0.006458870673900897
1.0,0.0,0.04081632653061224,0.0004995004995004995,0.0004995004995004995,-0.006458870673900897,-0.006458870673900897
1.0,0.0,0.061224489795918366,0.0004995004995004995,0.0004995004995004995,-0.006458870673900897,-0.006458870673900897
1.0,0.0,0.08163265306122448,0.0004995004995004995,0.0004995004995004995,-0.006458870673900897,-0.006458870673900897
1.0,0.0,0.1020408163265306,0.0004995004995004995,0.0004995004995004995,-0.006458870673900897,-0.006458870673900897
1.0,0.0,0.12244897959183673,0.0004995004995004995,0.0004995004995004995,-0.006458870673900897,-0.006458870673900897
1.0,0.0,0.14285714285714285,0.0004995004995004995,0.0004995004995004995,-0.006458870673900897,-0.006458870673900897
1.0,0.0,0.16326530612244897,0.0004995004995004995,0.0004995004995004995,-0.006458870673900897,-0.006458870673900897
1.0,0.0,0.18367346938775508,0.0004995004995004995,0.0004995004995004995,-0.006458870673900897,-0.006458870673900897
1.0,0.0,0.2040816326530612,0.0004995004995004995,0.0004995004995004995,-0.006458870673900897,-0.006458870673900897
1.0,0.0,0.22448979591836732,0.0004995004995004995,0.0004995004995004995,-0.006458870673900897,-0.006458870673900897
1.0,0.0,0.24489795918367346,0.0004995004995004995,0.0004995004995004995,-0.006458870673900897,-0.006458870673900897
1.0,0.0,0.26530612244897955,0.0004995004995004995,0.0004995004995004995,-0.006458870673900897,-0.006458870673900897
1.0,0.0,0.2857142857142857,0.0004995004995004995,0.0004995004995004995,-0.006458870673900897,-0.006458870673900897
1.0,0.0,0.3061224489795918,0.0004995004995004995,0.0004995004995004995,-0.006458870673900897,-0.006458870673900897
1.0,0.0,0.32653061224489793,0.0004995004995004995,0.0004995004995004995,-0.006458870673900897,-0.006458870673900897
1.0,0.0,0.3469387755102041,0.0004995004995004995,0.0004995004995004995,-0.006458870673900897,-0.006458870673900897
1.0,0.0,0.36734693877551017,0.0004995004995004995,0.0004995004995004995,-0.006458870673900897,-0.006458870673900897
1.0,0.0,0.3877551020408163,0.0004995004995004995,0.0004995004995004995,-0.006458870673900897,-0.006458870673900897
1.0,0.0,0.4081632653061224,0.0004995004995004995,0.0004995004995004995,-0.006458870673900897,-0.006458870673900897
1.0,0.0,0.42857142857142855,0.0005541048790764151,0.0005541048790764151,-0.0064042662943249815,-0.0064042662943249815
1.0,0.0,0.44897959183673464,0.0006349145761744147,0.0006349145761744147,-0.006323456597226981,-0.006323456597226981
1.0,0.0,0.4693877551020408,0.0007305417485480854,0.0007305417485480854,-0.006227829424853311,-0.006227829424853311
1.0,0.0,0.4897959183673469,0.0008404267171517846,0.0008404267171517846,-0.006117944456249611,-0.006117944456249611
1.0,0.0,0.5102040816326531,0.0009640449602712161,0.0009640449602712161,-0.00599432621313018,-0.00599432621313018
1.0,0.0,0.5306122448979591,0.0011009081559741518,0.0011009081559741518,-0.005857463017427244,-0.005857463017427244
1.0,0.0,0.5510204081632653,0.0012504780677323362,0.0012504780677323362,-0.00570789310566906,-0.00570789310566906
1.0,0.0,0.5714285714285714,0.0014123118308140043,0.0014123118308140043,-0.0055460593425873915,-0.0055460593425873915
1.0,0.0,0.5918367346938775,0.0015859513347592036,0.0015859513347592751,-0.005372419838642193,-0.005372419838642121
1.0,0.0,0.6122448979591836,0.0017708950122410556,0.0017708950122410556,-0.00518747616116034,-0.00518747616116034
1.0,0.0,0.6326530612244897,0.0019668041719174433,0.0019668041719174433,-0.004991567001483952,-0.004991567001483952
1.0,0.0,0.6530612244897959,0.0021732152489193322,0.0021732152489193322,-0.004785155924482064,-0.004785155924482064
1.0,0.0,0.673469387755102,0.0023897848660629274,0.0023897848660629274,-0.004568586307338468,-0.004568586307338468
1.0,0.0,0.6938775510204082,0.0026160869367796206,0.0026160869367796206,-0.004342284236621776,-0.004342284236621776
1.0,0.0,0.7142857142857142,0.002851698963554303,0.002851698963554303,-0.004106672209847093,-0.004106672209847093
1.0,0.0,0.7346938775510203,0.0030964626015118637,0.0030964626015118637,-0.0038619085718895325,-0.0038619085718895325
1.0,0.0,0.7551020408163265,0.0033498263465055224,0.0033498263465055224,-0.003608544826895874,-0.003608544826895874
1.0,0.0,0.7755102040816326,0.003611520733795259,0.003611520733795259,-0.0033468504396061373,-0.0033468504396061373
1.0,0.0,0.7959183673469387,0.003881262742348603,0.003881262742348603,-0.003077108431052793,-0.003077108431052793
1.0,0.0,0.8163265306122448,0.0041587943214187375,0.0041587943214187375,-0.0027995768519826587,-0.0027995768519826587
1.0,0.0,0.836734693877551,0.004443710127262877,0.004443710127262877,-0.002514661046138519,-0.002514661046138519
1.0,0.0,0.8571428571428571,0.004735740476521889,0.004735740476521889,-0.002222630696879507,-0.002222630696879507
1.0,0.0,0.8775510204081632,0.005034736511516286,0.005034736511516286,-0.0019236346618851105,-0.0019236346618851105
1.0,0.0,0.8979591836734693,0.005340399826924653,0.005340399826924653,-0.0016179713464767433,-0.0016179713464767433
1.0,0.0,0.9183673469387754,0.005652253100618105,0.005652253100618105,-0.0013061180727832909,-0.0013061180727832909
1.0,0.0,0.9387755102040816,0.005970261409800094,0.005970261409800094,-0.000988109763601302,-0.000988109763601302
1.0,0.0,0.9591836734693877,0.006294179612181566,0.006294179612181566,-0.0006641915612198299,-0.0006641915612198299
1.0,0.0,0.9795918367346939,0.006623724021383949,0.006623724021384034,-0.0003346471520174468,-0.0003346471520173618
1.0,0.0,1.0,0.006958371173401396,0.006958371173401396,0.0,0.0
1.0,0.02040816326530612,0.0,0.0004995004995004995,0.0004995004995004995,-0.006458870673900897,-0.006458870673900897
1.0,0.02040816326530612,0.02040816326530612,0.0004995004995004995,0.0004995004995004995,-0.006458870673900897,-0.006458870673900897
1.0,0.02040816326530612,0.04081632653061224,0.0004995004995004995,0.0004995004995004995,-0.006458870673900897,-0.006458870673900897
1.0,0.02040816326530612,0.061224489795918366,0.0004995004995004995,0.0004995004995004995,-0.006458870673900897,-0.006458870673900897
1.0,0.02040816326530612,0.08163265306122448,0.0004995004995004995,0.0004995004995004995,-0.006458870673900897,-0.006458870673900897
1.0,0.02040816326530612,0.1020408163265306,0.0004995004995004995,0.0004995004995004995,-0.006458870673900897,-0.006458870673900897
1.0,0.02040816326530612,0.12244897959183673,0.0004995004995004995,0.0004995004995004995,-0.006458870673900897,-0.006458870673900897
1.0,0.02040816326530612,0.14285714285714285,0.0004995004995004995,0.0004995004995004995,-0.006458870673900897,-0.006458870673900897
1.0,0.02040816326530612,0.16326530612244897,0.0004995004995004995,0.0004995004995004995,-0.006458870673900897,-0.006458870673900897
1.0,0.02040816326530612,0.18367346938775508,0.0004995004995004995,0.0004995004995004995,-0.006458870673900897,-0.006458870673900897
1.0,0.02040816326530612,0.2040816326530612,0.0004995004995004995,0.0004995004995004995,-0.006458870673900897,-0.006458870673900897
1.0,0.02040816326530612,0.22448979591836732,0.0004995004995004995,0.0004995004995004995,-0.006458870673900897,-0.006458870673900897
1.0,0.02040816326530612,0.24489795918367346,0.0004995004995004995,0.0004995004995004995,-0.006458870673900897,-0.006458870673900897
1.0,0.02040816326530612,0.26530612244897955,0.0004995004995004995,0.0004995004995004995,-0.006458870673900897,-0.006458870673900897
1.0,0.02040816326530612,0.2857142857142857,0.0004995004995004995,0.0004995004995004995,-0.006458870673900897,-0.006458870673900897
1.0,0.02040816326530612,0.3061224489795918,0.0004995004995004995,0.0004995004995004995,-0.006458870673900897,-0.006458870673900897
1.0,0.02040816326530612,0.32653061224489793,0.0004995004995004995,0.0004995004995004995,-0.006458870673900897,-0.006458870673900897
1.0,0.02040816326530612,0.3469387755102041,0.0004995004995004995,0.0004995004995004995,-0.006458870673900897,-0.006458870673900897
1.0,0.02040816326530612,0.36734693877551017,0.0004995004995004995,0.0004995004995004995,-0.006458870673900897,-0.006458870673900897
1.0,0.02040816326530612,0.3877551020408163,0.0004995004995004995,0.0004995004995004995,-0.006458870673900897,-0.006458870673900897
1.0,0.02040816326530612,0.4081632653061224,0.0004995004995004995,0.0004995004995004995,-0.006458870673900897,-0.006458870673900897
1.0,0.02040816326530612,0.42857142857142855,0.0005541048790764151,0.0005541048790764151,-0.0064042662943249815,-0.0064042662943249815
1.0,0.02040816326530612,0.44897959183673464,0.0006349145761744147,0.0006349145761744147,-0.006323456597226981,-0.006323456597226981
1.0,0.02040816326530612,0.4693877551020408,0.0007305417485480854,0.0007305417485480854,-0.006227829424853311,-0.006227829424853311
1.0,0.02040816326530612,0.4897959183673469,0.0008404267171517846,0.0008404267171517846,-0.006117944456249611,-0.006117944456249611
1.0,0.02040816326530612,0.5102040816326531,0.0009640449602712161,0.0009640449602712161,-0.00599432621313018,-0.00599432621313018
1.0,0.02040816326530612,0.5306122448979591,0.0011009081559741518,0.0011009081559741518,-0.005857463017427244,-0.005857463017427244
1.0,0.02040816326530612,0.5510204081632653,0.0012504780677323362,0.0012504780677323362,-0.00570789310566906,-0.00570789310566906
1.0,0.02040816326530612,0.5714285714285714,0.0014123118308140043,0.0014123118308140043,-0.0055460593425873915,-0.0055460593425873915
1.0,0.02040816326530612,0.5918367346938775,0.0015859513347592036,0.0015859513347592751,-0.005372419838642193,-0.005372419838642121
1.0,0.02040816326530612,0.6122448979591836,0.0017708950122410556,0.0017708950122410556,-0.00518747616116034,-0.00518747616116034
1.0,0.02040816326530612,0.6326530612244897,0.0019668041719174433,0.0019668041719174433,-0.004991567001483952,-0.004991567001483952
1.0,0.02040816326530612,0.6530612244897959,0.0021732152489193322,0.0021732152489193322,-0.004785155924482064,-0.004785155924482064
1.0,0.02040816326530612,0.673469387755102,0.0023897848660629274,0.0023897848660629274,-0.004568586307338468,-0.004568586307338468
1.0,0.02040816326530612,0.6938775510204082,0.0026160869367796206,0.0026160869367796206,-0.004342284236621776,-0.004342284236621776
1.0,0.02040816326530612,0.7142857142857142,0.002851698963554303,0.002851698963554303,-0.004106672209847093,-0.004106672209847093
1.0,0.02040816326530612,0.7346938775510203,0.0030964626015118637,0.0030964626015118637,-0.0038619085718895325,-0.0038619085718895325
1.0,0.02040816326530612,0.7551020408163265,0.0033498263465055224,0.0033498263465055224,-0.003608544826895874,-0.003608544826895874
1.0,0.02040816326530612,0.7755102040816326,0.003611520733795259,0.003611520733795259,-0.0033468504396061373,-0.0033468504396061373
1.0,0.02040816326530612,0.7959183673469387,0.003881262742348603,0.003881262742348603,-0.003077108431052793,-0.003077108431052793
1.0,0.02040816326530612,0.8163265306122448,0.0041587943214187375,0.0041587943214187375,-0.0027995768519826587,-0.0027995768519826587
1.0,0.02040816326530612,0.836734693877551,0.004443710127262877,0.004443710127262877,-0.002514661046138519,-0.002514661046138519
1.0,0.02040816326530612,0.8571428571428571,0.004735740476521889,0.004735740476521889,-0.002222630696879507,-0.002222630696879507
1.0,0.02040816326530612,0.8775510204081632,0.005034736511516286,0.005034736511516286,-0.0019236346618851105,-0.0019236346618851105
1.0,0.02040816326530612,0.8979591836734693,0.005340399826924653,0.005340399826924653,-0.0016179713464767433,-0.0016179713464767433
1.0,0.02040816326530612,0.9183673469387754,0.005652253100618105,0.005652253100618105,-0.0013061180727832909,-0.0013061180727832909
1.0,0.02040816326530612,0.9387755102040816,0.005970261409800094,0.005970261409800094,-0.000988109763601302,-0.000988109763601302
1.0,0.02040816326530612,0.9591836734693877,0.006294179612181566,0.006294179612181566,-0.0006641915612198299,-0.0006641915612198299
1.0,0.02040816326530612,0.9795918367346939,0.006623724021383949,0.006623724021384034,-0.0003346471520174468,-0.0003346471520173618
1.0,0.02040816326530612,1.0,0.006958371173401396,0.006958371173401396,0.0,0.0
1.0,0.04081632653061224,0.0,0.0004995004995004995,0.0004995004995004995,-0.006458870673900897,-0.006458870673900897
1.0,0.04081632653061224,0.02040816326530612,0.0004995004995004995,0.0004995004995004995,-0.006458870673900897,-0.006458870673900897
1.0,0.04081632653061224,0.04081632653061224,0.0004995004995004995,0.0004995004995004995,-0.006458870673900897,-0.006458870673900897
1.0,0.04081632653061224,0.061224489795918366,0.0004995004995004995,0.0004995004995004995,-0.006458870673900897,-0.006458870673900897
1.0,0.04081632653061224,0.08163265306122448,0.0004995004995004995,0.0004995004995004995,-0.006458870673900897,-0.006458870673900897
1.0,0.04081632653061224,0.1020408163265306,0.0004995004995004995,0.0004995004995004995,-0.006458870673900897,-0.006458870673900897
1.0,0.04081632653061224,0.12244897959183673,0.0004995004995004995,0.0004995004995004995,-0.006458870673900897,-0.006458870673900897
1.0,0.04081632653061224,0.14285714285714285,0.0004995004995004995,0.0004995004995004995,-0.006458870673900897,-0.006458870673900897
1.0,0.04081632653061224,0.16326530612244897,0.0004995004995004995,0.0004995004995004995,-0.006458870673900897,-0.006458870673900897
1.0,0.04081632653061224,0.18367346938775508,0.0004995004995004995,0.0004995004995004995,-0.006458870673900897,-0.006458870673900897
1.0,0.04081632653061224,0.2040816326530612,0.0004995004995004995,0.0004995004995004995,-0.006458870673900897,-0.006458870673900897
1.0,0.04081632653061224,0.22448979591836732,0.0004995004995004995,0.0004995004995004995,-0.006458870673900897,-0.006458870673900897
1.0,0.04081632653061224,0.24489795918367346,0.0004995004995004995,0.0004995004995004995,-0.006458870673900897,-0.006458870673900897
1.0,0.04081632653061224,0.26530612244897955,0.0004995004995004995,0.0004995004995004995,-0.006458870673900897,-0.006458870673900897
1.0,0.04081632653061224,0.2857142857142857,0.0004995004995004995,0.0004995004995004995,-0.006458870673900897,-0.006458870673900897
1.0,0.04081632653061224,0.3061224489795918,0.0004995004995004995,0.0004995004995004995,-0.006458870673900897,-0.006458870673900897
1.0,0.04081632653061224,0.32653061224489793,0.0004995004995004995,0.0004995004995004995,-0.006458870673900897,-0.006458870673900897
1.0,0.04081632653061224,0.3469387755102041,0.0004995004995004995,0.0004995004995004995,-0.006458870673900897,-0.006458870673900897
1.0,0.04081632653061224,0.36734693877551017,0.0004995004995004995,0.0004995004995004995,-0.006458870673900897,-0.006458870673900897
1.0,0.04081632653061224,0.3877551020408163,0.0004995004995004995,0.0004995004995004995,-0.006458870673900897,-0.006458870673900897
1.0,0.04081632653061224,0.4081632653061224,0.0004995004995004995,0.0004995004995004995,-0.006458870673900897,-0.006458870673900897
1.0,0.04081632653061224,0.42857142857142855,0.0005541048790764151,0.0005541048790764151,-0.0064042662943249815,-0.0064042662943249815
1.0,0.04081632653061224,0.44897959183673464,0.0006349145761744147,0.0006349145761744147,-0.006323456597226981,-0.006323456597226981
1.0,0.04081632653061224,0.4693877551020408,0.0007305417485480854,0.0007305417485480854,-0.006227829424853311,-0.006227829424853311
1.0,0.04081632653061224,0.4897959183673469,0.0008404267171517846,0.0008404267171517846,-0.006117944456249611,-0.006117944456249611
1.0,0.04081632653061224,0.5102040816326531,0.0009640449602712161,0.0009640449602712161,-0.00599432621313018,-0.00599432621313018
1.0,0.04081632653061224,0.5306122448979591,0.0011009081559741518,0.0011009081559741518,-0.005857463017427244,-0.005857463017427244
1.0,0.04081632653061224,0.5510204081632653,0.0012504780677323362,0.0012504780677323362,-0.00570789310566906,-0.00570789310566906
1.0,0.04081632653061224,0.5714285714285714,0.0014123118308140043,0.0014123118308140043,-0.0055460593425873915,-0.0055460593425873915
1.0,0.04081632653061224,0.5918367346938775,0.0015859513347592036,0.0015859513347592751,-0.005372419838642193,-0.005372419838642121
1.0,0.04081632653061224,0.6122448979591836,0.0017708950122410556,0.0017708950122410556,-0.00518747616116034,-0.00518747616116034
1.0,0.04081632653061224,0.6326530612244897,0.0019668041719174433,0.0019668041719174433,-0.004991567001483952,-0.004991567001483952
1.0,0.04081632653061224,0.6530612244897959,0.0021732152489193322,0.0021732152489193322,-0.004785155924482064,-0.004785155924482064
1.0,0.04081632653061224,0.673469387755102,0.0023897848660629274,0.0023897848660629274,-0.004568586307338468,-0.004568586307338468
1.0,0.04081632653061224,0.6938775510204082,0.0026160869367796206,0.0026160869367796206,-0.004342284236621776,-0.004342284236621776
1.0,0.04081632653061224,0.7142857142857142,0.002851698963554303,0.002851698963554303,-0.004106672209847093,-0.004106672209847093
1.0,0.04081632653061224,0.7346938775510203,0.0030964626015118637,0.0030964626015118637,-0.0038619085718895325,-0.0038619085718895325
1.0,0.04081632653061224,0.7551020408163265,0.0033498263465055224,0.0033498263465055224,-0.003608544826895874,-0.003608544826895874
1.0,0.04081632653061224,0.7755102040816326,0.003611520733795259,0.003611520733795259,-0.0033468504396061373,-0.0033468504396061373
1.0,0.04081632653061224,0.7959183673469387,0.003881262742348603,0.003881262742348603,-0.003077108431052793,-0.003077108431052793
1.0,0.04081632653061224,0.8163265306122448,0.0041587943214187375,0.0041587943214187375,-0.0027995768519826587,-0.0027995768519826587
1.0,0.04081632653061224,0.836734693877551,0.004443710127262877,0.004443710127262877,-0.002514661046138519,-0.002514661046138519
1.0,0.04081632653061224,0.8571428571428571,0.004735740476521889,0.004735740476521889,-0.002222630696879507,-0.002222630696879507
1.0,0.04081632653061224,0.8775510204081632,0.005034736511516286,0.005034736511516286,-0.0019236346618851105,-0.0019236346618851105
1.0,0.04081632653061224,0.8979591836734693,0.005340399826924653,0.005340399826924653,-0.0016179713464767433,-0.0016179713464767433
1.0,0.04081632653061224,0.9183673469387754,0.005652253100618105,0.005652253100618105,-0.0013061180727832909,-0.0013061180727832909
1.0,0.04081632653061224,0.9387755102040816,0.005970261409800094,0.005970261409800094,-0.000988109763601302,-0.000988109763601302
1.0,0.04081632653061224,0.9591836734693877,0.006294179612181566,0.006294179612181566,-0.0006641915612198299,-0.0006641915612198299
1.0,0.04081632653061224,0.9795918367346939,0.006623724021383949,0.006623724021384034,-0.0003346471520174468,-0.0003346471520173618
1.0,0.04081632653061224,1.0,0.006958371173401396,0.006958371173401396,0.0,0.0
1.0,0.061224489795918366,0.0,0.0004995004995004995,0.0004995004995004995,-0.006458870673900897,-0.006458870673900897
1.0,0.061224489795918366,0.02040816326530612,0.0004995004995004995,0.0004995004995004995,-0.006458870673900897,-0.006458870673900897
1.0,0.061224489795918366,0.04081632653061224,0.0004995004995004995,0.0004995004995004995,-0.006458870673900897,-0.006458870673900897
1.0,0.061224489795918366,0.061224489795918366,0.0004995004995004995,0.0004995004995004995,-0.006458870673900897,-0.006458870673900897
1.0,0.061224489795918366,0.08163265306122448,0.0004995004995004995,0.0004995004995004995,-0.006458870673900897,-0.006458870673900897
1.0,0.061224489795918366,0.1020408163265306,0.0004995004995004995,0.0004995004995004995,-0.006458870673900897,-0.006458870673900897
1.0,0.061224489795918366,0.12244897959183673,0.0004995004995004995,0.0004995004995004995,-0.006458870673900897,-0.006458870673900897
1.0,0.061224489795918366,0.14285714285714285,0.0004995004995004995,0.0004995004995004995,-0.006458870673900897,-0.006458870673900897
1.0,0.061224489795918366,0.16326530612244897,0.0004995004995004995,0.0004995004995004995,-0.006458870673900897,-0.006458870673900897
1.0,0.061224489795918366,0.18367346938775508,0.0004995004995004995,0.0004995004995004995,-0.006458870673900897,-0.006458870673900897
1.0,0.061224489795918366,0.2040816326530612,0.0004995004995004995,0.0004995004995004995,-0.006458870673900897,-0.006458870673900897
1.0,0.061224489795918366,0.22448979591836732,0.0004995004995004995,0.0004995004995004995,-0.006458870673900897,-0.006458870673900897
1.0,0.061224489795918366,0.24489795918367346,0.0004995004995004995,0.0004995004995004995,-0.006458870673900897,-0.006458870673900897
1.0,0.061224489795918366,0.26530612244897955,0.0004995004995004995,0.0004995004995004995,-0.006458870673900897,-0.006458870673900897
1.0,0.061224489795918366,0.2857142857142857,0.0004995004995004995,0.0004995004995004995,-0.006458870673900897,-0.006458870673900897
1.0,0.061224489795918366,0.3061224489795918,0.0004995004995004995,0.0004995004995004995,-0.006458870673900897,-0.006458870673900897
1.0,0.061224489795918366,0.32653061224489793,0.0004995004995004995,0.0004995004995004995,-0.006458870673900897,-0.006458870673900897
1.0,0.061224489795918366,0.3469387755102041,0.0004995004995004995,0.0004995004995004995,-0.006458870673900897,-0.006458870673900897
1.0,0.061224489795918366,0.36734693877551017,0.0004995004995004995,0.0004995004995004995,-0.006458870673900897,-0.006458870673900897
1.0,0.061224489795918366,0.3877551020408163,0.0004995004995004995,0.0004995004995004995,-0.006458870673900897,-0.006458870673900897
1.0,0.061224489795918366,0.4081632653061224,0.0004995004995004995,0.0004995004995004995,-0.006458870673900897,-0.006458870673900897
1.0,0.061224489795918366,0.42857142857142855,0.0005541048790764151,0.0005541048790764151,-0.0064042662943249815,-0.0064042662943249815
1.0,0.061224489795918366,0.44897959183673464,0.0006349145761744147,0.0006349145761744147,-0.006323456597226981,-0.006323456597226981
1.0,0.061224489795918366,0.4693877551020408,0.0007305417485480854,0.0007305417485480854,-0.006227829424853311,-0.006227829424853311
1.0,0.061224489795918366,0.4897959183673469,0.0008404267171517846,0.0008404267171517846,-0.006117944456249611,-0.006117944456249611
1.0,0.061224489795918366,0.5102040816326531,0.0009640449602712161,0.0009640449602712161,-0.00599432621313018,-0.00599432621313018
1.0,0.061224489795918366,0.5306122448979591,0.0011009081559741518,0.0011009081559741518,-0.005857463017427244,-0.005857463017427244
1.0,0.061224489795918366,0.5510204081632653,0.0012504780677323362,0.0012504780677323362,-0.00570789310566906,-0.00570789310566906
1.0,0.061224489795918366,0.5714285714285714,0.0014123118308140043,0.0014123118308140043,-0.0055460593425873915,-0.0055460593425873915
1.0,0.061224489795918366,0.5918367346938775,0.0015859513347592036,0.0015859513347592751,-0.005372419838642193,-0.005372419838642121
1.0,0.061224489795918366,0.6122448979591836,0.0017708950122410556,0.0017708950122410556,-0.00518747616116034,-0.00518747616116034
1.0,0.061224489795918366,0.6326530612244897,0.0019668041719174433,0.0019668041719174433,-0.004991567001483952,-0.004991567001483952
1.0,0.061224489795918366,0.6530612244897959,0.0021732152489193322,0.0021732152489193322,-0.004785155924482064,-0.004785155924482064
1.0,0.061224489795918366,0.673469387755102,0.0023897848660629274,0.0023897848660629274,-0.004568586307338468,-0.004568586307338468
1.0,0.061224489795918366,0.6938775510204082,0.0026160869367796206,0.0026160869367796206,-0.004342284236621776,-0.004342284236621776
1.0,0.061224489795918366,0.7142857142857142,0.002851698963554303,0.002851698963554303,-0.004106672209847093,-0.004106672209847093
1.0,0.061224489795918366,0.7346938775510203,0.0030964626015118637,0.0030964626015118637,-0.0038619085718895325,-0.0038619085718895325
1.0,0.061224489795918366,0.7551020408163265,0.0033498263465055224,0.0033498263465055224,-0.003608544826895874,-0.003608544826895874
1.0,0.061224489795918366,0.7755102040816326,0.003611520733795259,0.003611520733795259,-0.0033468504396061373,-0.0033468504396061373
1.0,0.061224489795918366,0.7959183673469387,0.003881262742348603,0.003881262742348603,-0.003077108431052793,-0.003077108431052793
1.0,0.061224489795918366,0.8163265306122448,0.0041587943214187375,0.0041587943214187375,-0.0027995768519826587,-0.0027995768519826587
1.0,0.061224489795918366,0.836734693877551,0.004443710127262877,0.004443710127262877,-0.002514661046138519,-0.002514661046138519
1.0,0.061224489795918366,0.8571428571428571,0.004735740476521889,0.004735740476521889,-0.002222630696879507,-0.002222630696879507
1.0,0.061224489795918366,0.8775510204081632,0.005034736511516286,0.005034736511516286,-0.0019236346618851105,-0.0019236346618851105
1.0,0.061224489795918366,0.8979591836734693,0.005340399826924653,0.005340399826924653,-0.0016179713464767433,-0.0016179713464767433
1.0,0.061224489795918366,0.9183673469387754,0.005652253100618105,0.005652253100618105,-0.0013061180727832909,-0.0013061180727832909
1.0,0.061224489795918366,0.9387755102040816,0.005970261409800094,0.005970261409800094,-0.000988109763601302,-0.000988109763601302
1.0,0.061224489795918366,0.9591836734693877,0.006294179612181566,0.006294179612181566,-0.0006641915612198299,-0.0006641915612198299
1.0,0.061224489795918366,0.9795918367346939,0.006623724021383949,0.006623724021384034,-0.0003346471520174468,-0.0003346471520173618
1.0,0.061224489795918366,1.0,0.006958371173401396,0.006958371173401396,0.0,0.0
1.0,0.08163265306122448,0.0,0.0004995004995004995,0.0004995004995004995,-0.006458870673900897,-0.006458870673900897
1.0,0.08163265306122448,0.02040816326530612,0.0004995004995004995,0.0004995004995004995,-0.006458870673900897,-0.006458870673900897
1.0,0.08163265306122448,0.04081632653061224,0.0004995004995004995,0.0004995004995004995,-0.006458870673900897,-0.006458870673900897
1.0,0.08163265306122448,0.061224489795918366,0.0004995004995004995,0.0004995004995004995,-0.006458870673900897,-0.006458870673900897
1.0,0.08163265306122448,0.08163265306122448,0.0004995004995004995,0.0004995004995004995,-0.006458870673900897,-0.006458870673900897
1.0,0.08163265306122448,0.1020408163265306,0.0004995004995004995,0.0004995004995004995,-0.006458870673900897,-0.006458870673900897
1.0,0.08163265306122448,0.12244897959183673,0.0004995004995004995,0.0004995004995004995,-0.006458870673900897,-0.006458870673900897
1.0,0.08163265306122448,0.14285714285714285,0.0004995004995004995,0.0004995004995004995,-0.006458870673900897,-0.006458870673900897
1.0,0.08163265306122448,0.16326530612244897,0.0004995004995004995,0.0004995004995004995,-0.006458870673900897,-0.006458870673900897
1.0,0.08163265306122448,0.18367346938775508,0.0004995004995004995,0.0004995004995004995,-0.006458870673900897,-0.006458870673900897
1.0,0.08163265306122448,0.2040816326530612,0.0004995004995004995,0.0004995004995004995,-0.006458870673900897,-0.006458870673900897
1.0,0.08163265306122448,0.22448979591836732,0.0004995004995004995,0.0004995004995004995,-0.006458870673900897,-0.006458870673900897
1.0,0.08163265306122448,0.24489795918367346,0.0004995004995004995,0.0004995004995004995,-0.006458870673900897,-0.006458870673900897
1.0,0.08163265306122448,0.26530612244897955,0.0004995004995004995,0.0004995004995004995,-0.006458870673900897,-0.006458870673900897
1.0,0.08163265306122448,0.2857142857142857,0.0004995004995004995,0.0004995004995004995,-0.006458870673900897,-0.006458870673900897
1.0,0.08163265306122448,0.3061224489795918,0.0004995004995004995,0.0004995004995004995,-0.006458870673900897,-0.006458870673900897
1.0,0.08163265306122448,0.32653061224489793,0.0004995004995004995,0.0004995004995004995,-0.006458870673900897,-0.006458870673900897
1.0,0.08163265306122448,0.3469387755102041,0.0004995004995004995,0.0004995004995004995,-0.006458870673900897,-0.006458870673900897
1.0,0.08163265306122448,0.36734693877551017,0.0004995004995004995,0.0004995004995004995,-0.006458870673900897,-0.006458870673900897
1.0,0.08163265306122448,0.3877551020408163,0.0004995004995004995,0.0004995004995004995,-0.006458870673900897,-0.006458870673900897
1.0,0.08163265306122448,0.4081632653061224,0.0004995004995004995,0.0004995004995004995,-0.006458870673900897,-0.006458870673900897
1.0,0.08163265306122448,0.42857142857142855,0.0005541048790764151,0.0005541048790764151,-0.0064042662943249815,-0.0064042662943249815
1.0,0.08163265306122448,0.44897959183673464,0.0006349145761744147,0.0006349145761744147,-0.006323456597226981,-0.006323456597226981
1.0,0.08163265306122448,0.4693877551020408,0.0007305417485480854,0.0007305417485480854,-0.006227829424853311,-0.006227829424853311
1.0,0.08163265306122448,0.4897959183673469,0.0008404267171517846,0.0008404267171517846,-0.006117944456249611,-0.006117944456249611
1.0,0.08163265306122448,0.5102040816326531,0.0009640449602712161,0.0009640449602712161,-0.00599432621313018,-0.00599432621313018
1.0,0.08163265306122448,0.5306122448979591,0.0011009081559741518,0.0011009081559741518,-0.005857463017427244,-0.005857463017427244
1.0,0.08163265306122448,0.5510204081632653,0.0012504780677323362,0.0012504780677323362,-0.00570789310566906,-0.00570789310566906
1.0,0.08163265306122448,0.5714285714285714,0.0014123118308140043,0.0014123118308140043,-0.0055460593425873915,-0.0055460593425873915
1.0,0.08163265306122448,0.5918367346938775,0.0015859513347592036,0.0015859513347592751,-0.005372419838642193,-0.005372419838642121
1.0,0.08163265306122448,0.6122448979591836,0.0017708950122410556,0.0017708950122410556,-0.00518747616116034,-0.00518747616116034
1.0,0.08163265306122448,0.6326530612244897,0.0019668041719174433,0.0019668041719174433,-0.004991567001483952,-0.004991567001483952
1.0,0.08163265306122448,0.6530612244897959,0.0021732152489193322,0.0021732152489193322,-0.004785155924482064,-0.004785155924482064
1.0,0.08163265306122448,0.673469387755102,0.0023897848660629274,0.0023897848660629274,-0.004568586307338468,-0.004568586307338468
1.0,0.08163265306122448,0.6938775510204082,0.0026160869367796206,0.0026160869367796206,-0.004342284236621776,-0.004342284236621776
1.0,0.08163265306122448,0.7142857142857142,0.002851698963554303,0.002851698963554303,-0.004106672209847093,-0.004106672209847093
1.0,0.08163265306122448,0.7346938775510203,0.0030964626015118637,0.0030964626015118637,-0.0038619085718895325,-0.0038619085718895325
1.0,0.08163265306122448,0.7551020408163265,0.0033498263465055224,0.0033498263465055224,-0.003608544826895874,-0.003608544826895874
1.0,0.08163265306122448,0.7755102040816326,0.003611520733795259,0.003611520733795259,-0.0033468504396061373,-0.0033468504396061373
1.0,0.08163265306122448,0.7959183673469387,0.003881262742348603,0.003881262742348603,-0.003077108431052793,-0.003077108431052793
1.0,0.08163265306122448,0.8163265306122448,0.0041587943214187375,0.0041587943214187375,-0.0027995768519826587,-0.0027995768519826587
1.0,0.08163265306122448,0.836734693877551,0.004443710127262877,0.004443710127262877,-0.002514661046138519,-0.002514661046138519
1.0,0.08163265306122448,0.8571428571428571,0.004735740476521889,0.004735740476521889,-0.002222630696879507,-0.002222630696879507
1.0,0.08163265306122448,0.8775510204081632,0.005034736511516286,0.005034736511516286,-0.0019236346618851105,-0.0019236346618851105
1.0,0.08163265306122448,0.8979591836734693,0.005340399826924653,0.005340399826924653,-0.0016179713464767433,-0.0016179713464767433
1.0,0.08163265306122448,0.9183673469387754,0.005652253100618105,0.005652253100618105,-0.0013061180727832909,-0.0013061180727832909
1.0,0.08163265306122448,0.9387755102040816,0.005970261409800094,0.005970261409800094,-0.000988109763601302,-0.000988109763601302
1.0,0.08163265306122448,0.9591836734693877,0.006294179612181566,0.006294179612181566,-0.0006641915612198299,-0.0006641915612198299
1.0,0.08163265306122448,0.9795918367346939,0.006623724021383949,0.006623724021384034,-0.0003346471520174468,-0.0003346471520173618
1.0,0.08163265306122448,1.0,0.006958371173401396,0.006958371173401396,0.0,0.0
1.0,0.1020408163265306,0.0,0.0004995004995004995,0.0004995004995004995,-0.006458870673900897,-0.006458870673900897
1.0,0.1020408163265306,0.02040816326530612,0.0004995004995004995,0.0004995004995004995,-0.006458870673900897,-0.006458870673900897
1.0,0.1020408163265306,0.04081632653061224,0.0004995004995004995,0.0004995004995004995,-0.006458870673900897,-0.006458870673900897
1.0,0.1020408163265306,0.061224489795918366,0.0004995004995004995,0.0004995004995004995,-0.006458870673900897,-0.006458870673900897
1.0,0.1020408163265306,0.08163265306122448,0.0004995004995004995,0.0004995004995004995,-0.006458870673900897,-0.006458870673900897
1.0,0.1020408163265306,0.1020408163265306,0.0004995004995004995,0.0004995004995004995,-0.006458870673900897,-0.006458870673900897
1.0,0.1020408163265306,0.12244897959183673,0.0004995004995004995,0.0004995004995004995,-0.006458870673900897,-0.006458870673900897
1.0,0.1020408163265306,0.14285714285714285,0.0004995004995004995,0.0004995004995004995,-0.006458870673900897,-0.006458870673900897
1.0,0.1020408163265306,0.16326530612244897,0.0004995004995004995,0.0004995004995004995,-0.006458870673900897,-0.006458870673900897
1.0,0.1020408163265306,0.18367346938775508,0.0004995004995004995,0.0004995004995004995,-0.006458870673900897,-0.006458870673900897
1.0,0.1020408163265306,0.2040816326530612,0.0004995004995004995,0.0004995004995004995,-0.006458870673900897,-0.006458870673900897
1.0,0.1020408163265306,0.22448979591836732,0.0004995004995004995,0.0004995004995004995,-0.006458870673900897,-0.006458870673900897
1.0,0.1020408163265306,0.24489795918367346,0.0004995004995004995,0.0004995004995004995,-0.006458870673900897,-0.006458870673900897
1.0,0.1020408163265306,0.26530612244897955,0.0004995004995004995,0.0004995004995004995,-0.006458870673900897,-0.006458870673900897
1.0,0.1020408163265306,0.2857142857142857,0.0004995004995004995,0.0004995004995004995,-0.006458870673900897,-0.006458870673900897
1.0,0.1020408163265306,0.3061224489795918,0.0004995004995004995,0.0004995004995004995,-0.006458870673900897,-0.006458870673900897
1.0,0.1020408163265306,0.32653061224489793,0.0004995004995004995,0.0004995004995004995,-0.006458870673900897,-0.006458870673900897
1.0,0.1020408163265306,0.3469387755102041,0.0004995004995004995,0.0004995004995004995,-0.006458870673900897,-0.006458870673900897
1.0,0.1020408163265306,0.36734693877551017,0.0004995004995004995,0.0004995004995004995,-0.006458870673900897,-0.006458870673900897
1.0,0.1020408163265306,0.3877551020408163,0.0004995004995004995,0.0004995004995004995,-0.006458870673900897,-0.006458870673900897
1.0,0.1020408163265306,0.4081632653061224,0.0004995004995004995,0.0004995004995004995,-0.006458870673900897,-0.006458870673900897
1.0,0.1020408163265306,0.42857142857142855,0.0005541048790764151,0.0005541048790764151,-0.0064042662943249815,-0.0064042662943249815
1.0,0.1020408163265306,0.44897959183673464,0.0006349145761744147,0.0006349145761744147,-0.006323456597226981,-0.006323456597226981
1.0,0.1020408163265306,0.4693877551020408,0.0007305417485480854,0.0007305417485480854,-0.006227829424853311,-0.006227829424853311
1.0,0.1020408163265306,0.4897959183673469,0.0008404267171517846,0.0008404267171517846,-0.006117944456249611,-0.006117944456249611
1.0,0.1020408163265306,0.5102040816326531,0.0009640449602712161,0.0009640449602712161,-0.00599432621313018,-0.00599432621313018
1.0,0.1020408163265306,0.5306122448979591,0.0011009081559741518,0.0011009081559741518,-0.005857463017427244,-0.005857463017427244
1.0,0.1020408163265306,0.5510204081632653,0.0012504780677323362,0.0012504780677323362,-0.00570789310566906,-0.00570789310566906
1.0,0.1020408163265306,0.5714285714285714,0.0014123118308140043,0.0014123118308140043,-0.0055460593425873915,-0.0055460593425873915
1.0,0.1020408163265306,0.5918367346938775,0.0015859513347592036,0.0015859513347592751,-0.005372419838642193,-0.005372419838642121
1.0,0.1020408163265306,0.6122448979591836,0.0017708950122410556,0.0017708950122410556,-0.00518747616116034,-0.00518747616116034
1.0,0.1020408163265306,0.6326530612244897,0.0019668041719174433,0.0019668041719174433,-0.004991567001483952,-0.004991567001483952
1.0,0.1020408163265306,0.6530612244897959,0.0021732152489193322,0.0021732152489193322,-0.004785155924482064,-0.004785155924482064
1.0,0.1020408163265306,0.673469387755102,0.0023897848660629274,0.0023897848660629274,-0.004568586307338468,-0.004568586307338468
1.0,0.1020408163265306,0.6938775510204082,0.0026160869367796206,0.0026160869367796206,-0.004342284236621776,-0.004342284236621776
1.0,0.1020408163265306,0.7142857142857142,0.002851698963554303,0.002851698963554303,-0.004106672209847093,-0.004106672209847093
1.0,0.1020408163265306,0.7346938775510203,0.0030964626015118637,0.0030964626015118637,-0.0038619085718895325,-0.0038619085718895325
1.0,0.1020408163265306,0.7551020408163265,0.0033498263465055224,0.0033498263465055224,-0.003608544826895874,-0.003608544826895874
1.0,0.1020408163265306,0.7755102040816326,0.003611520733795259,0.003611520733795259,-0.0033468504396061373,-0.0033468504396061373
1.0,0.1020408163265306,0.7959183673469387,0.003881262742348603,0.003881262742348603,-0.003077108431052793,-0.003077108431052793
1.0,0.1020408163265306,0.8163265306122448,0.0041587943214187375,0.0041587943214187375,-0.0027995768519826587,-0.0027995768519826587
1.0,0.1020408163265306,0.836734693877551,0.004443710127262877,0.004443710127262877,-0.002514661046138519,-0.002514661046138519
1.0,0.1020408163265306,0.8571428571428571,0.004735740476521889,0.004735740476521889,-0.002222630696879507,-0.002222630696879507
1.0,0.1020408163265306,0.8775510204081632,0.005034736511516286,0.005034736511516286,-0.0019236346618851105,-0.0019236346618851105
1.0,0.1020408163265306,0.8979591836734693,0.005340399826924653,0.005340399826924653,-0.0016179713464767433,-0.0016179713464767433
1.0,0.1020408163265306,0.9183673469387754,0.005652253100618105,0.005652253100618105,-0.0013061180727832909,-0.0013061180727832909
1.0,0.1020408163265306,0.9387755102040816,0.005970261409800094,0.005970261409800094,-0.000988109763601302,-0.000988109763601302
1.0,0.1020408163265306,0.9591836734693877,0.006294179612181566,0.006294179612181566,-0.0006641915612198299,-0.0006641915612198299
1.0,0.1020408163265306,0.9795918367346939,0.006623724021383949,0.006623724021384034,-0.0003346471520174468,-0.0003346471520173618
1.0,0.1020408163265306,1.0,0.006958371173401396,0.006958371173401396,0.0,0.0
1.0,0.12244897959183673,0.0,0.0004995004995004995,0.0004995004995004995,-0.006458870673900897,-0.006458870673900897
1.0,0.12244897959183673,0.02040816326530612,0.0004995004995004995,0.0004995004995004995,-0.006458870673900897,-0.006458870673900897
1.0,0.12244897959183673,0.04081632653061224,0.0004995004995004995,0.0004995004995004995,-0.006458870673900897,-0.006458870673900897
1.0,0.12244897959183673,0.061224489795918366,0.0004995004995004995,0.0004995004995004995,-0.006458870673900897,-0.006458870673900897
1.0,0.12244897959183673,0.08163265306122448,0.0004995004995004995,0.0004995004995004995,-0.006458870673900897,-0.006458870673900897
1.0,0.12244897959183673,0.1020408163265306,0.0004995004995004995,0.0004995004995004995,-0.006458870673900897,-0.006458870673900897
1.0,0.12244897959183673,0.12244897959183673,0.0004995004995004995,0.0004995004995004995,-0.006458870673900897,-0.006458870673900897
1.0,0.12244897959183673,0.14285714285714285,0.0004995004995004995,0.0004995004995004995,-0.006458870673900897,-0.006458870673900897
1.0,0.12244897959183673,0.16326530612244897,0.0004995004995004995,0.0004995004995004995,-0.006458870673900897,-0.006458870673900897
1.0,0.12244897959183673,0.18367346938775508,0.0004995004995004995,0.0004995004995004995,-0.006458870673900897,-0.006458870673900897
1.0,0.12244897959183673,0.2040816326530612,0.0004995004995004995,0.0004995004995004995,-0.006458870673900897,-0.006458870673900897
1.0,0.12244897959183673,0.22448979591836732,0.0004995004995004995,0.0004995004995004995,-0.006458870673900897,-0.006458870673900897
1.0,0.12244897959183673,0.24489795918367346,0.0004995004995004995,0.0004995004995004995,-0.006458870673900897,-0.006458870673900897
1.0,0.12244897959183673,0.26530612244897955,0.0004995004995004995,0.0004995004995004995,-0.006458870673900897,-0.006458870673900897
1.0,0.12244897959183673,0.2857142857142857,0.0004995004995004995,0.0004995004995004995,-0.006458870673900897,-0.006458870673900897
1.0,0.12244897959183673,0.3061224489795918,0.0004995004995004995,0.0004995004995004995,-0.006458870673900897,-0.006458870673900897
1.0,0.12244897959183673,0.32653061224489793,0.0004995004995004995,0.0004995004995004995,-0.006458870673900897,-0.006458870673900897
1.0,0.12244897959183673,0.3469387755102041,0.0004995004995004995,0.0004995004995004995,-0.006458870673900897,-0.006458870673900897
1.0,0.12244897959183673,0.36734693877551017,0.0004995004995004995,0.0004995004995004995,-0.006458870673900897,-0.006458870673900897
1.0,0.12244897959183673,0.3877551020408163,0.0004995004995004995,0.0004995004995004995,-0.006458870673900897,-0.006458870673900897
1.0,0.12244897959183673,0.4081632653061224,0.0004995004995004995,0.0004995004995004995,-0.006458870673900897,-0.006458870673900897
1.0,0.12244897959183673,0.42857142857142855,0.0005541048790764151,0.0005541048790764151,-0.0064042662943249815,-0.0064042662943249815
1.0,0.12244897959183673,0.44897959183673464,0.0006349145761744147,0.0006349145761744147,-0.006323456597226981,-0.006323456597226981
1.0,0.12244897959183673,0.4693877551020408,0.0007305417485480854,0.0007305417485480854,-0.006227829424853311,-0.006227829424853311
1.0,0.12244897959183673,0.4897959183673469,0.0008404267171517846,0.0008404267171517846,-0.006117944456249611,-0.006117944456249611
1.0,0.12244897959183673,0.5102040816326531,0.0009640449602712161,0.0009640449602712161,-0.00599432621313018,-0.00599432621313018
1.0,0.12244897959183673,0.5306122448979591,0.0011009081559741518,0.0011009081559741518,-0.005857463017427244,-0.005857463017427244
1.0,0.12244897959183673,0.5510204081632653,0.0012504780677323362,0.0012504780677323362,-0.00570789310566906,-0.00570789310566906
1.0,0.12244897959183673,0.5714285714285714,0.0014123118308140043,0.0014123118308140043,-0.0055460593425873915,-0.0055460593425873915
1.0,0.12244897959183673,0.5918367346938775,0.0015859513347592036,0.0015859513347592751,-0.005372419838642193,-0.005372419838642121
1.0,0.12244897959183673,0.6122448979591836,0.0017708950122410556,0.0017708950122410556,-0.00518747616116034,-0.00518747616116034
1.0,0.12244897959183673,0.6326530612244897,0.0019668041719174433,0.0019668041719174433,-0.004991567001483952,-0.004991567001483952
1.0,0.12244897959183673,0.6530612244897959,0.0021732152489193322,0.0021732152489193322,-0.004785155924482064,-0.004785155924482064
1.0,0.12244897959183673,0.673469387755102,0.0023897848660629274,0.0023897848660629274,-0.004568586307338468,-0.004568586307338468
1.0,0.12244897959183673,0.6938775510204082,0.0026160869367796206,0.0026160869367796206,-0.004342284236621776,-0.004342284236621776
1.0,0.12244897959183673,0.7142857142857142,0.002851698963554303,0.002851698963554303,-0.004106672209847093,-0.004106672209847093
1.0,0.12244897959183673,0.7346938775510203,0.0030964626015118637,0.0030964626015118637,-0.0038619085718895325,-0.0038619085718895325
1.0,0.12244897959183673,0.7551020408163265,0.0033498263465055224,0.0033498263465055224,-0.003608544826895874,-0.003608544826895874
1.0,0.12244897959183673,0.7755102040816326,0.003611520733795259,0.003611520733795259,-0.0033468504396061373,-0.0033468504396061373
1.0,0.12244897959183673,0.7959183673469387,0.003881262742348603,0.003881262742348603,-0.003077108431052793,-0.003077108431052793
1.0,0.12244897959183673,0.8163265306122448,0.0041587943214187375,0.0041587943214187375,-0.0027995768519826587,-0.0027995768519826587
1.0,0.12244897959183673,0.836734693877551,0.004443710127262877,0.004443710127262877,-0.002514661046138519,-0.002514661046138519
1.0,0.12244897959183673,0.8571428571428571,0.004735740476521889,0.004735740476521889,-0.002222630696879507,-0.002222630696879507
1.0,0.12244897959183673,0.8775510204081632,0.005034736511516286,0.005034736511516286,-0.0019236346618851105,-0.0019236346618851105
1.0,0.12244897959183673,0.8979591836734693,0.005340399826924653,0.005340399826924653,-0.0016179713464767433,-0.0016179713464767433
1.0,0.12244897959183673,0.9183673469387754,0.005652253100618105,0.005652253100618105,-0.0013061180727832909,-0.0013061180727832909
1.0,0.12244897959183673,0.9387755102040816,0.005970261409800094,0.005970261409800094,-0.000988109763601302,-0.000988109763601302
1.0,0.12244897959183673,0.9591836734693877,0.006294179612181566,0.006294179612181566,-0.0006641915612198299,-0.0006641915612198299
1.0,0.12244897959183673,0.9795918367346939,0.006623724021383949,0.006623724021384034,-0.0003346471520174468,-0.0003346471520173618
1.0,0.12244897959183673,1.0,0.006958371173401396,0.006958371173401396,0.0,0.0
1.0,0.14285714285714285,0.0,0.0004995004995004995,0.0004995004995004995,-0.006458870673900897,-0.006458870673900897
1.0,0.14285714285714285,0.02040816326530612,0.0004995004995004995,0.0004995004995004995,-0.006458870673900897,-0.006458870673900897
1.0,0.14285714285714285,0.04081632653061224,0.0004995004995004995,0.0004995004995004995,-0.006458870673900897,-0.006458870673900897
1.0,0.14285714285714285,0.061224489795918366,0.0004995004995004995,0.0004995004995004995,-0.006458870673900897,-0.006458870673900897
1.0,0.14285714285714285,0.08163265306122448,0.0004995004995004995,0.0004995004995004995,-0.006458870673900897,-0.006458870673900897
1.0,0.14285714285714285,0.1020408163265306,0.0004995004995004995,0.0004995004995004995,-0.006458870673900897,-0.006458870673900897
1.0,0.14285714285714285,0.12244897959183673,0.0004995004995004995,0.0004995004995004995,-0.006458870673900897,-0.006458870673900897
1.0,0.14285714285714285,0.14285714285714285,0.0004995004995004995,0.0004995004995004995,-0.006458870673900897,-0.006458870673900897
1.0,0.14285714285714285,0.16326530612244897,0.0004995004995004995,0.0004995004995004995,-0.006458870673900897,-0.006458870673900897
1.0,0.14285714285714285,0.18367346938775508,0.0004995004995004995,0.0004995004995004995,-0.006458870673900897,-0.006458870673900897
1.0,0.14285714285714285,0.2040816326530612,0.0004995004995004995,0.0004995004995004995,-0.006458870673900897,-0.006458870673900897
1.0,0.14285714285714285,0.22448979591836732,0.0004995004995004995,0.0004995004995004995,-0.006458870673900897,-0.006458870673900897
1.0,0.14285714285714285,0.24489795918367346,0.0004995004995004995,0.0004995004995004995,-0.006458870673900897,-0.006458870673900897
1.0,0.14285714285714285,0.26530612244897955,0.0004995004995004995,0.0004995004995004995,-0.006458870673900897,-0.006458870673900897
1.0,0.14285714285714285,0.2857142857142857,0.0004995004995004995,0.0004995004995004995,-0.006458870673900897,-0.006458870673900897
1.0,0.14285714285714285,0.3061224489795918,0.0004995004995004995,0.0004995004995004995,-0.006458870673900897,-0.006458870673900897
1.0,0.14285714285714285,0.32653061224489793,0.0004995004995004995,0.0004995004995004995,-0.006458870673900897,-0.006458870673900897
1.0,0.14285714285714285,0.3469387755102041,0.0004995004995004995,0.0004995004995004995,-0.006458870673900897,-0.006458870673900897
1.0,0.14285714285714285,0.36734693877551017,0.0004995004995004995,0.0004995004995004995,-0.006458870673900897,-0.006458870673900897
1.0,0.14285714285714285,0.3877551020408163,0.0004995004995004995,0.0004995004995004995,-0.006458870673900897,-0.006458870673900897
1.0,0.14285714285714285,0.4081632653061224,0.0004995004995004995,0.0004995004995004995,-0.006458870673900897,-0.006458870673900897
1.0,0.14285714285714285,0.42857142857142855,0.0005541048790764151,0.0005541048790764151,-0.0064042662943249815,-0.0064042662943249815
1.0,0.14285714285714285,0.44897959183673464,0.0006349145761744147,0.0006349145761744147,-0.006323456597226981,-0.006323456597226981
1.0,0.14285714285714285,0.4693877551020408,0.0007305417485480854,0.0007305417485480854,-0.006227829424853311,-0.006227829424853311
1.0,0.14285714285714285,0.4897959183673469,0.0008404267171517846,0.0008404267171517846,-0.006117944456249611,-0.006117944456249611
1.0,0.14285714285714285,0.5102040816326531,0.0009640449602712161,0.0009640449602712161,-0.00599432621313018,-0.00599432621313018
1.0,0.14285714285714285,0.5306122448979591,0.0011009081559741518,0.0011009081559741518,-0.005857463017427244,-0.005857463017427244
1.0,0.14285714285714285,0.5510204081632653,0.0012504780677323362,0.0012504780677323362,-0.00570789310566906,-0.00570789310566906
1.0,0.14285714285714285,0.5714285714285714,0.0014123118308140043,0.0014123118308140043,-0.0055460593425873915,-0.0055460593425873915
1.0,0.14285714285714285,0.5918367346938775,0.0015859513347592036,0.0015859513347592751,-0.005372419838642193,-0.005372419838642121
1.0,0.14285714285714285,0.6122448979591836,0.0017708950122410556,0.0017708950122410556,-0.00518747616116034,-0.00518747616116034
1.0,0.14285714285714285,0.6326530612244897,0.0019668041719174433,0.0019668041719174433,-0.004991567001483952,-0.004991567001483952
1.0,0.14285714285714285,0.6530612244897959,0.0021732152489193322,0.0021732152489193322,-0.004785155924482064,-0.004785155924482064
1.0,0.14285714285714285,0.673469387755102,0.0023897848660629274,0.0023897848660629274,-0.004568586307338468,-0.004568586307338468
1.0,0.14285714285714285,0.6938775510204082,0.0026160869367796206,0.0026160869367796206,-0.004342284236621776,-0.004342284236621776
1.0,0.14285714285714285,0.7142857142857142,0.002851698963554303,0.002851698963554303,-0.004106672209847093,-0.004106672209847093
1.0,0.14285714285714285,0.7346938775510203,0.0030964626015118637,0.0030964626015118637,-0.0038619085718895325,-0.0038619085718895325
1.0,0.14285714285714285,0.7551020408163265,0.0033498263465055224,0.0033498263465055224,-0.003608544826895874,-0.003608544826895874
1.0,0.14285714285714285,0.7755102040816326,0.003611520733795259,0.003611520733795259,-0.0033468504396061373,-0.0033468504396061373
1.0,0.14285714285714285,0.7959183673469387,0.003881262742348603,0.003881262742348603,-0.003077108431052793,-0.003077108431052793
1.0,0.14285714285714285,0.8163265306122448,0.0041587943214187375,0.0041587943214187375,-0.0027995768519826587,-0.0027995768519826587
1.0,0.14285714285714285,0.836734693877551,0.004443710127262877,0.004443710127262877,-0.002514661046138519,-0.002514661046138519
1.0,0.14285714285714285,0.8571428571428571,0.004735740476521889,0.004735740476521889,-0.002222630696879507,-0.002222630696879507
1.0,0.14285714285714285,0.8775510204081632,0.005034736511516286,0.005034736511516286,-0.0019236346618851105,-0.0019236346618851105
1.0,0.14285714285714285,0.8979591836734693,0.005340399826924653,0.005340399826924653,-0.0016179713464767433,-0.0016179713464767433
1.0,0.14285714285714285,0.9183673469387754,0.005652253100618105,0.005652253100618105,-0.0013061180727832909,-0.0013061180727832909
1.0,0.14285714285714285,0.9387755102040816,0.005970261409800094,0.005970261409800094,-0.000988109763601302,-0.000988109763601302
1.0,0.14285714285714285,0.9591836734693877,0.006294179612181566,0.006294179612181566,-0.0006641915612198299,-0.0006641915612198299
1.0,0.14285714285714285,0.9795918367346939,0.006623724021383949,0.006623724021384034,-0.0003346471520174468,-0.0003346471520173618
1.0,0.14285714285714285,1.0,0.006958371173401396,0.006958371173401396,0.0,0.0
1.0,0.16326530612244897,0.0,0.0004995004995004995,0.0004995004995004995,-0.006458870673900897,-0.006458870673900897
1.0,0.16326530612244897,0.02040816326530612,0.0004995004995004995,0.0004995004995004995,-0.006458870673900897,-0.006458870673900897
1.0,0.16326530612244897,0.04081632653061224,0.0004995004995004995,0.0004995004995004995,-0.006458870673900897,-0.006458870673900897
1.0,0.16326530612244897,0.061224489795918366,0.0004995004995004995,0.0004995004995004995,-0.006458870673900897,-0.006458870673900897
1.0,0.16326530612244897,0.08163265306122448,0.0004995004995004995,0.0004995004995004995,-0.006458870673900897,-0.006458870673900897
1.0,0.16326530612244897,0.1020408163265306,0.0004995004995004995,0.0004995004995004995,-0.006458870673900897,-0.006458870673900897
1.0,0.16326530612244897,0.12244897959183673,0.0004995004995004995,0.0004995004995004995,-0.006458870673900897,-0.006458870673900897
1.0,0.16326530612244897,0.14285714285714285,0.0004995004995004995,0.0004995004995004995,-0.006458870673900897,-0.006458870673900897
1.0,0.16326530612244897,0.16326530612244897,0.0004995004995004995,0.0004995004995004995,-0.006458870673900897,-0.006458870673900897
1.0,0.16326530612244897,0.18367346938775508,0.0004995004995004995,0.0004995004995004995,-0.006458870673900897,-0.006458870673900897
1.0,0.16326530612244897,0.2040816326530612,0.0004995004995004995,0.0004995004995004995,-0.006458870673900897,-0.006458870673900897
1.0,0.16326530612244897,0.22448979591836732,0.0004995004995004995,0.0004995004995004995,-0.006458870673900897,-0.006458870673900897
1.0,0.16326530612244897,0.24489795918367346,0.0004995004995004995,0.0004995004995004995,-0.006458870673900897,-0.006458870673900897
1.0,0.16326530612244897,0.26530612244897955,0.0004995004995004995,0.0004995004995004995,-0.006458870673900897,-0.006458870673900897
1.0,0.16326530612244897,0.2857142857142857,0.0004995004995004995,0.0004995004995004995,-0.006458870673900897,-0.006458870673900897
1.0,0.16326530612244897,0.3061224489795918,0.0004995004995004995,0.0004995004995004995,-0.006458870673900897,-0.006458870673900897
1.0,0.16326530612244897,0.32653061224489793,0.0004995004995004995,0.0004995004995004995,-0.006458870673900897,-0.006458870673900897
1.0,0.16326530612244897,0.3469387755102041,0.0004995004995004995,0.0004995004995004995,-0.006458870673900897,-0.006458870673900897
1.0,0.16326530612244897,0.36734693877551017,0.0004995004995004995,0.0004995004995004995,-0.006458870673900897,-0.006458870673900897
1.0,0.16326530612244897,0.3877551020408163,0.0004995004995004995,0.0004995004995004995,-0.006458870673900897,-0.006458870673900897
1.0,0.16326530612244897,0.4081632653061224,0.0004995004995004995,0.0004995004995004995,-0.006458870673900897,-0.006458870673900897
1.0,0.16326530612244897,0.42857142857142855,0.0005541048790764151,0.0005541048790764151,-0.0064042662943249815,-0.0064042662943249815
1.0,0.16326530612244897,0.44897959183673464,0.0006349145761744147,0.0006349145761744147,-0.006323456597226981,-0.006323456597226981
1.0,0.16326530612244897,0.4693877551020408,0.0007305417485480854,0.0007305417485480854,-0.006227829424853311,-0.006227829424853311
1.0,0.16326530612244897,0.4897959183673469,0.0008404267171517846,0.0008404267171517846,-0.006117944456249611,-0.006117944456249611
1.0,0.16326530612244897,0.5102040816326531,0.0009640449602712161,0.0009640449602712161,-0.00599432621313018,-0.00599432621313018
1.0,0.16326530612244897,0.5306122448979591,0.0011009081559741518,0.0011009081559741518,-0.005857463017427244,-0.005857463017427244
1.0,0.16326530612244897,0.5510204081632653,0.0012504780677323362,0.0012504780677323362,-0.00570789310566906,-0.00570789310566906
1.0,0.16326530612244897,0.5714285714285714,0.0014123118308140043,0.0014123118308140043,-0.0055460593425873915,-0.0055460593425873915
1.0,0.16326530612244897,0.5918367346938775,0.0015859513347592036,0.0015859513347592751,-0.005372419838642193,-0.005372419838642121
1.0,0.16326530612244897,0.6122448979591836,0.0017708950122410556,0.0017708950122410556,-0.00518747616116034,-0.00518747616116034
1.0,0.16326530612244897,0.6326530612244897,0.0019668041719174433,0.0019668041719174433,-0.004991567001483952,-0.004991567001483952
1.0,0.16326530612244897,0.6530612244897959,0.0021732152489193322,0.0021732152489193322,-0.004785155924482064,-0.004785155924482064
1.0,0.16326530612244897,0.673469387755102,0.0023897848660629274,0.0023897848660629274,-0.004568586307338468,-0.004568586307338468
1.0,0.16326530612244897,0.6938775510204082,0.0026160869367796206,0.0026160869367796206,-0.004342284236621776,-0.004342284236621776
1.0,0.16326530612244897,0.7142857142857142,0.002851698963554303,0.002851698963554303,-0.004106672209847093,-0.004106672209847093
1.0,0.16326530612244897,0.7346938775510203,0.0030964626015118637,0.0030964626015118637,-0.0038619085718895325,-0.0038619085718895325
1.0,0.16326530612244897,0.7551020408163265,0.0033498263465055224,0.0033498263465055224,-0.003608544826895874,-0.003608544826895874
1.0,0.16326530612244897,0.7755102040816326,0.003611520733795259,0.003611520733795259,-0.0033468504396061373,-0.0033468504396061373
1.0,0.16326530612244897,0.7959183673469387,0.003881262742348603,0.003881262742348603,-0.003077108431052793,-0.003077108431052793
1.0,0.16326530612244897,0.8163265306122448,0.0041587943214187375,0.0041587943214187375,-0.0027995768519826587,-0.0027995768519826587
1.0,0.16326530612244897,0.836734693877551,0.004443710127262877,0.004443710127262877,-0.002514661046138519,-0.002514661046138519
1.0,0.16326530612244897,0.8571428571428571,0.004735740476521889,0.004735740476521889,-0.002222630696879507,-0.002222630696879507
1.0,0.16326530612244897,0.8775510204081632,0.005034736511516286,0.005034736511516286,-0.0019236346618851105,-0.0019236346618851105
1.0,0.16326530612244897,0.8979591836734693,0.005340399826924653,0.005340399826924653,-0.0016179713464767433,-0.0016179713464767433
1.0,0.16326530612244897,0.9183673469387754,0.005652253100618105,0.005652253100618105,-0.0013061180727832909,-0.0013061180727832909
1.0,0.16326530612244897,0.9387755102040816,0.005970261409800094,0.005970261409800094,-0.000988109763601302,-0.000988109763601302
1.0,0.16326530612244897,0.9591836734693877,0.006294179612181566,0.006294179612181566,-0.0006641915612198299,-0.0006641915612198299
1.0,0.16326530612244897,0.9795918367346939,0.006623724021383949,0.006623724021384034,-0.0003346471520174468,-0.0003346471520173618
1.0,0.16326530612244897,1.0,0.006958371173401396,0.006958371173401396,0.0,0.0
1.0,0.18367346938775508,0.0,0.0004995004995004995,0.0004995004995004995,-0.006458870673900897,-0.006458870673900897
1.0,0.18367346938775508,0.02040816326530612,0.0004995004995004995,0.0004995004995004995,-0.006458870673900897,-0.006458870673900897
1.0,0.18367346938775508,0.04081632653061224,0.0004995004995004995,0.0004995004995004995,-0.006458870673900897,-0.006458870673900897
1.0,0.18367346938775508,0.061224489795918366,0.0004995004995004995,0.0004995004995004995,-0.006458870673900897,-0.006458870673900897
1.0,0.18367346938775508,0.08163265306122448,0.0004995004995004995,0.0004995004995004995,-0.006458870673900897,-0.006458870673900897
1.0,0.18367346938775508,0.1020408163265306,0.0004995004995004995,0.0004995004995004995,-0.006458870673900897,-0.006458870673900897
1.0,0.18367346938775508,0.12244897959183673,0.0004995004995004995,0.0004995004995004995,-0.006458870673900897,-0.006458870673900897
1.0,0.18367346938775508,0.14285714285714285,0.0004995004995004995,0.0004995004995004995,-0.006458870673900897,-0.006458870673900897
1.0,0.18367346938775508,0.16326530612244897,0.0004995004995004995,0.0004995004995004995,-0.006458870673900897,-0.006458870673900897
1.0,0.18367346938775508,0.18367346938775508,0.0004995004995004995,0.0004995004995004995,-0.006458870673900897,-0.006458870673900897
1.0,0.18367346938775508,0.2040816326530612,0.0004995004995004995,0.0004995004995004995,-0.006458870673900897,-0.006458870673900897
1.0,0.18367346938775508,0.22448979591836732,0.0004995004995004995,0.0004995004995004995,-0.006458870673900897,-0.006458870673900897
1.0,0.18367346938775508,0.24489795918367346,0.0004995004995004995,0.0004995004995004995,-0.006458870673900897,-0.006458870673900897
1.0,0.18367346938775508,0.26530612244897955,0.0004995004995004995,0.0004995004995004995,-0.006458870673900897,-0.006458870673900897
1.0,0.18367346938775508,0.2857142857142857,0.0004995004995004995,0.0004995004995004995,-0.006458870673900897,-0.006458870673900897
1.0,0.18367346938775508,0.3061224489795918,0.0004995004995004995,0.0004995004995004995,-0.006458870673900897,-0.006458870673900897
1.0,0.18367346938775508,0.32653061224489793,0.0004995004995004995,0.0004995004995004995,-0.006458870673900897,-0.006458870673900897
1.0,0.18367346938775508,0.3469387755102041,0.0004995004995004995,0.0004995004995004995,-0.006458870673900897,-0.006458870673900897
1.0,0.18367346938775508,0.36734693877551017,0.0004995004995004995,0.0004995004995004995,-0.006458870673900897,-0.006458870673900897
1.0,0.18367346938775508,0.3877551020408163,0.0004995004995004995,0.0004995004995004995,-0.006458870673900897,-0.006458870673900897
1.0,0.18367346938775508,0.4081632653061224,0.0004995004995004995,0.0004995004995004995,-0.006458870673900897,-0.006458870673900897
1.0,0.18367346938775508,0.42857142857142855,0.0005541048790764151,0.0005541048790764151,-0.0064042662943249815,-0.0064042662943249815
1.0,0.18367346938775508,0.44897959183673464,0.0006349145761744147,0.0006349145761744147,-0.006323456597226981,-0.006323456597226981
1.0,0.18367346938775508,0.4693877551020408,0.0007305417485480854,0.0007305417485480854,-0.006227829424853311,-0.006227829424853311
1.0,0.18367346938775508,0.4897959183673469,0.0008404267171517846,0.0008404267171517846,-0.006117944456249611,-0.006117944456249611
1.0,0.18367346938775508,0.5102040816326531,0.0009640449602712161,0.0009640449602712161,-0.00599432621313018,-0.00599432621313018
1.0,0.18367346938775508,0.5306122448979591,0.0011009081559741518,0.0011009081559741518,-0.005857463017427244,-0.005857463017427244
1.0,0.18367346938775508,0.5510204081632653,0.0012504780677323362,0.0012504780677323362,-0.00570789310566906,-0.00570789310566906
1.0,0.18367346938775508,0.5714285714285714,0.0014123118308140043,0.0014123118308140043,-0.0055460593425873915,-0.0055460593425873915
1.0,0.18367346938775508,0.5918367346938775,0.0015859513347592036,0.0015859513347592751,-0.005372419838642193,-0.005372419838642121
1.0,0.18367346938775508,0.6122448979591836,0.0017708950122410556,0.0017708950122410556,-0.00518747616116034,-0.00518747616116034
1.0,0.18367346938775508,0.6326530612244897,0.0019668041719174433,0.0019668041719174433,-0.004991567001483952,-0.004991567001483952
1.0,0.18367346938775508,0.6530612244897959,0.0021732152489193322,0.0021732152489193322,-0.004785155924482064,-0.004785155924482064
1.0,0.18367346938775508,0.673469387755102,0.0023897848660629274,0.0023897848660629274,-0.004568586307338468,-0.004568586307338468
1.0,0.18367346938775508,0.6938775510204082,0.0026160869367796206,0.0026160869367796206,-0.004342284236621776,-0.004342284236621776
1.0,0.18367346938775508,0.7142857142857142,0.002851698963554303,0.002851698963554303,-0.004106672209847093,-0.004106672209847093
1.0,0.18367346938775508,0.7346938775510203,0.0030964626015118637,0.0030964626015118637,-0.0038619085718895325,-0.0038619085718895325
1.0,0.18367346938775508,0.7551020408163265,0.0033498263465055224,0.0033498263465055224,-0.003608544826895874,-0.003608544826895874
1.0,0.18367346938775508,0.7755102040816326,0.003611520733795259,0.003611520733795259,-0.0033468504396061373,-0.0033468504396061373
1.0,0.18367346938775508,0.7959183673469387,0.003881262742348603,0.003881262742348603,-0.003077108431052793,-0.003077108431052793
1.0,0.18367346938775508,0.8163265306122448,0.0041587943214187375,0.0041587943214187375,-0.0027995768519826587,-0.0027995768519826587
1.0,0.18367346938775508,0.836734693877551,0.004443710127262877,0.004443710127262877,-0.002514661046138519,-0.002514661046138519
1.0,0.18367346938775508,0.8571428571428571,0.004735740476521889,0.004735740476521889,-0.002222630696879507,-0.002222630696879507
1.0,0.18367346938775508,0.8775510204081632,0.005034736511516286,0.005034736511516286,-0.0019236346618851105,-0.0019236346618851105
1.0,0.18367346938775508,0.8979591836734693,0.005340399826924653,0.005340399826924653,-0.0016179713464767433,-0.0016179713464767433
1.0,0.18367346938775508,0.9183673469387754,0.005652253100618105,0.005652253100618105,-0.0013061180727832909,-0.0013061180727832909
1.0,0.18367346938775508,0.9387755102040816,0.005970261409800094,0.005970261409800094,-0.000988109763601302,-0.000988109763601302
1.0,0.18367346938775508,0.9591836734693877,0.006294179612181566,0.006294179612181566,-0.0006641915612198299,-0.0006641915612198299
1.0,0.18367346938775508,0.9795918367346939,0.006623724021383949,0.006623724021384034,-0.0003346471520174468,-0.0003346471520173618
1.0,0.18367346938775508,1.0,0.006958371173401396,0.006958371173401396,0.0,0.0
1.0,0.2040816326530612,0.0,0.0004995004995004995,0.0004995004995004995,-0.006458870673900897,-0.006458870673900897
1.0,0.2040816326530612,0.02040816326530612,0.0004995004995004995,0.0004995004995004995,-0.006458870673900897,-0.006458870673900897
1.0,0.2040816326530612,0.04081632653061224,0.0004995004995004995,0.0004995004995004995,-0.006458870673900897,-0.006458870673900897
1.0,0.2040816326530612,0.061224489795918366,0.0004995004995004995,0.0004995004995004995,-0.006458870673900897,-0.006458870673900897
1.0,0.2040816326530612,0.08163265306122448,0.0004995004995004995,0.0004995004995004995,-0.006458870673900897,-0.006458870673900897
1.0,0.2040816326530612,0.1020408163265306,0.0004995004995004995,0.0004995004995004995,-0.006458870673900897,-0.006458870673900897
1.0,0.2040816326530612,0.12244897959183673,0.0004995004995004995,0.0004995004995004995,-0.006458870673900897,-0.006458870673900897
1.0,0.2040816326530612,0.14285714285714285,0.0004995004995004995,0.0004995004995004995,-0.006458870673900897,-0.006458870673900897
1.0,0.2040816326530612,0.16326530612244897,0.0004995004995004995,0.0004995004995004995,-0.006458870673900897,-0.006458870673900897
1.0,0.2040816326530612,0.18367346938775508,0.0004995004995004995,0.0004995004995004995,-0.006458870673900897,-0.006458870673900897
1.0,0.2040816326530612,0.2040816326530612,0.0004995004995004995,0.0004995004995004995,-0.006458870673900897,-0.006458870673900897
1.0,0.2040816326530612,0.22448979591836732,0.0004995004995004995,0.0004995004995004995,-0.006458870673900897,-0.006458870673900897
1.0,0.2040816326530612,0.24489795918367346,0.0004995004995004995,0.0004995004995004995,-0.006458870673900897,-0.006458870673900897
1.0,0.2040816326530612,0.26530612244897955,0.0004995004995004995,0.0004995004995004995,-0.006458870673900897,-0.006458870673900897
1.0,0.2040816326530612,0.2857142857142857,0.0004995004995004995,0.0004995004995004995,-0.006458870673900897,-0.006458870673900897
1.0,0.2040816326530612,0.3061224489795918,0.0004995004995004995,0.0004995004995004995,-0.006458870673900897,-0.006458870673900897
1.0,0.2040816326530612,0.32653061224489793,0.0004995004995004995,0.0004995004995004995,-0.006458870673900897,-0.006458870673900897
1.0,0.2040816326530612,0.3469387755102041,0.0004995004995004995,0.0004995004995004995,-0.006458870673900897,-0.006458870673900897
1.0,0.2040816326530612,0.36734693877551017,0.0004995004995004995,0.0004995004995004995,-0.006458870673900897,-0.006458870673900897
1.0,0.2040816326530612,0.3877551020408163,0.0004995004995004995,0.0004995004995004995,-0.006458870673900897,-0.006458870673900897
1.0,0.2040816326530612,0.4081632653061224,0.0004995004995004995,0.0004995004995004995,-0.006458870673900897,-0.006458870673900897
1.0,0.2040816326530612,0.42857142857142855,0.0005541048790764151,0.0005541048790764151,-0.0064042662943249815,-0.0064042662943249815
1.0,0.2040816326530612,0.44897959183673464,0.0006349145761744147,0.0006349145761744147,-0.006323456597226981,-0.006323456597226981
1.0,0.2040816326530612,0.4693877551020408,0.0007305417485480854,0.0007305417485480854,-0.006227829424853311,-0.006227829424853311
1.0,0.2040816326530612,0.4897959183673469,0.0008404267171517846,0.0008404267171517846,-0.006117944456249611,-0.006117944456249611
1.0,0.2040816326530612,0.5102040816326531,0.0009640449602712161,0.0009640449602712161,-0.00599432621313018,-0.00599432621313018
1.0,0.2040816326530612,0.5306122448979591,0.0011009081559741518,0.0011009081559741518,-0.005857463017427244,-0.005857463017427244
1.0,0.2040816326530612,0.5510204081632653,0.0012504780677323362,0.0012504780677323362,-0.00570789310566906,-0.00570789310566906
1.0,0.2040816326530612,0.5714285714285714,0.0014123118308140043,0.0014123118308140043,-0.0055460593425873915,-0.0055460593425873915
1.0,0.2040816326530612,0.5918367346938775,0.0015859513347592036,0.0015859513347592751,-0.005372419838642193,-0.005372419838642121
1.0,0.2040816326530612,0.6122448979591836,0.0017708950122410556,0.0017708950122410556,-0.00518747616116034,-0.00518747616116034
1.0,0.2040816326530612,0.6326530612244897,0.0019668041719174433,0.0019668041719174433,-0.004991567001483952,-0.004991567001483952
1.0,0.2040816326530612,0.6530612244897959,0.0021732152489193322,0.0021732152489193322,-0.004785155924482064,-0.004785155924482064
1.0,0.2040816326530612,0.673469387755102,0.0023897848660629274,0.0023897848660629274,-0.004568586307338468,-0.004568586307338468
1.0,0.2040816326530612,0.6938775510204082,0.0026160869367796206,0.0026160869367796206,-0.004342284236621776,-0.004342284236621776
1.0,0.2040816326530612,0.7142857142857142,0.002851698963554303,0.002851698963554303,-0.004106672209847093,-0.004106672209847093
1.0,0.2040816326530612,0.7346938775510203,0.0030964626015118637,0.0030964626015118637,-0.0038619085718895325,-0.0038619085718895325
1.0,0.2040816326530612,0.7551020408163265,0.0033498263465055224,0.0033498263465055224,-0.003608544826895874,-0.003608544826895874
1.0,0.2040816326530612,0.7755102040816326,0.003611520733795259,0.003611520733795259,-0.0033468504396061373,-0.0033468504396061373
1.0,0.2040816326530612,0.7959183673469387,0.003881262742348603,0.003881262742348603,-0.003077108431052793,-0.003077108431052793
1.0,0.2040816326530612,0.8163265306122448,0.0041587943214187375,0.0041587943214187375,-0.0027995768519826587,-0.0027995768519826587
1.0,0.2040816326530612,0.836734693877551,0.004443710127262877,0.004443710127262877,-0.002514661046138519,-0.002514661046138519
1.0,0.2040816326530612,0.8571428571428571,0.004735740476521889,0.004735740476521889,-0.002222630696879507,-0.002222630696879507
1.0,0.2040816326530612,0.8775510204081632,0.005034736511516286,0.005034736511516286,-0.0019236346618851105,-0.0019236346618851105
1.0,0.2040816326530612,0.8979591836734693,0.005340399826924653,0.005340399826924653,-0.0016179713464767433,-0.0016179713464767433
1.0,0.2040816326530612,0.9183673469387754,0.005652253100618105,0.005652253100618105,-0.0013061180727832909,-0.0013061180727832909
1.0,0.2040816326530612,0.9387755102040816,0.005970261409800094,0.005970261409800094,-0.000988109763601302,-0.000988109763601302
1.0,0.2040816326530612,0.9591836734693877,0.006294179612181566,0.006294179612181566,-0.0006641915612198299,-0.0006641915612198299
1.0,0.2040816326530612,0.9795918367346939,0.006623724021383949,0.006623724021384034,-0.0003346471520174468,-0.0003346471520173618
1.0,0.2040816326530612,1.0,0.006958371173401396,0.006958371173401396,0.0,0.0
1.0,0.22448979591836732,0.0,0.0004995004995004995,0.0004995004995004995,-0.006458870673900897,-0.006458870673900897
1.0,0.22448979591836732,0.02040816326530612,0.0004995004995004995,0.0004995004995004995,-0.006458870673900897,-0.006458870673900897
1.0,0.22448979591836732,0.04081632653061224,0.0004995004995004995,0.0004995004995004995,-0.006458870673900897,-0.006458870673900897
1.0,0.22448979591836732,0.061224489795918366,0.0004995004995004995,0.0004995004995004995,-0.006458870673900897,-0.006458870673900897
1.0,0.22448979591836732,0.08163265306122448,0.0004995004995004995,0.0004995004995004995,-0.006458870673900897,-0.006458870673900897
1.0,0.22448979591836732,0.1020408163265306,0.0004995004995004995,0.0004995004995004995,-0.006458870673900897,-0.006458870673900897
1.0,0.22448979591836732,0.12244897959183673,0.0004995004995004995,0.0004995004995004995,-0.006458870673900897,-0.006458870673900897
1.0,0.22448979591836732,0.14285714285714285,0.0004995004995004995,0.0004995004995004995,-0.006458870673900897,-0.006458870673900897
1.0,0.22448979591836732,0.16326530612244897,0.0004995004995004995,0.0004995004995004995,-0.006458870673900897,-0.006458870673900897
1.0,0.22448979591836732,0.18367346938775508,0.0004995004995004995,0.0004995004995004995,-0.006458870673900897,-0.006458870673900897
1.0,0.22448979591836732,0.2040816326530612,0.0004995004995004995,0.0004995004995004995,-0.006458870673900897,-0.006458870673900897
1.0,0.22448979591836732,0.22448979591836732,0.0004995004995004995,0.0004995004995004995,-0.006458870673900897,-0.006458870673900897
1.0,0.22448979591836732,0.24489795918367346,0.0004995004995004995,0.0004995004995004995,-0.006458870673900897,-0.006458870673900897
1.0,0.22448979591836732,0.26530612244897955,0.0004995004995004995,0.0004995004995004995,-0.006458870673900897,-0.006458870673900897
1.0,0.22448979591836732,0.2857142857142857,0.0004995004995004995,0.0004995004995004995,-0.006458870673900897,-0.006458870673900897
1.0,0.22448979591836732,0.3061224489795918,0.0004995004995004995,0.0004995004995004995,-0.006458870673900897,-0.006458870673900897
1.0,0.22448979591836732,0.32653061224489793,0.0004995004995004995,0.0004995004995004995,-0.006458870673900897,-0.006458870673900897
1.0,0.22448979591836732,0.3469387755102041,0.0004995004995004995,0.0004995004995004995,-0.006458870673900897,-0.006458870673900897
1.0,0.22448979591836732,0.36734693877551017,0.0004995004995004995,0.0004995004995004995,-0.006458870673900897,-0.006458870673900897
1.0,0.22448979591836732,0.3877551020408163,0.0004995004995004995,0.0004995004995004995,-0.006458870673900897,-0.006458870673900897
1.0,0.22448979591836732,0.4081632653061224,0.0004995004995004995,0.0004995004995004995,-0.006458870673900897,-0.006458870673900897
1.0,0.22448979591836732,0.42857142857142855,0.0005541048790764151,0.0005541048790764151,-0.0064042662943249815,-0.0064042662943249815
1.0,0.22448979591836732,0.44897959183673464,0.0006349145761744147,0.0006349145761744147,-0.006323456597226981,-0.006323456597226981
1.0,0.22448979591836732,0.4693877551020408,0.0007305417485480854,0.0007305417485480854,-0.006227829424853311,-0.006227829424853311
1.0,0.22448979591836732,0.4897959183673469,0.0008404267171517846,0.0008404267171517846,-0.006117944456249611,-0.006117944456249611
1.0,0.22448979591836732,0.5102040816326531,0.0009640449602712161,0.0009640449602712161,-0.00599432621313018,-0.00599432621313018
1.0,0.22448979591836732,0.5306122448979591,0.0011009081559741518,0.0011009081559741518,-0.005857463017427244,-0.005857463017427244
1.0,0.22448979591836732,0.5510204081632653,0.0012504780677323362,0.0012504780677323362,-0.00570789310566906,-0.00570789310566906
1.0,0.22448979591836732,0.5714285714285714,0.0014123118308140043,0.0014123118308140043,-0.0055460593425873915,-0.0055460593425873915
1.0,0.22448979591836732,0.5918367346938775,0.0015859513347592036,0.0015859513347592751,-0.005372419838642193,-0.005372419838642121
1.0,0.22448979591836732,0.6122448979591836,0.0017708950122410556,0.0017708950122410556,-0.00518747616116034,-0.00518747616116034
1.0,0.22448979591836732,0.6326530612244897,0.0019668041719174433,0.0019668041719174433,-0.004991567001483952,-0.004991567001483952
1.0,0.22448979591836732,0.6530612244897959,0.0021732152489193322,0.0021732152489193322,-0.004785155924482064,-0.004785155924482064
1.0,0.22448979591836732,0.673469387755102,0.0023897848660629274,0.0023897848660629274,-0.004568586307338468,-0.004568586307338468
1.0,0.22448979591836732,0.6938775510204082,0.0026160869367796206,0.0026160869367796206,-0.004342284236621776,-0.004342284236621776
1.0,0.22448979591836732,0.7142857142857142,0.002851698963554303,0.002851698963554303,-0.004106672209847093,-0.004106672209847093
1.0,0.22448979591836732,0.7346938775510203,0.0030964626015118637,0.0030964626015118637,-0.0038619085718895325,-0.0038619085718895325
1.0,0.22448979591836732,0.7551020408163265,0.0033498263465055224,0.0033498263465055224,-0.003608544826895874,-0.003608544826895874
1.0,0.22448979591836732,0.7755102040816326,0.003611520733795259,0.003611520733795259,-0.0033468504396061373,-0.0033468504396061373
1.0,0.22448979591836732,0.7959183673469387,0.003881262742348603,0.003881262742348603,-0.003077108431052793,-0.003077108431052793
1.0,0.22448979591836732,0.8163265306122448,0.0041587943214187375,0.0041587943214187375,-0.0027995768519826587,-0.0027995768519826587
1.0,0.22448979591836732,0.836734693877551,0.004443710127262877,0.004443710127262877,-0.002514661046138519,-0.002514661046138519
1.0,0.22448979591836732,0.8571428571428571,0.004735740476521889,0.004735740476521889,-0.002222630696879507,-0.002222630696879507
1.0,0.22448979591836732,0.8775510204081632,0.005034736511516286,0.005034736511516286,-0.0019236346618851105,-0.0019236346618851105
1.0,0.22448979591836732,0.8979591836734693,0.005340399826924653,0.005340399826924653,-0.0016179713464767433,-0.0016179713464767433
1.0,0.22448979591836732,0.9183673469387754,0.005652253100618105,0.005652253100618105,-0.0013061180727832909,-0.0013061180727832909
1.0,0.22448979591836732,0.9387755102040816,0.005970261409800094,0.005970261409800094,-0.000988109763601302,-0.000988109763601302
1.0,0.22448979591836732,0.9591836734693877,0.006294179612181566,0.006294179612181566,-0.0006641915612198299,-0.0006641915612198299
1.0,0.22448979591836732,0.9795918367346939,0.006623724021383949,0.006623724021384034,-0.0003346471520174468,-0.0003346471520173618
1.0,0.22448979591836732,1.0,0.006958371173401396,0.006958371173401396,0.0,0.0
1.0,0.24489795918367346,0.0,0.0004995004995004995,0.0004995004995004995,-0.006458870673900897,-0.006458870673900897
1.0,0.24489795918367346,0.02040816326530612,0.0004995004995004995,0.0004995004995004995,-0.006458870673900897,-0.006458870673900897
1.0,0.24489795918367346,0.04081632653061224,0.0004995004995004995,0.0004995004995004995,-0.006458870673900897,-0.006458870673900897
1.0,0.24489795918367346,0.061224489795918366,0.0004995004995004995,0.0004995004995004995,-0.006458870673900897,-0.006458870673900897
1.0,0.24489795918367346,0.08163265306122448,0.0004995004995004995,0.0004995004995004995,-0.006458870673900897,-0.006458870673900897
1.0,0.24489795918367346,0.1020408163265306,0.0004995004995004995,0.0004995004995004995,-0.006458870673900897,-0.006458870673900897
1.0,0.24489795918367346,0.12244897959183673,0.0004995004995004995,0.0004995004995004995,-0.006458870673900897,-0.006458870673900897
1.0,0.24489795918367346,0.14285714285714285,0.0004995004995004995,0.0004995004995004995,-0.006458870673900897,-0.006458870673900897
1.0,0.24489795918367346,0.16326530612244897,0.0004995004995004995,0.0004995004995004995,-0.006458870673900897,-0.006458870673900897
1.0,0.24489795918367346,0.18367346938775508,0.0004995004995004995,0.0004995004995004995,-0.006458870673900897,-0.006458870673900897
1.0,0.24489795918367346,0.2040816326530612,0.0004995004995004995,0.0004995004995004995,-0.006458870673900897,-0.006458870673900897
1.0,0.24489795918367346,0.22448979591836732,0.0004995004995004995,0.0004995004995004995,-0.006458870673900897,-0.006458870673900897
1.0,0.24489795918367346,0.24489795918367346,0.0004995004995004995,0.0004995004995004995,-0.006458870673900897,-0.006458870673900897
1.0,0.24489795918367346,0.26530612244897955,0.0004995004995004995,0.0004995004995004995,-0.006458870673900897,-0.006458870673900897
1.0,0.24489795918367346,0.2857142857142857,0.0004995004995004995,0.0004995004995004995,-0.006458870673900897,-0.006458870673900897
1.0,0.24489795918367346,0.3061224489795918,0.0004995004995004995,0.0004995004995004995,-0.006458870673900897,-0.006458870673900897
1.0,0.24489795918367346,0.32653061224489793,0.0004995004995004995,0.0004995004995004995,-0.006458870673900897,-0.006458870673900897
1.0,0.24489795918367346,0.3469387755102041,0.0004995004995004995,0.0004995004995004995,-0.006458870673900897,-0.006458870673900897
1.0,0.24489795918367346,0.36734693877551017,0.0004995004995004995,0.0004995004995004995,-0.006458870673900897,-0.006458870673900897
1.0,0.24489795918367346,0.3877551020408163,0.0004995004995004995,0.0004995004995004995,-0.006458870673900897,-0.006458870673900897
1.0,0.24489795918367346,0.4081632653061224,0.0004995004995004995,0.0004995004995004995,-0.006458870673900897,-0.006458870673900897
1.0,0.24489795918367346,0.42857142857142855,0.0005541048790764151,0.0005541048790764151,-0.0064042662943249815,-0.0064042662943249815
1.0,0.24489795918367346,0.44897959183673464,0.0006349145761744147,0.0006349145761744147,-0.006323456597226981,-0.006323456597226981
1.0,0.24489795918367346,0.4693877551020408,0.0007305417485480854,0.0007305417485480854,-0.006227829424853311,-0.006227829424853311
1.0,0.24489795918367346,0.4897959183673469,0.0008404267171517846,0.0008404267171517846,-0.006117944456249611,-0.006117944456249611
1.0,0.24489795918367346,0.5102040816326531,0.0009640449602712161,0.0009640449602712161,-0.00599432621313018,-0.00599432621313018
1.0,0.24489795918367346,0.5306122448979591,0.0011009081559741518,0.0011009081559741518,-0.005857463017427244,-0.005857463017427244
1.0,0.24489795918367346,0.5510204081632653,0.0012504780677323362,0.0012504780677323362,-0.00570789310566906,-0.00570789310566906
1.0,0.24489795918367346,0.5714285714285714,0.0014123118308140043,0.0014123118308140043,-0.0055460593425873915,-0.0055460593425873915
1.0,0.24489795918367346,0.5918367346938775,0.0015859513347592036,0.0015859513347592751,-0.005372419838642193,-0.005372419838642121
1.0,0.24489795918367346,0.6122448979591836,0.0017708950122410556,0.0017708950122410556,-0.00518747616116034,-0.00518747616116034
1.0,0.24489795918367346,0.6326530612244897,0.0019668041719174433,0.0019668041719174433,-0.004991567001483952,-0.004991567001483952
1.0,0.24489795918367346,0.6530612244897959,0.0021732152489193322,0.0021732152489193322,-0.004785155924482064,-0.004785155924482064
1.0,0.24489795918367346,0.673469387755102,0.0023897848660629274,0.0023897848660629274,-0.004568586307338468,-0.004568586307338468
1.0,0.24489795918367346,0.6938775510204082,0.0026160869367796206,0.0026160869367796206,-0.004342284236621776,-0.004342284236621776
1.0,0.24489795918367346,0.7142857142857142,0.002851698963554303,0.002851698963554303,-0.004106672209847093,-0.004106672209847093
1.0,0.24489795918367346,0.7346938775510203,0.0030964626015118637,0.0030964626015118637,-0.0038619085718895325,-0.0038619085718895325
1.0,0.24489795918367346,0.7551020408163265,0.0033498263465055224,0.0033498263465055224,-0.003608544826895874,-0.003608544826895874
1.0,0.24489795918367346,0.7755102040816326,0.003611520733795259,0.003611520733795259,-0.0033468504396061373,-0.0033468504396061373
1.0,0.24489795918367346,0.7959183673469387,0.003881262742348603,0.003881262742348603,-0.003077108431052793,-0.003077108431052793
1.0,0.24489795918367346,0.8163265306122448,0.0041587943214187375,0.0041587943214187375,-0.0027995768519826587,-0.0027995768519826587
1.0,0.24489795918367346,0.836734693877551,0.004443710127262877,0.004443710127262877,-0.002514661046138519,-0.002514661046138519
1.0,0.24489795918367346,0.8571428571428571,0.004735740476521889,0.004735740476521889,-0.002222630696879507,-0.002222630696879507
1.0,0.24489795918367346,0.8775510204081632,0.005034736511516286,0.005034736511516286,-0.0019236346618851105,-0.0019236346618851105
1.0,0.24489795918367346,0.8979591836734693,0.005340399826924653,0.005340399826924653,-0.0016179713464767433,-0.0016179713464767433
1.0,0.24489795918367346,0.9183673469387754,0.005652253100618105,0.005652253100618105,-0.0013061180727832909,-0.0013061180727832909
1.0,0.24489795918367346,0.9387755102040816,0.005970261409800094,0.005970261409800094,-0.000988109763601302,-0.000988109763601302
1.0,0.24489795918367346,0.9591836734693877,0.006294179612181566,0.006294179612181566,-0.0006641915612198299,-0.0006641915612198299
1.0,0.24489795918367346,0.9795918367346939,0.006623724021383949,0.006623724021384034,-0.0003346471520174468,-0.0003346471520173618
1.0,0.24489795918367346,1.0,0.006958371173401396,0.006958371173401396,0.0,0.0
1.0,0.26530612244897955,0.0,0.0004995004995004995,0.0004995004995004995,-0.006458870673900897,-0.006458870673900897
1.0,0.26530612244897955,0.02040816326530612,0.0004995004995004995,0.0004995004995004995,-0.006458870673900897,-0.006458870673900897
1.0,0.26530612244897955,0.04081632653061224,0.0004995004995004995,0.0004995004995004995,-0.006458870673900897,-0.006458870673900897
1.0,0.26530612244897955,0.061224489795918366,0.0004995004995004995,0.0004995004995004995,-0.006458870673900897,-0.006458870673900897
1.0,0.26530612244897955,0.08163265306122448,0.0004995004995004995,0.0004995004995004995,-0.006458870673900897,-0.006458870673900897
1.0,0.26530612244897955,0.1020408163265306,0.0004995004995004995,0.0004995004995004995,-0.006458870673900897,-0.006458870673900897
1.0,0.26530612244897955,0.12244897959183673,0.0004995004995004995,0.0004995004995004995,-0.006458870673900897,-0.006458870673900897
1.0,0.26530612244897955,0.14285714285714285,0.0004995004995004995,0.0004995004995004995,-0.006458870673900897,-0.006458870673900897
1.0,0.26530612244897955,0.16326530612244897,0.0004995004995004995,0.0004995004995004995,-0.006458870673900897,-0.006458870673900897
1.0,0.26530612244897955,0.18367346938775508,0.0004995004995004995,0.0004995004995004995,-0.006458870673900897,-0.006458870673900897
1.0,0.26530612244897955,0.2040816326530612,0.0004995004995004995,0.0004995004995004995,-0.006458870673900897,-0.006458870673900897
1.0,0.26530612244897955,0.22448979591836732,0.0004995004995004995,0.0004995004995004995,-0.006458870673900897,-0.006458870673900897
1.0,0.26530612244897955,0.24489795918367346,0.0004995004995004995,0.0004995004995004995,-0.006458870673900897,-0.006458870673900897
1.0,0.26530612244897955,0.26530612244897955,0.0004995004995004995,0.0004995004995004995,-0.006458870673900897,-0.006458870673900897
1.0,0.26530612244897955,0.2857142857142857,0.0004995004995004995,0.0004995004995004995,-0.006458870673900897,-0.006458870673900897
1.0,0.26530612244897955,0.3061224489795918,0.0004995004995004995,0.0004995004995004995,-0.006458870673900897,-0.006458870673900897
1.0,0.26530612244897955,0.32653061224489793,0.0004995004995004995,0.0004995004995004995,-0.006458870673900897,-0.006458870673900897
1.0,0.26530612244897955,0.3469387755102041,0.0004995004995004995,0.0004995004995004995,-0.006458870673900897,-0.006458870673900897
1.0,0.26530612244897955,0.36734693877551017,0.0004995004995004995,0.0004995004995004995,-0.006458870673900897,-0.006458870673900897
1.0,0.26530612244897955,0.3877551020408163,0.0004995004995004995,0.0004995004995004995,-0.006458870673900897,-0.006458870673900897
1.0,0.26530612244897955,0.4081632653061224,0.0004995004995004995,0.0004995004995004995,-0.006458870673900897,-0.006458870673900897
1.0,0.26530612244897955,0.42857142857142855,0.0005541048790764151,0.0005541048790764151,-0.0064042662943249815,-0.0064042662943249815
1.0,0.26530612244897955,0.44897959183673464,0.0006349145761744147,0.0006349145761744147,-0.006323456597226981,-0.006323456597226981
1.0,0.26530612244897955,0.4693877551020408,0.0007305417485480854,0.0007305417485480854,-0.006227829424853311,-0.006227829424853311
1.0,0.26530612244897955,0.4897959183673469,0.0008404267171517846,0.0008404267171517846,-0.006117944456249611,-0.006117944456249611
1.0,0.26530612244897955,0.5102040816326531,0.0009640449602712161,0.0009640449602712161,-0.00599432621313018,-0.00599432621313018
1.0,0.26530612244897955,0.5306122448979591,0.0011009081559741518,0.0011009081559741518,-0.005857463017427244,-0.005857463017427244
1.0,0.26530612244897955,0.5510204081632653,0.0012504780677323362,0.0012504780677323362,-0.00570789310566906,-0.00570789310566906
1.0,0.26530612244897955,0.5714285714285714,0.0014123118308140043,0.0014123118308140043,-0.0055460593425873915,-0.0055460593425873915
1.0,0.26530612244897955,0.5918367346938775,0.0015859513347592036,0.0015859513347592751,-0.005372419838642193,-0.005372419838642121
1.0,0.26530612244897955,0.6122448979591836,0.0017708950122410556,0.0017708950122410556,-0.00518747616116034,-0.00518747616116034
1.0,0.26530612244897955,0.6326530612244897,0.0019668041719174433,0.0019668041719174433,-0.004991567001483952,-0.004991567001483952
1.0,0.26530612244897955,0.6530612244897959,0.0021732152489193322,0.0021732152489193322,-0.004785155924482064,-0.004785155924482064
1.0,0.26530612244897955,0.673469387755102,0.0023897848660629274,0.0023897848660629274,-0.004568586307338468,-0.004568586307338468
1.0,0.26530612244897955,0.6938775510204082,0.0026160869367796206,0.0026160869367796206,-0.004342284236621776,-0.004342284236621776
1.0,0.26530612244897955,0.7142857142857142,0.002851698963554303,0.002851698963554303,-0.004106672209847093,-0.004106672209847093
1.0,0.26530612244897955,0.7346938775510203,0.0030964626015118637,0.0030964626015118637,-0.0038619085718895325,-0.0038619085718895325
1.0,0.26530612244897955,0.7551020408163265,0.0033498263465055224,0.0033498263465055224,-0.003608544826895874,-0.003608544826895874
1.0,0.26530612244897955,0.7755102040816326,0.003611520733795259,0.003611520733795259,-0.0033468504396061373,-0.0033468504396061373
1.0,0.26530612244897955,0.7959183673469387,0.003881262742348603,0.003881262742348603,-0.003077108431052793,-0.003077108431052793
1.0,0.26530612244897955,0.8163265306122448,0.0041587943214187375,0.0041587943214187375,-0.0027995768519826587,-0.0027995768519826587
1.0,0.26530612244897955,0.836734693877551,0.004443710127262877,0.004443710127262877,-0.002514661046138519,-0.002514661046138519
1.0,0.26530612244897955,0.8571428571428571,0.004735740476521889,0.004735740476521889,-0.002222630696879507,-0.002222630696879507
1.0,0.26530612244897955,0.8775510204081632,0.005034736511516286,0.005034736511516286,-0.0019236346618851105,-0.0019236346618851105
1.0,0.26530612244897955,0.8979591836734693,0.005340399826924653,0.005340399826924653,-0.0016179713464767433,-0.0016179713464767433
1.0,0.26530612244897955,0.9183673469387754,0.005652253100618105,0.005652253100618105,-0.0013061180727832909,-0.0013061180727832909
1.0,0.26530612244897955,0.9387755102040816,0.005970261409800094,0.005970261409800094,-0.000988109763601302,-0.000988109763601302
1.0,0.26530612244897955,0.9591836734693877,0.006294179612181566,0.006294179612181566,-0.0006641915612198299,-0.0006641915612198299
1.0,0.26530612244897955,0.9795918367346939,0.006623724021383949,0.006623724021384034,-0.0003346471520174468,-0.0003346471520173618
1.0,0.26530612244897955,1.0,0.006958371173401396,0.006958371173401396,0.0,0.0
1.0,0.2857142857142857,0.0,0.0004995004995004995,0.0004995004995004995,-0.006458870673900897,-0.006458870673900897
1.0,0.2857142857142857,0.02040816326530612,0.0004995004995004995,0.0004995004995004995,-0.006458870673900897,-0.006458870673900897
1.0,0.2857142857142857,0.04081632653061224,0.0004995004995004995,0.0004995004995004995,-0.006458870673900897,-0.006458870673900897
1.0,0.2857142857142857,0.061224489795918366,0.0004995004995004995,0.0004995004995004995,-0.006458870673900897,-0.006458870673900897
1.0,0.2857142857142857,0.08163265306122448,0.0004995004995004995,0.0004995004995004995,-0.006458870673900897,-0.006458870673900897
1.0,0.2857142857142857,0.1020408163265306,0.0004995004995004995,0.0004995004995004995,-0.006458870673900897,-0.006458870673900897
1.0,0.2857142857142857,0.12244897959183673,0.0004995004995004995,0.0004995004995004995,-0.006458870673900897,-0.006458870673900897
1.0,0.2857142857142857,0.14285714285714285,0.0004995004995004995,0.0004995004995004995,-0.006458870673900897,-0.006458870673900897
1.0,0.2857142857142857,0.16326530612244897,0.0004995004995004995,0.0004995004995004995,-0.006458870673900897,-0.006458870673900897
1.0,0.2857142857142857,0.18367346938775508,0.0004995004995004995,0.0004995004995004995,-0.006458870673900897,-0.006458870673900897
1.0,0.2857142857142857,0.2040816326530612,0.0004995004995004995,0.0004995004995004995,-0.006458870673900897,-0.006458870673900897
1.0,0.2857142857142857,0.22448979591836732,0.0004995004995004995,0.0004995004995004995,-0.006458870673900897,-0.006458870673900897
1.0,0.2857142857142857,0.24489795918367346,0.0004995004995004995,0.0004995004995004995,-0.006458870673900897,-0.006458870673900897
1.0,0.2857142857142857,0.26530612244897955,0.0004995004995004995,0.0004995004995004995,-0.006458870673900897,-0.006458870673900897
1.0,0.2857142857142857,0.2857142857142857,0.0004995004995004995,0.0004995004995004995,-0.006458870673900897,-0.006458870673900897
1.0,0.2857142857142857,0.3061224489795918,0.0004995004995004995,0.0004995004995004995,-0.006458870673900897,-0.006458870673900897
1.0,0.2857142857142857,0.32653061224489793,0.0004995004995004995,0.0004995004995004995,-0.006458870673900897,-0.006458870673900897
1.0,0.2857142857142857,0.3469387755102041,0.0004995004995004995,0.0004995004995004995,-0.006458870673900897,-0.006458870673900897
1.0,0.2857142857142857,0.36734693877551017,0.0004995004995004995,0.0004995004995004995,-0.006458870673900897,-0.006458870673900897
1.0,0.2857142857142857,0.3877551020408163,0.0004995004995004995,0.0004995004995004995,-0.006458870673900897,-0.006458870673900897
1.0,0.2857142857142857,0.4081632653061224,0.0004995004995004995,0.0004995004995004995,-0.006458870673900897,-0.006458870673900897
1.0,0.2857142857142857,0.42857142857142855,0.0005541048790764151,0.0005541048790764151,-0.0064042662943249815,-0.0064042662943249815
1.0,0.2857142857142857,0.44897959183673464,0.0006349145761744147,0.0006349145761744147,-0.006323456597226981,-0.006323456597226981
1.0,0.2857142857142857,0.4693877551020408,0.0007305417485480854,0.0007305417485480854,-0.006227829424853311,-0.006227829424853311
1.0,0.2857142857142857,0.4897959183673469,0.0008404267171517846,0.0008404267171517846,-0.006117944456249611,-0.006117944456249611
1.0,0.2857142857142857,0.5102040816326531,0.0009640449602712161,0.0009640449602712161,-0.00599432621313018,-0.00599432621313018
1.0,0.2857142857142857,0.5306122448979591,0.0011009081559741518,0.0011009081559741518,-0.005857463017427244,-0.005857463017427244
1.0,0.2857142857142857,0.5510204081632653,0.0012504780677323362,0.0012504780677323362,-0.00570789310566906,-0.00570789310566906
1.0,0.2857142857142857,0.5714285714285714,0.0014123118308140043,0.0014123118308140043,-0.0055460593425873915,-0.0055460593425873915
1.0,0.2857142857142857,0.5918367346938775,0.0015859513347592036,0.0015859513347592751,-0.005372419838642193,-0.005372419838642121
1.0,0.2857142857142857,0.6122448979591836,0.0017708950122410556,0.0017708950122410556,-0.00518747616116034,-0.00518747616116034
1.0,0.2857142857142857,0.6326530612244897,0.0019668041719174433,0.0019668041719174433,-0.004991567001483952,-0.004991567001483952
1.0,0.2857142857142857,0.6530612244897959,0.0021732152489193322,0.0021732152489193322,-0.004785155924482064,-0.004785155924482064
1.0,0.2857142857142857,0.673469387755102,0.0023897848660629274,0.0023897848660629274,-0.004568586307338468,-0.004568586307338468
1.0,0.2857142857142857,0.6938775510204082,0.0026160869367796206,0.0026160869367796206,-0.004342284236621776,-0.004342284236621776
1.0,0.2857142857142857,0.7142857142857142,0.002851698963554303,0.002851698963554303,-0.004106672209847093,-0.004106672209847093
1.0,0.2857142857142857,0.7346938775510203,0.0030964626015118637,0.0030964626015118637,-0.0038619085718895325,-0.0038619085718895325
1.0,0.2857142857142857,0.7551020408163265,0.0033498263465055224,0.0033498263465055224,-0.003608544826895874,-0.003608544826895874
1.0,0.2857142857142857,0.7755102040816326,0.003611520733795259,0.003611520733795259,-0.0033468504396061373,-0.0033468504396061373
1.0,0.2857142857142857,0.7959183673469387,0.003881262742348603,0.003881262742348603,-0.003077108431052793,-0.003077108431052793
1.0,0.2857142857142857,0.8163265306122448,0.0041587943214187375,0.0041587943214187375,-0.0027995768519826587,-0.0027995768519826587
1.0,0.2857142857142857,0.836734693877551,0.004443710127262877,0.004443710127262877,-0.002514661046138519,-0.002514661046138519
1.0,0.2857142857142857,0.8571428571428571,0.004735740476521889,0.004735740476521889,-0.002222630696879507,-0.002222630696879507
1.0,0.2857142857142857,0.8775510204081632,0.005034736511516286,0.005034736511516286,-0.0019236346618851105,-0.0019236346618851105
1.0,0.2857142857142857,0.8979591836734693,0.005340399826924653,0.005340399826924653,-0.0016179713464767433,-0.0016179713464767433
1.0,0.2857142857142857,0.9183673469387754,0.005652253100618105,0.005652253100618105,-0.0013061180727832909,-0.0013061180727832909
1.0,0.2857142857142857,0.9387755102040816,0.005970261409800094,0.005970261409800094,-0.000988109763601302,-0.000988109763601302
1.0,0.2857142857142857,0.9591836734693877,0.006294179612181566,0.006294179612181566,-0.0006641915612198299,-0.0006641915612198299
1.0,0.2857142857142857,0.9795918367346939,0.006623724021383949,0.006623724021384034,-0.0003346471520174468,-0.0003346471520173618
1.0,0.2857142857142857,1.0,0.006958371173401396,0.006958371173401396,0.0,0.0
1.0,0.3061224489795918,0.0,0.0004995004995004995,0.0004995004995004995,-0.006458870673900897,-0.006458870673900897
1.0,0.3061224489795918,0.02040816326530612,0.0004995004995004995,0.0004995004995004995,-0.006458870673900897,-0.006458870673900897
1.0,0.3061224489795918,0.04081632653061224,0.0004995004995004995,0.0004995004995004995,-0.006458870673900897,-0.006458870673900897
1.0,0.3061224489795918,0.061224489795918366,0.0004995004995004995,0.0004995004995004995,-0.006458870673900897,-0.006458870673900897
1.0,0.3061224489795918,0.08163265306122448,0.0004995004995004995,0.0004995004995004995,-0.006458870673900897,-0.006458870673900897
1.0,0.3061224489795918,0.1020408163265306,0.0004995004995004995,0.0004995004995004995,-0.006458870673900897,-0.006458870673900897
1.0,0.3061224489795918,0.12244897959183673,0.0004995004995004995,0.0004995004995004995,-0.006458870673900897,-0.006458870673900897
1.0,0.3061224489795918,0.14285714285714285,0.0004995004995004995,0.0004995004995004995,-0.006458870673900897,-0.006458870673900897
1.0,0.3061224489795918,0.16326530612244897,0.0004995004995004995,0.0004995004995004995,-0.006458870673900897,-0.006458870673900897
1.0,0.3061224489795918,0.18367346938775508,0.0004995004995004995,0.0004995004995004995,-0.006458870673900897,-0.006458870673900897
1.0,0.3061224489795918,0.2040816326530612,0.0004995004995004995,0.0004995004995004995,-0.006458870673900897,-0.006458870673900897
1.0,0.3061224489795918,0.22448979591836732,0.0004995004995004995,0.0004995004995004995,-0.006458870673900897,-0.006458870673900897
1.0,0.3061224489795918,0.24489795918367346,0.0004995004995004995,0.0004995004995004995,-0.006458870673900897,-0.006458870673900897
1.0,0.3061224489795918,0.26530612244897955,0.0004995004995004995,0.0004995004995004995,-0.006458870673900897,-0.006458870673900897
1.0,0.3061224489795918,0.2857142857142857,0.0004995004995004995,0.0004995004995004995,-0.006458870673900897,-0.006458870673900897
1.0,0.3061224489795918,0.3061224489795918,0.0004995004995004995,0.0004995004995004995,-0.006458870673900897,-0.006458870673900897
1.0,0.3061224489795918,0.32653061224489793,0.0004995004995004995,0.0004995004995004995,-0.006458870673900897,-0.006458870673900897
1.0,0.3061224489795918,0.3469387755102041,0.0004995004995004995,0.0004995004995004995,-0.006458870673900897,-0.006458870673900897
1.0,0.3061224489795918,0.36734693877551017,0.0004995004995004995,0.0004995004995004995,-0.006458870673900897,-0.006458870673900897
1.0,0.3061224489795918,0.3877551020408163,0.0004995004995004995,0.0004995004995004995,-0.006458870673900897,-0.006458870673900897
1.0,0.3061224489795918,0.4081632653061224,0.0004995004995004995,0.0004995004995004995,-0.006458870673900897,-0.006458870673900897
1.0,0.3061224489795918,0.42857142857142855,0.0005541048790764151,0.0005541048790764151,-0.0064042662943249815,-0.0064042662943249815
1.0,0.3061224489795918,0.44897959183673464,0.0006349145761744147,0.0006349145761744147,-0.006323456597226981,-0.006323456597226981
1.0,0.3061224489795918,0.4693877551020408,0.0007305417485480854,0.0007305417485480854,-0.006227829424853311,-0.006227829424853311
1.0,0.3061224489795918,0.4897959183673469,0.0008404267171517846,0.0008404267171517846,-0.006117944456249611,-0.006117944456249611
1.0,0.3061224489795918,0.5102040816326531,0.0009640449602712161,0.0009640449602712161,-0.00599432621313018,-0.00599432621313018
1.0,0.3061224489795918,0.5306122448979591,0.0011009081559741518,0.0011009081559741518,-0.005857463017427244,-0.005857463017427244
1.0,0.3061224489795918,0.5510204081632653,0.0012504780677323362,0.0012504780677323362,-0.00570789310566906,-0.00570789310566906
1.0,0.3061224489795918,0.5714285714285714,0.0014123118308140043,0.0014123118308140043,-0.0055460593425873915,-0.0055460593425873915
1.0,0.3061224489795918,0.5918367346938775,0.0015859513347592036,0.0015859513347592751,-0.005372419838642193,-0.005372419838642121
1.0,0.3061224489795918,0.6122448979591836,0.0017708950122410556,0.0017708950122410556,-0.00518747616116034,-0.00518747616116034
1.0,0.3061224489795918,0.6326530612244897,0.0019668041719174433,0.0019668041719174433,-0.004991567001483952,-0.004991567001483952
1.0,0.3061224489795918,0.6530612244897959,0.0021732152489193322,0.0021732152489193322,-0.004785155924482064,-0.004785155924482064
1.0,0.3061224489795918,0.673469387755102,0.0023897848660629274,0.0023897848660629274,-0.004568586307338468,-0.004568586307338468
1.0,0.3061224489795918,0.6938775510204082,0.0026160869367796206,0.0026160869367796206,-0.004342284236621776,-0.004342284236621776
1.0,0.3061224489795918,0.7142857142857142,0.002851698963554303,0.002851698963554303,-0.004106672209847093,-0.004106672209847093
1.0,0.3061224489795918,0.7346938775510203,0.0030964626015118637,0.0030964626015118637,-0.0038619085718895325,-0.0038619085718895325
1.0,0.3061224489795918,0.7551020408163265,0.0033498263465055224,0.0033498263465055224,-0.003608544826895874,-0.003608544826895874
1.0,0.3061224489795918,0.7755102040816326,0.003611520733795259,0.003611520733795259,-0.0033468504396061373,-0.0033468504396061373
1.0,0.3061224489795918,0.7959183673469387,0.003881262742348603,0.003881262742348603,-0.003077108431052793,-0.003077108431052793
1.0,0.3061224489795918,0.8163265306122448,0.0041587943214187375,0.0041587943214187375,-0.0027995768519826587,-0.0027995768519826587
1.0,0.3061224489795918,0.836734693877551,0.004443710127262877,0.004443710127262877,-0.002514661046138519,-0.002514661046138519
1.0,0.3061224489795918,0.8571428571428571,0.004735740476521889,0.004735740476521889,-0.002222630696879507,-0.002222630696879507
1.0,0.3061224489795918,0.8775510204081632,0.005034736511516286,0.005034736511516286,-0.0019236346618851105,-0.0019236346618851105
1.0,0.3061224489795918,0.8979591836734693,0.005340399826924653,0.005340399826924653,-0.0016179713464767433,-0.0016179713464767433
1.0,0.3061224489795918,0.9183673469387754,0.005652253100618105,0.005652253100618105,-0.0013061180727832909,-0.0013061180727832909
1.0,0.3061224489795918,0.9387755102040816,0.005970261409800094,0.005970261409800094,-0.000988109763601302,-0.000988109763601302
1.0,0.3061224489795918,0.9591836734693877,0.006294179612181566,0.006294179612181566,-0.0006641915612198299,-0.0006641915612198299
1.0,0.3061224489795918,0.9795918367346939,0.006623724021383949,0.006623724021384034,-0.0003346471520174468,-0.0003346471520173618
1.0,0.3061224489795918,1.0,0.006958371173401396,0.006958371173401396,0.0,0.0
1.0,0.32653061224489793,0.0,0.0004995004995004995,0.0004995004995004995,-0.006458870673900897,-0.006458870673900897
1.0,0.32653061224489793,0.02040816326530612,0.0004995004995004995,0.0004995004995004995,-0.006458870673900897,-0.006458870673900897
1.0,0.32653061224489793,0.04081632653061224,0.0004995004995004995,0.0004995004995004995,-0.006458870673900897,-0.006458870673900897
1.0,0.32653061224489793,0.061224489795918366,0.0004995004995004995,0.0004995004995004995,-0.006458870673900897,-0.006458870673900897
1.0,0.32653061224489793,0.08163265306122448,0.0004995004995004995,0.0004995004995004995,-0.006458870673900897,-0.006458870673900897
1.0,0.32653061224489793,0.1020408163265306,0.0004995004995004995,0.0004995004995004995,-0.006458870673900897,-0.006458870673900897
1.0,0.32653061224489793,0.12244897959183673,0.0004995004995004995,0.0004995004995004995,-0.006458870673900897,-0.006458870673900897
1.0,0.32653061224489793,0.14285714285714285,0.0004995004995004995,0.0004995004995004995,-0.006458870673900897,-0.006458870673900897
1.0,0.32653061224489793,0.16326530612244897,0.0004995004995004995,0.0004995004995004995,-0.006458870673900897,-0.006458870673900897
1.0,0.32653061224489793,0.18367346938775508,0.0004995004995004995,0.0004995004995004995,-0.006458870673900897,-0.006458870673900897
1.0,0.32653061224489793,0.2040816326530612,0.0004995004995004995,0.0004995004995004995,-0.006458870673900897,-0.006458870673900897
1.0,0.32653061224489793,0.22448979591836732,0.0004995004995004995,0.0004995004995004995,-0.006458870673900897,-0.006458870673900897
1.0,0.32653061224489793,0.24489795918367346,0.0004995004995004995,0.0004995004995004995,-0.006458870673900897,-0.006458870673900897
1.0,0.32653061224489793,0.26530612244897955,0.0004995004995004995,0.0004995004995004995,-0.006458870673900897,-0.006458870673900897
1.0,0.32653061224489793,0.2857142857142857,0.0004995004995004995,0.0004995004995004995,-0.006458870673900897,-0.006458870673900897
1.0,0.32653061224489793,0.3061224489795918,0.0004995004995004995,0.0004995004995004995,-0.006458870673900897,-0.006458870673900897
1.0,0.32653061224489793,0.32653061224489793,0.0004995004995004995,0.0004995004995004995,-0.006458870673900897,-0.006458870673900897
1.0,0.32653061224489793,0.3469387755102041,0.0004995004995004995,0.0004995004995004995,-0.006458870673900897,-0.006458870673900897
1.0,0.32653061224489793,0.36734693877551017,0.0004995004995004995,0.0004995004995004995,-0.006458870673900897,-0.006458870673900897
1.0,0.32653061224489793,0.3877551020408163,0.0004995004995004995,0.0004995004995004995,-0.006458870673900897,-0.006458870673900897
1.0,0.32653061224489793,0.4081632653061224,0.0004995004995004995,0.0004995004995004995,-0.006458870673900897,-0.006458870673900897
1.0,0.32653061224489793,0.42857142857142855,0.0005541048790764151,0.0005541048790764151,-0.0064042662943249815,-0.0064042662943249815
1.0,0.32653061224489793,0.44897959183673464,0.0006349145761744147,0.0006349145761744147,-0.006323456597226981,-0.006323456597226981
1.0,0.32653061224489793,0.4693877551020408,0.0007305417485480854,0.0007305417485480854,-0.006227829424853311,-0.006227829424853311
1.0,0.32653061224489793,0.4897959183673469,0.0008404267171517846,0.0008404267171517846,-0.006117944456249611,-0.006117944456249611
1.0,0.32653061224489793,0.5102040816326531,0.0009640449602712161,0.0009640449602712161,-0.00599432621313018,-0.00599432621313018
1.0,0.32653061224489793,0.5306122448979591,0.0011009081559741518,0.0011009081559741518,-0.005857463017427244,-0.005857463017427244
1.0,0.32653061224489793,0.5510204081632653,0.0012504780677323362,0.0012504780677323362,-0.00570789310566906,-0.00570789310566906
1.0,0.32653061224489793,0.5714285714285714,0.0014123118308140043,0.0014123118308140043,-0.0055460593425873915,-0.0055460593425873915
1.0,0.32653061224489793,0.5918367346938775,0.0015859513347592036,0.0015859513347592751,-0.005372419838642193,-0.005372419838642121
1.0,0.32653061224489793,0.6122448979591836,0.0017708950122410556,0.0017708950122410556,-0.00518747616116034,-0.00518747616116034
1.0,0.32653061224489793,0.6326530612244897,0.0019668041719174433,0.0019668041719174433,-0.004991567001483952,-0.004991567001483952
1.0,0.32653061224489793,0.6530612244897959,0.0021732152489193322,0.0021732152489193322,-0.004785155924482064,-0.004785155924482064
1.0,0.32653061224489793,0.673469387755102,0.0023897848660629274,0.0023897848660629274,-0.004568586307338468,-0.004568586307338468
1.0,0.32653061224489793,0.6938775510204082,0.0026160869367796206,0.0026160869367796206,-0.004342284236621776,-0.004342284236621776
1.0,0.32653061224489793,0.7142857142857142,0.002851698963554303,0.002851698963554303,-0.004106672209847093,-0.004106672209847093
1.0,0.32653061224489793,0.7346938775510203,0.0030964626015118637,0.0030964626015118637,-0.0038619085718895325,-0.0038619085718895325
1.0,0.32653061224489793,0.7551020408163265,0.0033498263465055224,0.0033498263465055224,-0.003608544826895874,-0.003608544826895874
1.0,0.32653061224489793,0.7755102040816326,0.003611520733795259,0.003611520733795259,-0.0033468504396061373,-0.0033468504396061373
1.0,0.32653061224489793,0.7959183673469387,0.003881262742348603,0.003881262742348603,-0.003077108431052793,-0.003077108431052793
1.0,0.32653061224489793,0.8163265306122448,0.0041587943214187375,0.0041587943214187375,-0.0027995768519826587,-0.0027995768519826587
1.0,0.32653061224489793,0.836734693877551,0.004443710127262877,0.004443710127262877,-0.002514661046138519,-0.002514661046138519
1.0,0.32653061224489793,0.8571428571428571,0.004735740476521889,0.004735740476521889,-0.002222630696879507,-0.002222630696879507
1.0,0.32653061224489793,0.8775510204081632,0.005034736511516286,0.005034736511516286,-0.0019236346618851105,-0.0019236346618851105
1.0,0.32653061224489793,0.8979591836734693,0.005340399826924653,0.005340399826924653,-0.0016179713464767433,-0.0016179713464767433
1.0,0.32653061224489793,0.9183673469387754,0.005652253100618105,0.005652253100618105,-0.0013061180727832909,-0.0013061180727832909
1.0,0.32653061224489793,0.9387755102040816,0.005970261409800094,0.005970261409800094,-0.000988109763601302,-0.000988109763601302
1.0,0.32653061224489793,0.9591836734693877,0.006294179612181566,0.006294179612181566,-0.0006641915612198299,-0.0006641915612198299
1.0,0.32653061224489793,0.9795918367346939,0.006623724021383949,0.006623724021384034,-0.0003346471520174468,-0.0003346471520173618
1.0,0.32653061224489793,1.0,0.006958371173401396,0.006958371173401396,0.0,0.0
1.0,0.3469387755102041,0.0,0.0004995004995004995,0.0004995004995004995,-0.006458870673900897,-0.006458870673900897
1.0,0.3469387755102041,0.02040816326530612,0.0004995004995004995,0.0004995004995004995,-0.006458870673900897,-0.006458870673900897
1.0,0.3469387755102041,0.04081632653061224,0.0004995004995004995,0.0004995004995004995,-0.006458870673900897,-0.006458870673900897
1.0,0.3469387755102041,0.061224489795918366,0.0004995004995004995,0.0004995004995004995,-0.006458870673900897,-0.006458870673900897
1.0,0.3469387755102041,0.08163265306122448,0.0004995004995004995,0.0004995004995004995,-0.006458870673900897,-0.006458870673900897
1.0,0.3469387755102041,0.1020408163265306,0.0004995004995004995,0.0004995004995004995,-0.006458870673900897,-0.006458870673900897
1.0,0.3469387755102041,0.12244897959183673,0.0004995004995004995,0.0004995004995004995,-0.006458870673900897,-0.006458870673900897
1.0,0.3469387755102041,0.14285714285714285,0.0004995004995004995,0.0004995004995004995,-0.006458870673900897,-0.006458870673900897
1.0,0.3469387755102041,0.16326530612244897,0.0004995004995004995,0.0004995004995004995,-0.006458870673900897,-0.006458870673900897
1.0,0.3469387755102041,0.18367346938775508,0.0004995004995004995,0.0004995004995004995,-0.006458870673900897,-0.006458870673900897
1.0,0.3469387755102041,0.2040816326530612,0.0004995004995004995,0.0004995004995004995,-0.006458870673900897,-0.006458870673900897
1.0,0.3469387755102041,0.22448979591836732,0.0004995004995004995,0.0004995004995004995,-0.006458870673900897,-0.006458870673900897
1.0,0.3469387755102041,0.24489795918367346,0.0004995004995004995,0.0004995004995004995,-0.006458870673900897,-0.006458870673900897
1.0,0.3469387755102041,0.26530612244897955,0.0004995004995004995,0.0004995004995004995,-0.006458870673900897,-0.006458870673900897
1.0,0.3469387755102041,0.2857142857142857,0.0004995004995004995,0.0004995004995004995,-0.006458870673900897,-0.006458870673900897
1.0,0.3469387755102041,0.3061224489795918,0.0004995004995004995,0.0004995004995004995,-0.006458870673900897,-0.006458870673900897
1.0,0.3469387755102041,0.32653061224489793,0.0004995004995004995,0.0004995004995004995,-0.006458870673900897,-0.006458870673900897
1.0,0.3469387755102041,0.3469387755102041,0.0004995004995004995,0.0004995004995004995,-0.006458870673900897,-0.006458870673900897
1.0,0.3469387755102041,0.36734693877551017,0.0004995004995004995,0.0004995004995004995,-0.006458870673900897,-0.006458870673900897
1.0,0.3469387755102041,0.3877551020408163,0.0004995004995004995,0.0004995004995004995,-0.006458870673900897,-0.006458870673900897
1.0,0.3469387755102041,0.4081632653061224,0.0004995004995004995,0.0004995004995004995,-0.006458870673900897,-0.006458870673900897
1.0,0.3469387755102041,0.42857142857142855,0.0005541048790764151,0.0005541048790764151,-0.0064042662943249815,-0.0064042662943249815
1.0,0.3469387755102041,0.44897959183673464,0.0006349145761744147,0.0006349145761744147,-0.006323456597226981,-0.006323456597226981
1.0,0.3469387755102041,0.4693877551020408,0.0007305417485480854,0.0007305417485480854,-0.006227829424853311,-0.006227829424853311
1.0,0.3469387755102041,0.4897959183673469,0.0008404267171517846,0.0008404267171517846,-0.006117944456249611,-0.006117944456249611
1.0,0.3469387755102041,0.5102040816326531,0.0009640449602712161,0.0009640449602712161,-0.00599432621313018,-0.00599432621313018
1.0,0.3469387755102041,0.5306122448979591,0.0011009081559741518,0.0011009081559741518,-0.005857463017427244,-0.005857463017427244
1.0,0.3469387755102041,0.5510204081632653,0.0012504780677323362,0.0012504780677323362,-0.00570789310566906,-0.00570789310566906
1.0,0.3469387755102041,0.5714285714285714,0.0014123118308140043,0.0014123118308140043,-0.0055460593425873915,-0.0055460593425873915
1.0,0.3469387755102041,0.5918367346938775,0.0015859513347592036,0.0015859513347592751,-0.005372419838642193,-0.005372419838642121
1.0,0.3469387755102041,0.6122448979591836,0.0017708950122410556,0.0017708950122410556,-0.00518747616116034,-0.00518747616116034
1.0,0.3469387755102041,0.6326530612244897,0.0019668041719174433,0.0019668041719174433,-0.004991567001483952,-0.004991567001483952
1.0,0.3469387755102041,0.6530612244897959,0.0021732152489193322,0.0021732152489193322,-0.004785155924482064,-0.004785155924482064
1.0,0.3469387755102041,0.673469387755102,0.0023897848660629274,0.0023897848660629274,-0.004568586307338468,-0.004568586307338468
1.0,0.3469387755102041,0.6938775510204082,0.0026160869367796206,0.0026160869367796206,-0.004342284236621776,-0.004342284236621776
1.0,0.3469387755102041,0.7142857142857142,0.002851698963554303,0.002851698963554303,-0.004106672209847093,-0.004106672209847093
1.0,0.3469387755102041,0.7346938775510203,0.0030964626015118637,0.0030964626015118637,-0.0038619085718895325,-0.0038619085718895325
1.0,0.3469387755102041,0.7551020408163265,0.0033498263465055224,0.0033498263465055224,-0.003608544826895874,-0.003608544826895874
1.0,0.3469387755102041,0.7755102040816326,0.003611520733795259,0.003611520733795259,-0.0033468504396061373,-0.0033468504396061373
1.0,0.3469387755102041,0.7959183673469387,0.003881262742348603,0.003881262742348603,-0.003077108431052793,-0.003077108431052793
1.0,0.3469387755102041,0.8163265306122448,0.0041587943214187375,0.0041587943214187375,-0.0027995768519826587,-0.0027995768519826587
1.0,0.3469387755102041,0.836734693877551,0.004443710127262877,0.004443710127262877,-0.002514661046138519,-0.002514661046138519
1.0,0.3469387755102041,0.8571428571428571,0.004735740476521889,0.004735740476521889,-0.002222630696879507,-0.002222630696879507
1.0,0.3469387755102041,0.8775510204081632,0.005034736511516286,0.005034736511516286,-0.0019236346618851105,-0.0019236346618851105
1.0,0.3469387755102041,0.8979591836734693,0.005340399826924653,0.005340399826924653,-0.0016179713464767433,-0.0016179713464767433
1.0,0.3469387755102041,0.9183673469387754,0.005652253100618105,0.005652253100618105,-0.0013061180727832909,-0.0013061180727832909
1.0,0.3469387755102041,0.9387755102040816,0.005970261409800094,0.005970261409800094,-0.000988109763601302,-0.000988109763601302
1.0,0.3469387755102041,0.9591836734693877,0.006294179612181566,0.006294179612181566,-0.0006641915612198299,-0.0006641915612198299
1.0,0.3469387755102041,0.9795918367346939,0.006623724021383949,0.006623724021384034,-0.0003346471520174468,-0.0003346471520173618
1.0,0.3469387755102041,1.0,0.006958371173401396,0.006958371173401396,0.0,0.0
1.0,0.36734693877551017,0.0,0.0004995004995004995,0.0004995004995004995,-0.006458870673900897,-0.006458870673900897
1.0,0.36734693877551017,0.02040816326530612,0.0004995004995004995,0.0004995004995004995,-0.006458870673900897,-0.006458870673900897
1.0,0.36734693877551017,0.04081632653061224,0.0004995004995004995,0.0004995004995004995,-0.006458870673900897,-0.006458870673900897
1.0,0.36734693877551017,0.061224489795918366,0.0004995004995004995,0.0004995004995004995,-0.006458870673900897,-0.006458870673900897
1.0,0.36734693877551017,0.08163265306122448,0.0004995004995004995,0.0004995004995004995,-0.006458870673900897,-0.006458870673900897
1.0,0.36734693877551017,0.1020408163265306,0.0004995004995004995,0.0004995004995004995,-0.006458870673900897,-0.006458870673900897
1.0,0.36734693877551017,0.12244897959183673,0.0004995004995004995,0.0004995004995004995,-0.006458870673900897,-0.006458870673900897
1.0,0.36734693877551017,0.14285714285714285,0.0004995004995004995,0.0004995004995004995,-0.006458870673900897,-0.006458870673900897
1.0,0.36734693877551017,0.16326530612244897,0.0004995004995004995,0.0004995004995004995,-0.006458870673900897,-0.006458870673900897
1.0,0.36734693877551017,0.18367346938775508,0.0004995004995004995,0.0004995004995004995,-0.006458870673900897,-0.006458870673900897
1.0,0.36734693877551017,0.2040816326530612,0.0004995004995004995,0.0004995004995004995,-0.006458870673900897,-0.006458870673900897
1.0,0.36734693877551017,0.22448979591836732,0.0004995004995004995,0.0004995004995004995,-0.006458870673900897,-0.006458870673900897
1.0,0.36734693877551017,0.24489795918367346,0.0004995004995004995,0.0004995004995004995,-0.006458870673900897,-0.006458870673900897
1.0,0.36734693877551017,0.26530612244897955,0.0004995004995004995,0.0004995004995004995,-0.006458870673900897,-0.006458870673900897
1.0,0.36734693877551017,0.2857142857142857,0.0004995004995004995,0.0004995004995004995,-0.006458870673900897,-0.006458870673900897
1.0,0.36734693877551017,0.3061224489795918,0.0004995004995004995,0.0004995004995004995,-0.006458870673900897,-0.006458870673900897
1.0,0.36734693877551017,0.32653061224489793,0.0004995004995004995,0.0004995004995004995,-0.006458870673900897,-0.006458870673900897
1.0,0.36734693877551017,0.3469387755102041,0.0004995004995004995,0.0004995004995004995,-0.006458870673900897,-0.006458870673900897
1.0,0.36734693877551017,0.36734693877551017,0.0004995004995004995,0.0004995004995004995,-0.006458870673900897,-0.006458870673900897
1.0,0.36734693877551017,0.3877551020408163,0.0004995004995004995,0.0004995004995004995,-0.006458870673900897,-0.006458870673900897
1.0,0.36734693877551017,0.4081632653061224,0.0004995004995004995,0.0004995004995004995,-0.006458870673900897,-0.006458870673900897
1.0,0.36734693877551017,0.42857142857142855,0.0005541048790764151,0.0005541048790764151,-0.0064042662943249815,-0.0064042662943249815
1.0,0.36734693877551017,0.44897959183673464,0.0006349145761744147,0.0006349145761744147,-0.006323456597226981,-0.006323456597226981
1.0,0.36734693877551017,0.4693877551020408,0.0007305417485480854,0.0007305417485480854,-0.006227829424853311,-0.006227829424853311
1.0,0.36734693877551017,0.4897959183673469,0.0008404267171517846,0.0008404267171517846,-0.006117944456249611,-0.006117944456249611
1.0,0.36734693877551017,0.5102040816326531,0.0009640449602712161,0.0009640449602712161,-0.00599432621313018,-0.00599432621313018
1.0,0.36734693877551017,0.5306122448979591,0.0011009081559741518,0.0011009081559741518,-0.005857463017427244,-0.005857463017427244
1.0,0.36734693877551017,0.5510204081632653,0.0012504780677323362,0.0012504780677323362,-0.00570789310566906,-0.00570789310566906
1.0,0.36734693877551017,0.5714285714285714,0.0014123118308140043,0.0014123118308140043,-0.0055460593425873915,-0.0055460593425873915
1.0,0.36734693877551017,0.5918367346938775,0.0015859513347592036,0.0015859513347592751,-0.005372419838642193,-0.005372419838642121
1.0,0.36734693877551017,0.6122448979591836,0.0017708950122410556,0.0017708950122410556,-0.00518747616116034,-0.00518747616116034
1.0,0.36734693877551017,0.6326530612244897,0.0019668041719174433,0.0019668041719174433,-0.004991567001483952,-0.004991567001483952
1.0,0.36734693877551017,0.6530612244897959,0.0021732152489193322,0.0021732152489193322,-0.004785155924482064,-0.004785155924482064
1.0,0.36734693877551017,0.673469387755102,0.0023897848660629274,0.0023897848660629274,-0.004568586307338468,-0.004568586307338468
1.0,0.36734693877551017,0.6938775510204082,0.0026160869367796206,0.0026160869367796206,-0.004342284236621776,-0.004342284236621776
1.0,0.36734693877551017,0.7142857142857142,0.002851698963554303,0.002851698963554303,-0.004106672209847093,-0.004106672209847093
1.0,0.36734693877551017,0.7346938775510203,0.0030964626015118637,0.0030964626015118637,-0.0038619085718895325,-0.0038619085718895325
1.0,0.36734693877551017,0.7551020408163265,0.0033498263465055224,0.0033498263465055224,-0.003608544826895874,-0.003608544826895874
1.0,0.36734693877551017,0.7755102040816326,0.003611520733795259,0.003611520733795259,-0.0033468504396061373,-0.0033468504396061373
1.0,0.36734693877551017,0.7959183673469387,0.003881262742348603,0.003881262742348603,-0.003077108431052793,-0.003077108431052793
1.0,0.36734693877551017,0.8163265306122448,0.0041587943214187375,0.0041587943214187375,-0.0027995768519826587,-0.0027995768519826587
1.0,0.36734693877551017,0.836734693877551,0.004443710127262877,0.004443710127262877,-0.002514661046138519,-0.002514661046138519
1.0,0.36734693877551017,0.8571428571428571,0.004735740476521889,0.004735740476521889,-0.002222630696879507,-0.002222630696879507
1.0,0.36734693877551017,0.8775510204081632,0.005034736511516286,0.005034736511516286,-0.0019236346618851105,-0.0019236346618851105
1.0,0.36734693877551017,0.8979591836734693,0.005340399826924653,0.005340399826924653,-0.0016179713464767433,-0.0016179713464767433
1.0,0.36734693877551017,0.9183673469387754,0.005652253100618105,0.005652253100618105,-0.0013061180727832909,-0.0013061180727832909
1.0,0.36734693877551017,0.9387755102040816,0.005970261409800094,0.005970261409800094,-0.000988109763601302,-0.000988109763601302
1.0,0.36734693877551017,0.9591836734693877,0.006294179612181566,0.006294179612181566,-0.0006641915612198299,-0.0006641915612198299
1.0,0.36734693877551017,0.9795918367346939,0.006623724021383949,0.006623724021384034,-0.0003346471520174468,-0.0003346471520173618
1.0,0.36734693877551017,1.0,0.006958371173401396,0.006958371173401396,0.0,0.0
1.0,0.3877551020408163,0.0,0.0004995004995004995,0.0004995004995004995,-0.006458870673900897,-0.006458870673900897
1.0,0.3877551020408163,0.02040816326530612,0.0004995004995004995,0.0004995004995004995,-0.006458870673900897,-0.006458870673900897
1.0,0.3877551020408163,0.04081632653061224,0.0004995004995004995,0.0004995004995004995,-0.006458870673900897,-0.006458870673900897
1.0,0.3877551020408163,0.061224489795918366,0.0004995004995004995,0.0004995004995004995,-0.006458870673900897,-0.006458870673900897
1.0,0.3877551020408163,0.08163265306122448,0.0004995004995004995,0.0004995004995004995,-0.006458870673900897,-0.006458870673900897
1.0,0.3877551020408163,0.1020408163265306,0.0004995004995004995,0.0004995004995004995,-0.006458870673900897,-0.006458870673900897
1.0,0.3877551020408163,0.12244897959183673,0.0004995004995004995,0.0004995004995004995,-0.006458870673900897,-0.006458870673900897
1.0,0.3877551020408163,0.14285714285714285,0.0004995004995004995,0.0004995004995004995,-0.006458870673900897,-0.006458870673900897
1.0,0.3877551020408163,0.16326530612244897,0.0004995004995004995,0.0004995004995004995,-0.006458870673900897,-0.006458870673900897
1.0,0.3877551020408163,0.18367346938775508,0.0004995004995004995,0.0004995004995004995,-0.006458870673900897,-0.006458870673900897
1.0,0.3877551020408163,0.2040816326530612,0.0004995004995004995,0.0004995004995004995,-0.006458870673900897,-0.006458870673900897
1.0,0.3877551020408163,0.22448979591836732,0.0004995004995004995,0.0004995004995004995,-0.006458870673900897,-0.006458870673900897
1.0,0.3877551020408163,0.24489795918367346,0.0004995004995004995,0.0004995004995004995,-0.006458870673900897,-0.006458870673900897
1.0,0.3877551020408163,0.26530612244897955,0.0004995004995004995,0.0004995004995004995,-0.006458870673900897,-0.006458870673900897
1.0,0.3877551020408163,0.2857142857142857,0.0004995004995004995,0.0004995004995004995,-0.006458870673900897,-0.006458870673900897
1.0,0.3877551020408163,0.3061224489795918,0.0004995004995004995,0.0004995004995004995,-0.006458870673900897,-0.006458870673900897
1.0,0.3877551020408163,0.32653061224489793,0.0004995004995004995,0.0004995004995004995,-0.006458870673900897,-0.006458870673900897
1.0,0.3877551020408163,0.3469387755102041,0.0004995004995004995,0.0004995004995004995,-0.006458870673900897,-0.006458870673900897
1.0,0.3877551020408163,0.36734693877551017,0.0004995004995004995,0.0004995004995004995,-0.006458870673900897,-0.006458870673900897
1.0,0.3877551020408163,0.3877551020408163,0.0004995004995004995,0.0004995004995004995,-0.006458870673900897,-0.006458870673900897
1.0,0.3877551020408163,0.4081632653061224,0.0004995004995004995,0.0004995004995004995,-0.006458870673900897,-0.006458870673900897
1.0,0.3877551020408163,0.42857142857142855,0.0005541048790764151,0.0005541048790764151,-0.0064042662943249815,-0.0064042662943249815
1.0,0.3877551020408163,0.44897959183673464,0.0006349145761744147,0.0006349145761744147,-0.006323456597226981,-0.006323456597226981
1.0,0.3877551020408163,0.4693877551020408,0.0007305417485480854,0.0007305417485480854,-0.006227829424853311,-0.006227829424853311
1.0,0.3877551020408163,0.4897959183673469,0.0008404267171517846,0.0008404267171517846,-0.006117944456249611,-0.006117944456249611
1.0,0.3877551020408163,0.5102040816326531,0.0009640449602712161,0.0009640449602712161,-0.00599432621313018,-0.00599432621313018
1.0,0.3877551020408163,0.5306122448979591,0.0011009081559741518,0.0011009081559741518,-0.005857463017427244,-0.005857463017427244
1.0,0.3877551020408163,0.5510204081632653,0.0012504780677323362,0.0012504780677323362,-0.00570789310566906,-0.00570789310566906
1.0,0.3877551020408163,0.5714285714285714,0.0014123118308140043,0.0014123118308140043,-0.0055460593425873915,-0.0055460593425873915
1.0,0.3877551020408163,0.5918367346938775,0.0015859513347592036,0.0015859513347592751,-0.005372419838642193,-0.005372419838642121
1.0,0.3877551020408163,0.6122448979591836,0.0017708950122410556,0.0017708950122410556,-0.00518747616116034,-0.00518747616116034
1.0,0.3877551020408163,0.6326530612244897,0.0019668041719174433,0.0019668041719174433,-0.004991567001483952,-0.004991567001483952
1.0,0.3877551020408163,0.6530612244897959,0.0021732152489193322,0.0021732152489193322,-0.004785155924482064,-0.004785155924482064
1.0,0.3877551020408163,0.673469387755102,0.0023897848660629274,0.0023897848660629274,-0.004568586307338468,-0.004568586307338468
1.0,0.3877551020408163,0.6938775510204082,0.0026160869367796206,0.0026160869367796206,-0.004342284236621776,-0.004342284236621776
1.0,0.3877551020408163,0.7142857142857142,0.002851698963554303,0.002851698963554303,-0.004106672209847093,-0.004106672209847093
1.0,0.3877551020408163,0.7346938775510203,0.0030964626015118637,0.0030964626015118637,-0.0038619085718895325,-0.0038619085718895325
1.0,0.3877551020408163,0.7551020408163265,0.0033498263465055224,0.0033498263465055224,-0.003608544826895874,-0.003608544826895874
1.0,0.3877551020408163,0.7755102040816326,0.003611520733795259,0.003611520733795259,-0.0033468504396061373,-0.0033468504396061373
1.0,0.3877551020408163,0.7959183673469387,0.003881262742348603,0.003881262742348603,-0.003077108431052793,-0.003077108431052793
1.0,0.3877551020408163,0.8163265306122448,0.0041587943214187375,0.0041587943214187375,-0.0027995768519826587,-0.0027995768519826587
1.0,0.3877551020408163,0.836734693877551,0.004443710127262877,0.004443710127262877,-0.002514661046138519,-0.002514661046138519
1.0,0.3877551020408163,0.8571428571428571,0.004735740476521889,0.004735740476521889,-0.002222630696879507,-0.002222630696879507
1.0,0.3877551020408163,0.8775510204081632,0.005034736511516286,0.005034736511516286,-0.0019236346618851105,-0.0019236346618851105
1.0,0.3877551020408163,0.8979591836734693,0.005340399826924653,0.005340399826924653,-0.0016179713464767433,-0.0016179713464767433
1.0,0.3877551020408163,0.9183673469387754,0.005652253100618105,0.005652253100618105,-0.0013061180727832909,-0.0013061180727832909
1.0,0.3877551020408163,0.9387755102040816,0.005970261409800094,0.005970261409800094,-0.000988109763601302,-0.000988109763601302
1.0,0.3877551020408163,0.9591836734693877,0.006294179612181566,0.006294179612181566,-0.0006641915612198299,-0.0006641915612198299
1.0,0.3877551020408163,0.9795918367346939,0.006623724021383949,0.006623724021384034,-0.0003346471520174468,-0.0003346471520173618
1.0,0.3877551020408163,1.0,0.006958371173401396,0.006958371173401396,0.0,0.0
1.0,0.4081632653061224,0.0,0.0004995004995004995,0.0004995004995004995,-0.006458870673900897,-0.006458870673900897
1.0,0.4081632653061224,0.02040816326530612,0.0004995004995004995,0.0004995004995004995,-0.006458870673900897,-0.006458870673900897
1.0,0.4081632653061224,0.04081632653061224,0.0004995004995004995,0.0004995004995004995,-0.006458870673900897,-0.006458870673900897
1.0,0.4081632653061224,0.061224489795918366,0.0004995004995004995,0.0004995004995004995,-0.006458870673900897,-0.006458870673900897
1.0,0.4081632653061224,0.08163265306122448,0.0004995004995004995,0.0004995004995004995,-0.006458870673900897,-0.006458870673900897
1.0,0.4081632653061224,0.1020408163265306,0.0004995004995004995,0.0004995004995004995,-0.006458870673900897,-0.006458870673900897
1.0,0.4081632653061224,0.12244897959183673,0.0004995004995004995,0.0004995004995004995,-0.006458870673900897,-0.006458870673900897
1.0,0.4081632653061224,0.14285714285714285,0.0004995004995004995,0.0004995004995004995,-0.006458870673900897,-0.006458870673900897
1.0,0.4081632653061224,0.16326530612244897,0.0004995004995004995,0.0004995004995004995,-0.006458870673900897,-0.006458870673900897
1.0,0.4081632653061224,0.18367346938775508,0.0004995004995004995,0.0004995004995004995,-0.006458870673900897,-0.006458870673900897
1.0,0.4081632653061224,0.2040816326530612,0.0004995004995004995,0.0004995004995004995,-0.006458870673900897,-0.006458870673900897
1.0,0.4081632653061224,0.22448979591836732,0.0004995004995004995,0.0004995004995004995,-0.006458870673900897,-0.006458870673900897
1.0,0.4081632653061224,0.24489795918367346,0.0004995004995004995,0.0004995004995004995,-0.006458870673900897,-0.006458870673900897
1.0,0.4081632653061224,0.26530612244897955,0.0004995004995004995,0.0004995004995004995,-0.006458870673900897,-0.006458870673900897
1.0,0.4081632653061224,0.2857142857142857,0.0004995004995004995,0.0004995004995004995,-0.006458870673900897,-0.006458870673900897
1.0,0.4081632653061224,0.3061224489795918,0.0004995004995004995,0.0004995004995004995,-0.006458870673900897,-0.006458870673900897
1.0,0.4081632653061224,0.32653061224489793,0.0004995004995004995,0.0004995004995004995,-0.006458870673900897,-0.006458870673900897
1.0,0.4081632653061224,0.3469387755102041,0.0004995004995004995,0.0004995004995004995,-0.006458870673900897,-0.006458870673900897
1.0,0.4081632653061224,0.36734693877551017,0.0004995004995004995,0.0004995004995004995,-0.006458870673900897,-0.006458870673900897
1.0,0.4081632653061224,0.3877551020408163,0.0004995004995004995,0.0004995004995004995,-0.006458870673900897,-0.006458870673900897
1.0,0.4081632653061224,0.4081632653061224,0.0004995004995004995,0.0004995004995004995,-0.006458870673900897,-0.006458870673900897
1.0,0.4081632653061224,0.42857142857142855,0.0005541048790764151,0.0005541048790764151,-0.0064042662943249815,-0.0064042662943249815
1.0,0.4081632653061224,0.44897959183673464,0.0006349145761744147,0.0006349145761744147,-0.006323456597226981,-0.006323456597226981
1.0,0.4081632653061224,0.4693877551020408,0.0007305417485480854,0.0007305417485480854,-0.006227829424853311,-0.006227829424853311
1.0,0.4081632653061224,0.4897959183673469,0.0008404267171517846,0.0008404267171517846,-0.006117944456249611,-0.006117944456249611
1.0,0.4081632653061224,0.5102040816326531,0.0009640449602712161,0.0009640449602712161,-0.00599432621313018,-0.00599432621313018
1.0,0.4081632653061224,0.5306122448979591,0.0011009081559741518,0.0011009081559741518,-0.005857463017427244,-0.005857463017427244
1.0,0.4081632653061224,0.5510204081632653,0.0012504780677323362,0.0012504780677323362,-0.00570789310566906,-0.00570789310566906
1.0,0.4081632653061224,0.5714285714285714,0.0014123118308140043,0.0014123118308140043,-0.0055460593425873915,-0.0055460593425873915
1.0,0.4081632653061224,0.5918367346938775,0.0015859513347592036,0.0015859513347592751,-0.005372419838642193,-0.005372419838642121
1.0,0.4081632653061224,0.6122448979591836,0.0017708950122410556,0.0017708950122410556,-0.00518747616116034,-0.00518747616116034
1.0,0.4081632653061224,0.6326530612244897,0.0019668041719174433,0.0019668041719174433,-0.004991567001483952,-0.004991567001483952
1.0,0.4081632653061224,0.6530612244897959,0.0021732152489193322,0.0021732152489193322,-0.004785155924482064,-0.004785155924482064
1.0,0.4081632653061224,0.673469387755102,0.0023897848660629274,0.0023897848660629274,-0.004568586307338468,-0.004568586307338468
1.0,0.4081632653061224,0.6938775510204082,0.0026160869367796206,0.0026160869367796206,-0.004342284236621776,-0.004342284236621776
1.0,0.4081632653061224,0.7142857142857142,0.002851698963554303,0.002851698963554303,-0.004106672209847093,-0.004106672209847093
1.0,0.4081632653061224,0.7346938775510203,0.0030964626015118637,0.0030964626015118637,-0.0038619085718895325,-0.0038619085718895325
1.0,0.4081632653061224,0.7551020408163265,0.0033498263465055224,0.0033498263465055224,-0.003608544826895874,-0.003608544826895874
1.0,0.4081632653061224,0.7755102040816326,0.003611520733795259,0.003611520733795259,-0.0033468504396061373,-0.0033468504396061373
1.0,0.4081632653061224,0.7959183673469387,0.003881262742348603,0.003881262742348603,-0.003077108431052793,-0.003077108431052793
1.0,0.4081632653061224,0.8163265306122448,0.0041587943214187375,0.0041587943214187375,-0.0027995768519826587,-0.0027995768519826587
1.0,0.4081632653061224,0.836734693877551,0.004443710127262877,0.004443710127262877,-0.002514661046138519,-0.002514661046138519
1.0,0.4081632653061224,0.8571428571428571,0.004735740476521889,0.004735740476521889,-0.002222630696879507,-0.002222630696879507
1.0,0.4081632653061224,0.8775510204081632,0.005034736511516286,0.005034736511516286,-0.0019236346618851105,-0.0019236346618851105
1.0,0.4081632653061224,0.8979591836734693,0.005340399826924653,0.005340399826924653,-0.0016179713464767433,-0.0016179713464767433
1.0,0.4081632653061224,0.9183673469387754,0.005652253100618105,0.005652253100618105,-0.0013061180727832909,-0.0013061180727832909
1.0,0.4081632653061224,0.9387755102040816,0.005970261409800094,0.005970261409800094,-0.000988109763601302,-0.000988109763601302
1.0,0.4081632653061224,0.9591836734693877,0.006294179612181566,0.006294179612181566,-0.0006641915612198299,-0.0006641915612198299
1.0,0.4081632653061224,0.9795918367346939,0.006623724021383949,0.006623724021384034,-0.0003346471520174468,-0.0003346471520173618
1.0,0.4081632653061224,1.0,0.006958371173401396,0.006958371173401396,0.0,0.0
1.0,0.42857142857142855,0.0,0.0004995004995004995,0.0004995004995004995,-0.006458870673900897,-0.006458870673900897
1.0,0.42857142857142855,0.02040816326530612,0.0004995004995004995,0.0004995004995004995,-0.006458870673900897,-0.006458870673900897
1.0,0.42857142857142855,0.04081632653061224,0.0004995004995004995,0.0004995004995004995,-0.006458870673900897,-0.006458870673900897
1.0,0.42857142857142855,0.061224489795918366,0.0004995004995004995,0.0004995004995004995,-0.006458870673900897,-0.006458870673900897
1.0,0.42857142857142855,0.08163265306122448,0.0004995004995004995,0.0004995004995004995,-0.006458870673900897,-0.006458870673900897
1.0,0.42857142857142855,0.1020408163265306,0.0004995004995004995,0.0004995004995004995,-0.006458870673900897,-0.006458870673900897
1.0,0.42857142857142855,0.12244897959183673,0.0004995004995004995,0.0004995004995004995,-0.006458870673900897,-0.006458870673900897
1.0,0.42857142857142855,0.14285714285714285,0.0004995004995004995,0.0004995004995004995,-0.006458870673900897,-0.006458870673900897
1.0,0.42857142857142855,0.16326530612244897,0.0004995004995004995,0.0004995004995004995,-0.006458870673900897,-0.006458870673900897
1.0,0.42857142857142855,0.18367346938775508,0.0004995004995004995,0.0004995004995004995,-0.006458870673900897,-0.006458870673900897
1.0,0.42857142857142855,0.2040816326530612,0.0004995004995004995,0.0004995004995004995,-0.006458870673900897,-0.006458870673900897
1.0,0.42857142857142855,0.22448979591836732,0.0004995004995004995,0.0004995004995004995,-0.006458870673900897,-0.006458870673900897
1.0,0.42857142857142855,0.24489795918367346,0.0004995004995004995,0.0004995004995004995,-0.006458870673900897,-0.006458870673900897
1.0,0.42857142857142855,0.26530612244897955,0.0004995004995004995,0.0004995004995004995,-0.006458870673900897,-0.006458870673900897
1.0,0.42857142857142855,0.2857142857142857,0.0004995004995004995,0.0004995004995004995,-0.006458870673900897,-0.006458870673900897
1.0,0.42857142857142855,0.3061224489795918,0.0004995004995004995,0.0004995004995004995,-0.006458870673900897,-0.006458870673900897
1.0,0.42857142857142855,0.32653061224489793,0.0004995004995004995,0.0004995004995004995,-0.006458870673900897,-0.006458870673900897
1.0,0.42857142857142855,0.3469387755102041,0.0004995004995004995,0.0004995004995004995,-0.006458870673900897,-0.006458870673900897
1.0,0.42857142857142855,0.36734693877551017,0.0004995004995004995,0.0004995004995004995,-0.006458870673900897,-0.006458870673900897
1.0,0.42857142857142855,0.3877551020408163,0.0004995004995004995,0.0004995004995004995,-0.006458870673900897,-0.006458870673900897
1.0,0.42857142857142855,0.4081632653061224,0.0004995004995004995,0.0004995004995004995,-0.006458870673900897,-0.006458870673900897
1.0,0.42857142857142855,0.42857142857142855,0.0005541048790764151,0.0005541048790764151,-0.0064042662943249815,-0.0064042662943249815
1.0,0.42857142857142855,0.44897959183673464,0.0006349145761744147,0.0006349145761744147,-0.006323456597226981,-0.006323456597226981
1.0,0.42857142857142855,0.4693877551020408,0.0007305417485480854,0.0007305417485480854,-0.006227829424853311,-0.006227829424853311
1.0,0.42857142857142855,0.4897959183673469,0.0008404267171517846,0.0008404267171517846,-0.006117944456249611,-0.006117944456249611
1.0,0.42857142857142855,0.5102040816326531,0.0009640449602712161,0.0009640449602712161,-0.00599432621313018,-0.00599432621313018
1.0,0.42857142857142855,0.5306122448979591,0.0011009081559741518,0.0011009081559741518,-0.005857463017427244,-0.005857463017427244
1.0,0.42857142857142855,0.5510204081632653,0.0012504780677323362,0.0012504780677323362,-0.00570789310566906,-0.00570789310566906
1.0,0.42857142857142855,0.5714285714285714,0.0014123118308140043,0.0014123118308140043,-0.0055460593425873915,-0.0055460593425873915
1.0,0.42857142857142855,0.5918367346938775,0.0015859513347592036,0.0015859513347592751,-0.005372419838642193,-0.005372419838642121
1.0,0.42857142857142855,0.6122448979591836,0.0017708950122410556,0.0017708950122410556,-0.00518747616116034,-0.00518747616116034
1.0,0.42857142857142855,0.6326530612244897,0.0019668041719174433,0.0019668041719174433,-0.004991567001483952,-0.004991567001483952
1.0,0.42857142857142855,0.6530612244897959,0.0021732152489193322,0.0021732152489193322,-0.004785155924482064,-0.004785155924482064
1.0,0.42857142857142855,0.673469387755102,0.0023897848660629274,0.0023897848660629274,-0.004568586307338468,-0.004568586307338468
1.0,0.42857142857142855,0.6938775510204082,0.0026160869367796206,0.0026160869367796206,-0.004342284236621776,-0.004342284236621776
1.0,0.42857142857142855,0.7142857142857142,0.002851698963554303,0.002851698963554303,-0.004106672209847093,-0.004106672209847093
1.0,0.42857142857142855,0.7346938775510203,0.0030964626015118637,0.0030964626015118637,-0.0038619085718895325,-0.0038619085718895325
1.0,0.42857142857142855,0.7551020408163265,0.0033498263465055224,0.0033498263465055224,-0.003608544826895874,-0.003608544826895874
1.0,0.42857142857142855,0.7755102040816326,0.003611520733795259,0.003611520733795259,-0.0033468504396061373,-0.0033468504396061373
1.0,0.42857142857142855,0.7959183673469387,0.003881262742348603,0.003881262742348603,-0.003077108431052793,-0.003077108431052793
1.0,0.42857142857142855,0.8163265306122448,0.0041587943214187375,0.0041587943214187375,-0.0027995768519826587,-0.0027995768519826587
1.0,0.42857142857142855,0.836734693877551,0.004443710127262877,0.004443710127262877,-0.002514661046138519,-0.002514661046138519
1.0,0.42857142857142855,0.8571428571428571,0.004735740476521889,0.004735740476521889,-0.002222630696879507,-0.002222630696879507
1.0,0.42857142857142855,0.8775510204081632,0.005034736511516286,0.005034736511516286,-0.0019236346618851105,-0.0019236346618851105
1.0,0.42857142857142855,0.8979591836734693,0.005340399826924653,0.005340399826924653,-0.0016179713464767433,-0.0016179713464767433
1.0,0.42857142857142855,0.9183673469387754,0.005652253100618105,0.005652253100618105,-0.0013061180727832909,-0.0013061180727832909
1.0,0.42857142857142855,0.9387755102040816,0.005970261409800094,0.005970261409800094,-0.000988109763601302,-0.000988109763601302
1.0,0.42857142857142855,0.9591836734693877,0.006294179612181566,0.006294179612181566,-0.0006641915612198299,-0.0006641915612198299
1.0,0.42857142857142855,0.9795918367346939,0.006623724021383949,0.006623724021384034,-0.0003346471520174468,-0.0003346471520173618
1.0,0.42857142857142855,1.0,0.006958371173401396,0.006958371173401396,0.0,0.0
1.0,0.44897959183673464,0.0,0.0004995004995004995,0.0004995004995004995,-0.006458870673900897,-0.006458870673900897
1.0,0.44897959183673464,0.02040816326530612,0.0004995004995004995,0.0004995004995004995,-0.006458870673900897,-0.006458870673900897
1.0,0.44897959183673464,0.04081632653061224,0.0004995004995004995,0.0004995004995004995,-0.006458870673900897,-0.006458870673900897
1.0,0.44897959183673464,0.061224489795918366,0.0004995004995004995,0.0004995004995004995,-0.006458870673900897,-0.006458870673900897
1.0,0.44897959183673464,0.08163265306122448,0.0004995004995004995,0.0004995004995004995,-0.006458870673900897,-0.006458870673900897
1.0,0.44897959183673464,0.1020408163265306,0.0004995004995004995,0.0004995004995004995,-0.006458870673900897,-0.006458870673900897
1.0,0.44897959183673464,0.12244897959183673,0.0004995004995004995,0.0004995004995004995,-0.006458870673900897,-0.006458870673900897
1.0,0.44897959183673464,0.14285714285714285,0.0004995004995004995,0.0004995004995004995,-0.006458870673900897,-0.006458870673900897
1.0,0.44897959183673464,0.16326530612244897,0.0004995004995004995,0.0004995004995004995,-0.006458870673900897,-0.006458870673900897
1.0,0.44897959183673464,0.18367346938775508,0.0004995004995004995,0.0004995004995004995,-0.006458870673900897,-0.006458870673900897
1.0,0.44897959183673464,0.2040816326530612,0.0004995004995004995,0.0004995004995004995,-0.006458870673900897,-0.006458870673900897
1.0,0.44897959183673464,0.22448979591836732,0.0004995004995004995,0.0004995004995004995,-0.006458870673900897,-0.006458870673900897
1.0,0.44897959183673464,0.24489795918367346,0.0004995004995004995,0.0004995004995004995,-0.006458870673900897,-0.006458870673900897
1.0,0.44897959183673464,0.26530612244897955,0.0004995004995004995,0.0004995004995004995,-0.006458870673900897,-0.006458870673900897
1.0,0.44897959183673464,0.2857142857142857,0.0004995004995004995,0.0004995004995004995,-0.006458870673900897,-0.006458870673900897
1.0,0.44897959183673464,0.3061224489795918,0.0004995004995004995,0.0004995004995004995,-0.006458870673900897,-0.006458870673900897
1.0,0.44897959183673464,0.32653061224489793,0.0004995004995004995,0.0004995004995004995,-0.006458870673900897,-0.006458870673900897
1.0,0.44897959183673464,0.3469387755102041,0.0004995004995004995,0.0004995004995004995,-0.006458870673900897,-0.006458870673900897
1.0,0.44897959183673464,0.36734693877551017,0.0004995004995004995,0.0004995004995004995,-0.006458870673900897,-0.006458870673900897
1.0,0.44897959183673464,0.3877551020408163,0.0004995004995004995,0.0004995004995004995,-0.006458870673900897,-0.006458870673900897
1.0,0.44897959183673464,0.4081632653061224,0.0004995004995004995,0.0004995004995004995,-0.006458870673900897,-0.006458870673900897
1.0,0.44897959183673464,0.42857142857142855,0.0005541048790764151,0.0005541048790764151,-0.0064042662943249815,-0.0064042662943249815
1.0,0.44897959183673464,0.44897959183673464,0.0006349145761744147,0.0006349145761744147,-0.006323456597226981,-0.006323456597226981
1.0,0.44897959183673464,0.4693877551020408,0.0007305417485480854,0.0007305417485480854,-0.006227829424853311,-0.006227829424853311
1.0,0.44897959183673464,0.4897959183673469,0.0008404267171517846,0.0008404267171517846,-0.006117944456249611,-0.006117944456249611
1.0,0.44897959183673464,0.5102040816326531,0.0009640449602712161,0.0009640449602712161,-0.00599432621313018,-0.00599432621313018
1.0,0.44897959183673464,0.5306122448979591,0.0011009081559741518,0.0011009081559741518,-0.005857463017427244,-0.005857463017427244
1.0,0.44897959183673464,0.5510204081632653,0.0012504780677323362,0.0012504780677323362,-0.00570789310566906,-0.00570789310566906
1.0,0.44897959183673464,0.5714285714285714,0.0014123118308140043,0.0014123118308140043,-0.0055460593425873915,-0.0055460593425873915
1.0,0.44897959183673464,0.5918367346938775,0.0015859513347592036,0.0015859513347592751,-0.005372419838642193,-0.005372419838642121
1.0,0.44897959183673464,0.6122448979591836,0.0017708950122410556,0.0017708950122410556,-0.00518747616116034,-0.00518747616116034
1.0,0.44897959183673464,0.6326530612244897,0.0019668041719174433,0.0019668041719174433,-0.004991567001483952,-0.004991567001483952
1.0,0.44897959183673464,0.6530612244897959,0.0021732152489193322,0.0021732152489193322,-0.004785155924482064,-0.004785155924482064
1.0,0.44897959183673464,0.673469387755102,0.0023897848660629274,0.0023897848660629274,-0.004568586307338468,-0.004568586307338468
1.0,0.44897959183673464,0.6938775510204082,0.0026160869367796206,0.0026160869367796206,-0.004342284236621776,-0.004342284236621776
1.0,0.44897959183673464,0.7142857142857142,0.002851698963554303,0.002851698963554303,-0.004106672209847093,-0.004106672209847093
1.0,0.44897959183673464,0.7346938775510203,0.0030964626015118637,0.0030964626015118637,-0.0038619085718895325,-0.0038619085718895325
1.0,0.44897959183673464,0.7551020408163265,0.0033498263465055224,0.0033498263465055224,-0.003608544826895874,-0.003608544826895874
1.0,0.44897959183673464,0.7755102040816326,0.003611520733795259,0.003611520733795259,-0.0033468504396061373,-0.0033468504396061373
1.0,0.44897959183673464,0.7959183673469387,0.003881262742348603,0.003881262742348603,-0.003077108431052793,-0.003077108431052793
1.0,0.44897959183673464,0.8163265306122448,0.0041587943214187375,0.0041587943214187375,-0.0027995768519826587,-0.0027995768519826587
1.0,0.44897959183673464,0.836734693877551,0.004443710127262877,0.004443710127262877,-0.002514661046138519,-0.002514661046138519
1.0,0.44897959183673464,0.8571428571428571,0.004735740476521889,0.004735740476521889,-0.002222630696879507,-0.002222630696879507
1.0,0.44897959183673464,0.8775510204081632,0.005034736511516286,0.005034736511516286,-0.0019236346618851105,-0.0019236346618851105
1.0,0.44897959183673464,0.8979591836734693,0.005340399826924653,0.005340399826924653,-0.0016179713464767433,-0.0016179713464767433
1.0,0.44897959183673464,0.9183673469387754,0.005652253100618105,0.005652253100618105,-0.0013061180727832909,-0.0013061180727832909
1.0,0.44897959183673464,0.9387755102040816,0.005970261409800094,0.005970261409800094,-0.000988109763601302,-0.000988109763601302
1.0,0.44897959183673464,0.9591836734693877,0.006294179612181566,0.006294179612181566,-0.0006641915612198299,-0.0006641915612198299
1.0,0.44897959183673464,0.9795918367346939,0.006623724021383949,0.006623724021384034,-0.0003346471520174468,-0.0003346471520173618
1.0,0.44897959183673464,1.0,0.006958371173401396,0.006958371173401396,0.0,0.0
1.0,0.4693877551020408,0.0,0.0004995004995004995,0.0004995004995004995,-0.006458870673900897,-0.006458870673900897
1.0,0.4693877551020408,0.02040816326530612,0.0004995004995004995,0.0004995004995004995,-0.006458870673900897,-0.006458870673900897
1.0,0.4693877551020408,0.04081632653061224,0.0004995004995004995,0.0004995004995004995,-0.006458870673900897,-0.006458870673900897
1.0,0.4693877551020408,0.061224489795918366,0.0004995004995004995,0.0004995004995004995,-0.006458870673900897,-0.006458870673900897
1.0,0.4693877551020408,0.08163265306122448,0.0004995004995004995,0.0004995004995004995,-0.006458870673900897,-0.006458870673900897
1.0,0.4693877551020408,0.1020408163265306,0.0004995004995004995,0.0004995004995004995,-0.006458870673900897,-0.006458870673900897
1.0,0.4693877551020408,0.12244897959183673,0.0004995004995004995,0.0004995004995004995,-0.006458870673900897,-0.006458870673900897
1.0,0.4693877551020408,0.14285714285714285,0.0004995004995004995,0.0004995004995004995,-0.006458870673900897,-0.006458870673900897
1.0,0.4693877551020408,0.16326530612244897,0.0004995004995004995,0.0004995004995004995,-0.006458870673900897,-0.006458870673900897
1.0,0.4693877551020408,0.18367346938775508,0.0004995004995004995,0.0004995004995004995,-0.006458870673900897,-0.006458870673900897
1.0,0.4693877551020408,0.2040816326530612,0.0004995004995004995,0.0004995004995004995,-0.006458870673900897,-0.006458870673900897
1.0,0.4693877551020408,0.22448979591836732,0.0004995004995004995,0.0004995004995004995,-0.006458870673900897,-0.006458870673900897
1.0,0.4693877551020408,0.24489795918367346,0.0004995004995004995,0.0004995004995004995,-0.006458870673900897,-0.006458870673900897
1.0,0.4693877551020408,0.26530612244897955,0.0004995004995004995,0.0004995004995004995,-0.006458870673900897,-0.006458870673900897
1.0,0.4693877551020408,0.2857142857142857,0.0004995004995004995,0.0004995004995004995,-0.006458870673900897,-0.006458870673900897
1.0,0.4693877551020408,0.3061224489795918,0.0004995004995004995,0.0004995004995004995,-0.006458870673900897,-0.006458870673900897
1.0,0.4693877551020408,0.32653061224489793,0.0004995004995004995,0.0004995004995004995,-0.006458870673900897,-0.006458870673900897
1.0,0.4693877551020408,0.3469387755102041,0.0004995004995004995,0.0004995004995004995,-0.006458870673900897,-0.006458870673900897
1.0,0.4693877551020408,0.36734693877551017,0.0004995004995004995,0.0004995004995004995,-0.006458870673900897,-0.006458870673900897
1.0,0.4693877551020408,0.3877551020408163,0.0004995004995004995,0.0004995004995004995,-0.006458870673900897,-0.006458870673900897
1.0,0.4693877551020408,0.4081632653061224,0.0004995004995004995,0.0004995004995004995,-0.006458870673900897,-0.006458870673900897
1.0,0.4693877551020408,0.42857142857142855,0.0005541048790764151,0.0005541048790764151,-0.0064042662943249815,-0.0064042662943249815
1.0,0.4693877551020408,0.44897959183673464,0.0006349145761744147,0.0006349145761744147,-0.006323456597226981,-0.006323456597226981
1.0,0.4693877551020408,0.4693877551020408,0.0007305417485480854,0.0007305417485480854,-0.006227829424853311,-0.006227829424853311
1.0,0.4693877551020408,0.4897959183673469,0.0008404267171517846,0.0008404267171517846,-0.006117944456249611,-0.006117944456249611
1.0,0.4693877551020408,0.5102040816326531,0.0009640449602712161,0.0009640449602712161,-0.00599432621313018,-0.00599432621313018
1.0,0.4693877551020408,0.5306122448979591,0.0011009081559741518,0.0011009081559741518,-0.005857463017427244,-0.005857463017427244
1.0,0.4693877551020408,0.5510204081632653,0.0012504780677323362,0.0012504780677323362,-0.00570789310566906,-0.00570789310566906
1.0,0.4693877551020408,0.5714285714285714,0.0014123118308140043,0.0014123118308140043,-0.0055460593425873915,-0.0055460593425873915
1.0,0.4693877551020408,0.5918367346938775,0.0015859513347592036,0.0015859513347592751,-0.005372419838642193,-0.005372419838642121
1.0,0.4693877551020408,0.6122448979591836,0.0017708950122410556,0.0017708950122410556,-0.00518747616116034,-0.00518747616116034
1.0,0.4693877551020408,0.6326530612244897,0.0019668041719174433,0.0019668041719174433,-0.004991567001483952,-0.004991567001483952
1.0,0.4693877551020408,0.6530612244897959,0.0021732152489193322,0.0021732152489193322,-0.004785155924482064,-0.004785155924482064
1.0,0.4693877551020408,0.673469387755102,0.0023897848660629274,0.0023897848660629274,-0.004568586307338468,-0.004568586307338468
1.0,0.4693877551020408,0.6938775510204082,0.0026160869367796206,0.0026160869367796206,-0.004342284236621776,-0.004342284236621776
1.0,0.4693877551020408,0.7142857142857142,0.002851698963554303,0.002851698963554303,-0.004106672209847093,-0.004106672209847093
1.0,0.4693877551020408,0.7346938775510203,0.0030964626015118637,0.0030964626015118637,-0.0038619085718895325,-0.0038619085718895325
1.0,0.4693877551020408,0.7551020408163265,0.0033498263465055224,0.0033498263465055224,-0.003608544826895874,-0.003608544826895874
1.0,0.4693877551020408,0.7755102040816326,0.003611520733795259,0.003611520733795259,-0.0033468504396061373,-0.0033468504396061373
1.0,0.4693877551020408,0.7959183673469387,0.003881262742348603,0.003881262742348603,-0.003077108431052793,-0.003077108431052793
1.0,0.4693877551020408,0.8163265306122448,0.0041587943214187375,0.0041587943214187375,-0.0027995768519826587,-0.0027995768519826587
1.0,0.4693877551020408,0.836734693877551,0.004443710127262877,0.004443710127262877,-0.002514661046138519,-0.002514661046138519
1.0,0.4693877551020408,0.8571428571428571,0.004735740476521889,0.004735740476521889,-0.002222630696879507,-0.002222630696879507
1.0,0.4693877551020408,0.8775510204081632,0.005034736511516286,0.005034736511516286,-0.0019236346618851105,-0.0019236346618851105
1.0,0.4693877551020408,0.8979591836734693,0.005340399826924653,0.005340399826924653,-0.0016179713464767433,-0.0016179713464767433
1.0,0.4693877551020408,0.9183673469387754,0.005652253100618105,0.005652253100618105,-0.0013061180727832909,-0.0013061180727832909
1.0,0.4693877551020408,0.9387755102040816,0.005970261409800094,0.005970261409800094,-0.000988109763601302,-0.000988109763601302
1.0,0.4693877551020408,0.9591836734693877,0.006294179612181566,0.006294179612181566,-0.0006641915612198299,-0.0006641915612198299
1.0,0.4693877551020408,0.9795918367346939,0.006623724021383949,0.006623724021384034,-0.0003346471520174468,-0.0003346471520173618
1.0,0.4693877551020408,1.0,0.006958371173401396,0.006958371173401396,0.0,0.0
1.0,0.4897959183673469,0.0,0.0004995004995004995,0.0004995004995004995,-0.006458870673900897,-0.006458870673900897
1.0,0.4897959183673469,0.02040816326530612,0.0004995004995004995,0.0004995004995004995,-0.006458870673900897,-0.006458870673900897
1.0,0.4897959183673469,0.04081632653061224,0.0004995004995004995,0.0004995004995004995,-0.006458870673900897,-0.006458870673900897
1.0,0.4897959183673469,0.061224489795918366,0.0004995004995004995,0.0004995004995004995,-0.006458870673900897,-0.006458870673900897
1.0,0.4897959183673469,0.08163265306122448,0.0004995004995004995,0.0004995004995004995,-0.006458870673900897,-0.006458870673900897
1.0,0.4897959183673469,0.1020408163265306,0.0004995004995004995,0.0004995004995004995,-0.006458870673900897,-0.006458870673900897
1.0,0.4897959183673469,0.12244897959183673,0.0004995004995004995,0.0004995004995004995,-0.006458870673900897,-0.006458870673900897
1.0,0.4897959183673469,0.14285714285714285,0.0004995004995004995,0.0004995004995004995,-0.006458870673900897,-0.006458870673900897
1.0,0.4897959183673469,0.16326530612244897,0.0004995004995004995,0.0004995004995004995,-0.006458870673900897,-0.006458870673900897
1.0,0.4897959183673469,0.18367346938775508,0.0004995004995004995,0.0004995004995004995,-0.006458870673900897,-0.006458870673900897
1.0,0.4897959183673469,0.2040816326530612,0.0004995004995004995,0.0004995004995004995,-0.006458870673900897,-0.006458870673900897
1.0,0.4897959183673469,0.22448979591836732,0.0004995004995004995,0.0004995004995004995,-0.006458870673900897,-0.006458870673900897
1.0,0.4897959183673469,0.24489795918367346,0.0004995004995004995,0.0004995004995004995,-0.006458870673900897,-0.006458870673900897
1.0,0.4897959183673469,0.26530612244897955,0.0004995004995004995,0.0004995004995004995,-0.006458870673900897,-0.006458870673900897
1.0,0.4897959183673469,0.2857142857142857,0.0004995004995004995,0.0004995004995004995,-0.006458870673900897,-0.006458870673900897
1.0,0.4897959183673469,0.3061224489795918,0.0004995004995004995,0.0004995004995004995,-0.006458870673900897,-0.006458870673900897
1.0,0.4897959183673469,0.32653061224489793,0.0004995004995004995,0.0004995004995004995,-0.006458870673900897,-0.006458870673900897
1.0,0.4897959183673469,0.3469387755102041,0.0004995004995004995,0.0004995004995004995,-0.006458870673900897,-0.006458870673900897
1.0,0.4897959183673469,0.36734693877551017,0.0004995004995004995,0.0004995004995004995,-0.006458870673900897,-0.006458870673900897
1.0,0.4897959183673469,0.3877551020408163,0.0004995004995004995,0.0004995004995004995,-0.006458870673900897,-0.006458870673900897
1.0,0.4897959183673469,0.4081632653061224,0.0004995004995004995,0.0004995004995004995,-0.006458870673900897,-0.006458870673900897
1.0,0.4897959183673469,0.42857142857142855,0.0005541048790764151,0.0005541048790764151,-0.0064042662943249815,-0.0064042662943249815
1.0,0.4897959183673469,0.44897959183673464,0.0006349145761744147,0.0006349145761744147,-0.006323456597226981,-0.006323456597226981
1.0,0.4897959183673469,0.4693877551020408,0.0007305417485480854,0.0007305417485480854,-0.006227829424853311,-0.006227829424853311
1.0,0.4897959183673469,0.4897959183673469,0.0008404267171517846,0.0008404267171517846,-0.006117944456249611,-0.006117944456249611
1.0,0.4897959183673469,0.5102040816326531,0.0009640449602712161,0.0009640449602712161,-0.00599432621313018,-0.00599432621313018
1.0,0.4897959183673469,0.5306122448979591,0.0011009081559741518,0.0011009081559741518,-0.005857463017427244,-0.005857463017427244
1.0,0.4897959183673469,0.5510204081632653,0.0012504780677323362,0.0012504780677323362,-0.00570789310566906,-0.00570789310566906
1.0,0.4897959183673469,0.5714285714285714,0.0014123118308140043,0.0014123118308140043,-0.0055460593425873915,-0.0055460593425873915
1.0,0.4897959183673469,0.5918367346938775,0.0015859513347592036,0.0015859513347592751,-0.005372419838642193,-0.005372419838642121
1.0,0.4897959183673469,0.6122448979591836,0.0017708950122410556,0.0017708950122410556,-0.00518747616116034,-0.00518747616116034
1.0,0.4897959183673469,0.6326530612244897,0.0019668041719174433,0.0019668041719174433,-0.004991567001483952,-0.004991567001483952
1.0,0.4897959183673469,0.6530612244897959,0.0021732152489193322,0.0021732152489193322,-0.004785155924482064,-0.004785155924482064
1.0,0.4897959183673469,0.673469387755102,0.0023897848660629274,0.0023897848660629274,-0.004568586307338468,-0.004568586307338468
1.0,0.4897959183673469,0.6938775510204082,0.0026160869367796206,0.0026160869367796206,-0.004342284236621776,-0.004342284236621776
1.0,0.4897959183673469,0.7142857142857142,0.002851698963554303,0.002851698963554303,-0.004106672209847093,-0.004106672209847093
1.0,0.4897959183673469,0.7346938775510203,0.0030964626015118637,0.0030964626015118637,-0.0038619085718895325,-0.0038619085718895325
1.0,0.4897959183673469,0.7551020408163265,0.0033498263465055224,0.0033498263465055224,-0.003608544826895874,-0.003608544826895874
1.0,0.4897959183673469,0.7755102040816326,0.003611520733795259,0.003611520733795259,-0.0033468504396061373,-0.0033468504396061373
1.0,0.4897959183673469,0.7959183673469387,0.003881262742348603,0.003881262742348603,-0.003077108431052793,-0.003077108431052793
1.0,0.4897959183673469,0.8163265306122448,0.0041587943214187375,0.0041587943214187375,-0.0027995768519826587,-0.0027995768519826587
1.0,0.4897959183673469,0.836734693877551,0.004443710127262877,0.004443710127262877,-0.002514661046138519,-0.002514661046138519
1.0,0.4897959183673469,0.8571428571428571,0.004735740476521889,0.004735740476521889,-0.002222630696879507,-0.002222630696879507
1.0,0.4897959183673469,0.8775510204081632,0.005034736511516286,0.005034736511516286,-0.0019236346618851105,-0.0019236346618851105
1.0,0.4897959183673469,0.8979591836734693,0.005340399826924653,0.005340399826924653,-0.0016179713464767433,-0.0016179713464767433
1.0,0.4897959183673469,0.9183673469387754,0.005652253100618105,0.005652253100618105,-0.0013061180727832909,-0.0013061180727832909
1.0,0.4897959183673469,0.9387755102040816,0.005970261409800094,0.005970261409800094,-0.000988109763601302,-0.000988109763601302
1.0,0.4897959183673469,0.9591836734693877,0.006294179612181566,0.006294179612181566,-0.0006641915612198299,-0.0006641915612198299
1.0,0.4897959183673469,0.9795918367346939,0.006623724021383949,0.006623724021384034,-0.0003346471520174468,-0.0003346471520173618
1.0,0.4897959183673469,1.0,0.006958371173401396,0.006958371173401396,0.0,0.0
1.0,0.5102040816326531,0.0,0.0004995004995004995,0.0004995004995004995,-0.006458870673900897,-0.006458870673900897
1.0,0.5102040816326531,0.02040816326530612,0.0004995004995004995,0.0004995004995004995,-0.006458870673900897,-0.006458870673900897
1.0,0.5102040816326531,0.04081632653061224,0.0004995004995004995,0.0004995004995004995,-0.006458870673900897,-0.006458870673900897
1.0,0.5102040816326531,0.061224489795918366,0.0004995004995004995,0.0004995004995004995,-0.006458870673900897,-0.006458870673900897
1.0,0.5102040816326531,0.08163265306122448,0.0004995004995004995,0.0004995004995004995,-0.006458870673900897,-0.006458870673900897
1.0,0.5102040816326531,0.1020408163265306,0.0004995004995004995,0.0004995004995004995,-0.006458870673900897,-0.006458870673900897
1.0,0.5102040816326531,0.12244897959183673,0.0004995004995004995,0.0004995004995004995,-0.006458870673900897,-0.006458870673900897
1.0,0.5102040816326531,0.14285714285714285,0.0004995004995004995,0.0004995004995004995,-0.006458870673900897,-0.006458870673900897
1.0,0.5102040816326531,0.16326530612244897,0.0004995004995004995,0.0004995004995004995,-0.006458870673900897,-0.006458870673900897
1.0,0.5102040816326531,0.18367346938775508,0.0004995004995004995,0.0004995004995004995,-0.006458870673900897,-0.006458870673900897
1.0,0.5102040816326531,0.2040816326530612,0.0004995004995004995,0.0004995004995004995,-0.006458870673900897,-0.006458870673900897
1.0,0.5102040816326531,0.22448979591836732,0.0004995004995004995,0.0004995004995004995,-0.006458870673900897,-0.006458870673900897
1.0,0.5102040816326531,0.24489795918367346,0.0004995004995004995,0.0004995004995004995,-0.006458870673900897,-0.006458870673900897
1.0,0.5102040816326531,0.26530612244897955,0.0004995004995004995,0.0004995004995004995,-0.006458870673900897,-0.006458870673900897
1.0,0.5102040816326531,0.2857142857142857,0.0004995004995004995,0.0004995004995004995,-0.006458870673900897,-0.006458870673900897
1.0,0.5102040816326531,0.3061224489795918,0.0004995004995004995,0.0004995004995004995,-0.006458870673900897,-0.006458870673900897
1.0,0.5102040816326531,0.32653061224489793,0.0004995004995004995,0.0004995004995004995,-0.006458870673900897,-0.006458870673900897
1.0,0.5102040816326531,0.3469387755102041,0.0004995004995004995,0.0004995004995004995,-0.006458870673900897,-0.006458870673900897
1.0,0.5102040816326531,0.36734693877551017,0.0004995004995004995,0.0004995004995004995,-0.006458870673900897,-0.006458870673900897
1.0,0.5102040816326531,0.3877551020408163,0.0004995004995004995,0.0004995004995004995,-0.006458870673900897,-0.006458870673900897
1.0,0.5102040816326531,0.4081632653061224,0.0004995004995004995,0.0004995004995004995,-0.006458870673900897,-0.006458870673900897
1.0,0.5102040816326531,0.42857142857142855,0.0005541048790764151,0.0005541048790764151,-0.0064042662943249815,-0.0064042662943249815
1.0,0.5102040816326531,0.44897959183673464,0.0006349145761744147,0.0006349145761744147,-0.006323456597226981,-0.006323456597226981
1.0,0.5102040816326531,0.4693877551020408,0.0007305417485480854,0.0007305417485480854,-0.006227829424853311,-0.006227829424853311
1.0,0.5102040816326531,0.4897959183673469,0.0008404267171517846,0.0008404267171517846,-0.006117944456249611,-0.006117944456249611
1.0,0.5102040816326531,0.5102040816326531,0.0009640449602712161,0.0009640449602712161,-0.00599432621313018,-0.00599432621313018
1.0,0.5102040816326531,0.5306122448979591,0.0011009081559741518,0.0011009081559741518,-0.005857463017427244,-0.005857463017427244
1.0,0.5102040816326531,0.5510204081632653,0.0012504780677323362,0.0012504780677323362,-0.00570789310566906,-0.00570789310566906
1.0,0.5102040816326531,0.5714285714285714,0.0014123118308140043,0.0014123118308140043,-0.0055460593425873915,-0.0055460593425873915
1.0,0.5102040816326531,0.5918367346938775,0.0015859513347592036,0.0015859513347592751,-0.005372419838642193,-0.005372419838642121
1.0,0.5102040816326531,0.6122448979591836,0.0017708950122410556,0.0017708950122410556,-0.00518747616116034,-0.00518747616116034
1.0,0.5102040816326531,0.6326530612244897,0.0019668041719174433,0.0019668041719174433,-0.004991567001483952,-0.004991567001483952
1.0,0.5102040816326531,0.6530612244897959,0.0021732152489193322,0.0021732152489193322,-0.004785155924482064,-0.004785155924482064
1.0,0.5102040816326531,0.673469387755102,0.0023897848660629274,0.0023897848660629274,-0.004568586307338468,-0.004568586307338468
1.0,0.5102040816326531,0.6938775510204082,0.0026160869367796206,0.0026160869367796206,-0.004342284236621776,-0.004342284236621776
1.0,0.5102040816326531,0.7142857142857142,0.002851698963554303,0.002851698963554303,-0.004106672209847093,-0.004106672209847093
1.0,0.5102040816326531,0.7346938775510203,0.0030964626015118637,0.0030964626015118637,-0.0038619085718895325,-0.0038619085718895325
1.0,0.5102040816326531,0.7551020408163265,0.0033498263465055224,0.0033498263465055224,-0.003608544826895874,-0.003608544826895874
1.0,0.5102040816326531,0.7755102040816326,0.003611520733795259,0.003611520733795259,-0.0033468504396061373,-0.0033468504396061373
1.0,0.5102040816326531,0.7959183673469387,0.003881262742348603,0.003881262742348603,-0.003077108431052793,-0.003077108431052793
1.0,0.5102040816326531,0.8163265306122448,0.0041587943214187375,0.0041587943214187375,-0.0027995768519826587,-0.0027995768519826587
1.0,0.5102040816326531,0.836734693877551,0.004443710127262877,0.004443710127262877,-0.002514661046138519,-0.002514661046138519
1.0,0.5102040816326531,0.8571428571428571,0.004735740476521889,0.004735740476521889,-0.002222630696879507,-0.002222630696879507
1.0,0.5102040816326531,0.8775510204081632,0.005034736511516286,0.005034736511516286,-0.0019236346618851105,-0.0019236346618851105
1.0,0.5102040816326531,0.8979591836734693,0.005340399826924653,0.005340399826924653,-0.0016179713464767433,-0.0016179713464767433
1.0,0.5102040816326531,0.9183673469387754,0.005652253100618105,0.005652253100618105,-0.0013061180727832909,-0.0013061180727832909
1.0,0.5102040816326531,0.9387755102040816,0.005970261409800094,0.005970261409800094,-0.000988109763601302,-0.000988109763601302
1.0,0.5102040816326531,0.9591836734693877,0.006294179612181566,0.006294179612181566,-0.0006641915612198299,-0.0006641915612198299
1.0,0.5102040816326531,0.9795918367346939,0.006623724021383949,0.006623724021384034,-0.0003346471520174468,-0.0003346471520173618
1.0,0.5102040816326531,1.0,0.006958371173401396,0.006958371173401396,0.0,0.0
1.0,0.5306122448979591,0.0,0.0004995004995004995,0.0004995004995004995,-0.006458870673900897,-0.006458870673900897
1.0,0.5306122448979591,0.02040816326530612,0.0004995004995004995,0.0004995004995004995,-0.006458870673900897,-0.006458870673900897
1.0,0.5306122448979591,0.04081632653061224,0.0004995004995004995,0.0004995004995004995,-0.006458870673900897,-0.006458870673900897
1.0,0.5306122448979591,0.061224489795918366,0.0004995004995004995,0.0004995004995004995,-0.006458870673900897,-0.006458870673900897
1.0,0.5306122448979591,0.08163265306122448,0.0004995004995004995,0.0004995004995004995,-0.006458870673900897,-0.006458870673900897
1.0,0.5306122448979591,0.1020408163265306,0.0004995004995004995,0.0004995004995004995,-0.006458870673900897,-0.006458870673900897
1.0,0.5306122448979591,0.12244897959183673,0.0004995004995004995,0.0004995004995004995,-0.006458870673900897,-0.006458870673900897
1.0,0.5306122448979591,0.14285714285714285,0.0004995004995004995,0.0004995004995004995,-0.006458870673900897,-0.006458870673900897
1.0,0.5306122448979591,0.16326530612244897,0.0004995004995004995,0.0004995004995004995,-0.006458870673900897,-0.006458870673900897
1.0,0.5306122448979591,0.18367346938775508,0.0004995004995004995,0.0004995004995004995,-0.006458870673900897,-0.006458870673900897
1.0,0.5306122448979591,0.2040816326530612,0.0004995004995004995,0.0004995004995004995,-0.006458870673900897,-0.006458870673900897
1.0,0.5306122448979591,0.22448979591836732,0.0004995004995004995,0.0004995004995004995,-0.006458870673900897,-0.006458870673900897
1.0,0.5306122448979591,0.24489795918367346,0.0004995004995004995,0.0004995004995004995,-0.006458870673900897,-0.006458870673900897
1.0,0.5306122448979591,0.26530612244897955,0.0004995004995004995,0.0004995004995004995,-0.006458870673900897,-0.006458870673900897
1.0,0.5306122448979591,0.2857142857142857,0.0004995004995004995,0.0004995004995004995,-0.006458870673900897,-0.006458870673900897
1.0,0.5306122448979591,0.3061224489795918,0.0004995004995004995,0.0004995004995004995,-0.006458870673900897,-0.006458870673900897
1.0,0.5306122448979591,0.32653061224489793,0.0004995004995004995,0.0004995004995004995,-0.006458870673900897,-0.006458870673900897
1.0,0.5306122448979591,0.3469387755102041,0.0004995004995004995,0.0004995004995004995,-0.006458870673900897,-0.006458870673900897
1.0,0.5306122448979591,0.36734693877551017,0.0004995004995004995,0.0004995004995004995,-0.006458870673900897,-0.006458870673900897
1.0,0.5306122448979591,0.3877551020408163,0.0004995004995004995,0.0004995004995004995,-0.006458870673900897,-0.006458870673900897
1.0,0.5306122448979591,0.4081632653061224,0.0004995004995004995,0.0004995004995004995,-0.006458870673900897,-0.006458870673900897
1.0,0.5306122448979591,0.42857142857142855,0.0005541048790764151,0.0005541048790764151,-0.0064042662943249815,-0.0064042662943249815
1.0,0.5306122448979591,0.44897959183673464,0.0006349145761744147,0.0006349145761744147,-0.006323456597226981,-0.006323456597226981
1.0,0.5306122448979591,0.4693877551020408,0.0007305417485480854,0.0007305417485480854,-0.006227829424853311,-0.006227829424853311
1.0,0.5306122448979591,0.4897959183673469,0.0008404267171517846,0.0008404267171517846,-0.006117944456249611,-0.006117944456249611
1.0,0.5306122448979591,0.5102040816326531,0.0009640449602712161,0.0009640449602712161,-0.00599432621313018,-0.00599432621313018
1.0,0.5306122448979591,0.5306122448979591,0.0011009081559741518,0.0011009081559741518,-0.005857463017427244,-0.005857463017427244
1.0,0.5306122448979591,0.5510204081632653,0.0012504780677323362,0.0012504780677323362,-0.00570789310566906,-0.00570789310566906
1.0,0.5306122448979591,0.5714285714285714,0.0014123118308140043,0.0014123118308140043,-0.0055460593425873915,-0.0055460593425873915
1.0,0.5306122448979591,0.5918367346938775,0.0015859513347592036,0.0015859513347592751,-0.005372419838642193,-0.005372419838642121
1.0,0.5306122448979591,0.6122448979591836,0.0017708950122410556,0.0017708950122410556,-0.00518747616116034,-0.00518747616116034
1.0,0.5306122448979591,0.6326530612244897,0.0019668041719174433,0.0019668041719174433,-0.004991567001483952,-0.004991567001483952
1.0,0.5306122448979591,0.6530612244897959,0.0021732152489193322,0.0021732152489193322,-0.004785155924482064,-0.004785155924482064
1.0,0.5306122448979591,0.673469387755102,0.0023897848660629274,0.0023897848660629274,-0.004568586307338468,-0.004568586307338468
1.0,0.5306122448979591,0.6938775510204082,0.0026160869367796206,0.0026160869367796206,-0.004342284236621776,-0.004342284236621776
1.0,0.5306122448979591,0.7142857142857142,0.002851698963554303,0.002851698963554303,-0.004106672209847093,-0.004106672209847093
1.0,0.5306122448979591,0.7346938775510203,0.0030964626015118637,0.0030964626015118637,-0.0038619085718895325,-0.0038619085718895325
1.0,0.5306122448979591,0.7551020408163265,0.0033498263465055224,0.0033498263465055224,-0.003608544826895874,-0.003608544826895874
1.0,0.5306122448979591,0.7755102040816326,0.003611520733795259,0.003611520733795259,-0.0033468504396061373,-0.0033468504396061373
1.0,0.5306122448979591,0.7959183673469387,0.003881262742348603,0.003881262742348603,-0.003077108431052793,-0.003077108431052793
1.0,0.5306122448979591,0.8163265306122448,0.0041587943214187375,0.0041587943214187375,-0.0027995768519826587,-0.0027995768519826587
1.0,0.5306122448979591,0.836734693877551,0.004443710127262877,0.004443710127262877,-0.002514661046138519,-0.002514661046138519
1.0,0.5306122448979591,0.8571428571428571,0.004735740476521889,0.004735740476521889,-0.002222630696879507,-0.002222630696879507
1.0,0.5306122448979591,0.8775510204081632,0.005034736511516286,0.005034736511516286,-0.0019236346618851105,-0.0019236346618851105
1.0,0.5306122448979591,0.8979591836734693,0.005340399826924653,0.005340399826924653,-0.0016179713464767433,-0.0016179713464767433
1.0,0.5306122448979591,0.9183673469387754,0.005652253100618105,0.005652253100618105,-0.0013061180727832909,-0.0013061180727832909
1.0,0.5306122448979591,0.9387755102040816,0.005970261409800094,0.005970261409800094,-0.000988109763601302,-0.000988109763601302
1.0,0.5306122448979591,0.9591836734693877,0.006294179612181566,0.006294179612181566,-0.0006641915612198299,-0.0006641915612198299
1.0,0.5306122448979591,0.9795918367346939,0.006623724021383949,0.006623724021384034,-0.0003346471520174468,-0.0003346471520173618
1.0,0.5306122448979591,1.0,0.006958371173401396,0.006958371173401396,0.0,0.0
1.0,0.5510204081632653,0.0,0.0004995004995004995,0.0004995004995004995,-0.006458870673900897,-0.006458870673900897
1.0,0.5510204081632653,0.02040816326530612,0.0004995004995004995,0.0004995004995004995,-0.006458870673900897,-0.006458870673900897
1.0,0.5510204081632653,0.04081632653061224,0.0004995004995004995,0.0004995004995004995,-0.006458870673900897,-0.006458870673900897
1.0,0.5510204081632653,0.061224489795918366,0.0004995004995004995,0.0004995004995004995,-0.006458870673900897,-0.006458870673900897
1.0,0.5510204081632653,0.08163265306122448,0.0004995004995004995,0.0004995004995004995,-0.006458870673900897,-0.006458870673900897
1.0,0.5510204081632653,0.1020408163265306,0.0004995004995004995,0.0004995004995004995,-0.006458870673900897,-0.006458870673900897
1.0,0.5510204081632653,0.12244897959183673,0.0004995004995004995,0.0004995004995004995,-0.006458870673900897,-0.006458870673900897
1.0,0.5510204081632653,0.14285714285714285,0.0004995004995004995,0.0004995004995004995,-0.006458870673900897,-0.006458870673900897
1.0,0.5510204081632653,0.16326530612244897,0.0004995004995004995,0.0004995004995004995,-0.006458870673900897,-0.006458870673900897
1.0,0.5510204081632653,0.18367346938775508,0.0004995004995004995,0.0004995004995004995,-0.006458870673900897,-0.006458870673900897
1.0,0.5510204081632653,0.2040816326530612,0.0004995004995004995,0.0004995004995004995,-0.006458870673900897,-0.006458870673900897
1.0,0.5510204081632653,0.22448979591836732,0.0004995004995004995,0.0004995004995004995,-0.006458870673900897,-0.006458870673900897
1.0,0.5510204081632653,0.24489795918367346,0.0004995004995004995,0.0004995004995004995,-0.006458870673900897,-0.006458870673900897
1.0,0.5510204081632653,0.26530612244897955,0.0004995004995004995,0.0004995004995004995,-0.006458870673900897,-0.006458870673900897
1.0,0.5510204081632653,0.2857142857142857,0.0004995004995004995,0.0004995004995004995,-0.006458870673900897,-0.006458870673900897
1.0,0.5510204081632653,0.3061224489795918,0.0004995004995004995,0.0004995004995004995,-0.006458870673900897,-0.006458870673900897
1.0,0.5510204081632653,0.32653061224489793,0.0004995004995004995,0.0004995004995004995,-0.006458870673900897,-0.006458870673900897
1.0,0.5510204081632653,0.3469387755102041,0.0004995004995004995,0.0004995004995004995,-0.006458870673900897,-0.006458870673900897
1.0,0.5510204081632653,0.36734693877551017,0.0004995004995004995,0.0004995004995004995,-0.006458870673900897,-0.006458870673900897
1.0,0.5510204081632653,0.3877551020408163,0.0004995004995004995,0.0004995004995004995,-0.006458870673900897,-0.006458870673900897
1.0,0.5510204081632653,0.4081632653061224,0.0004995004995004995,0.0004995004995004995,-0.006458870673900897,-0.006458870673900897
1.0,0.5510204081632653,0.42857142857142855,0.0005541048790764151,0.0005541048790764151,-0.0064042662943249815,-0.0064042662943249815
1.0,0.5510204081632653,0.44897959183673464,0.0006349145761744147,0.0006349145761744147,-0.006323456597226981,-0.006323456597226981
1.0,0.5510204081632653,0.4693877551020408,0.0007305417485480854,0.0007305417485480854,-0.006227829424853311,-0.006227829424853311
1.0,0.5510204081632653,0.4897959183673469,0.0008404267171517846,0.0008404267171517846,-0.006117944456249611,-0.006117944456249611
1.0,0.5510204081632653,0.5102040816326531,0.0009640449602712161,0.0009640449602712161,-0.00599432621313018,-0.00599432621313018
1.0,0.5510204081632653,0.5306122448979591,0.0011009081559741518,0.0011009081559741518,-0.005857463017427244,-0.005857463017427244
1.0,0.5510204081632653,0.5510204081632653,0.0012504780677323362,0.0012504780677323362,-0.00570789310566906,-0.00570789310566906
1.0,0.5510204081632653,0.5714285714285714,0.0014123118308140043,0.0014123118308140043,-0.0055460593425873915,-0.0055460593425873915
1.0,0.5510204081632653,0.5918367346938775,0.0015859513347592036,0.0015859513347592751,-0.005372419838642193,-0.005372419838642121
1.0,0.5510204081632653,0.6122448979591836,0.0017708950122410556,0.0017708950122410556,-0.00518747616116034,-0.00518747616116034
1.0,0.5510204081632653,0.6326530612244897,0.0019668041719174433,0.0019668041719174433,-0.004991567001483952,-0.004991567001483952
1.0,0.5510204081632653,0.6530612244897959,0.0021732152489193322,0.0021732152489193322,-0.004785155924482064,-0.004785155924482064
1.0,0.5510204081632653,0.673469387755102,0.0023897848660629274,0.0023897848660629274,-0.004568586307338468,-0.004568586307338468
1.0,0.5510204081632653,0.6938775510204082,0.0026160869367796206,0.0026160869367796206,-0.004342284236621776,-0.004342284236621776
1.0,0.5510204081632653,0.7142857142857142,0.002851698963554303,0.002851698963554303,-0.004106672209847093,-0.004106672209847093
1.0,0.5510204081632653,0.7346938775510203,0.0030964626015118637,0.0030964626015118637,-0.0038619085718895325,-0.0038619085718895325
1.0,0.5510204081632653,0.7551020408163265,0.0033498263465055224,0.0033498263465055224,-0.003608544826895874,-0.003608544826895874
1.0,0.5510204081632653,0.7755102040816326,0.003611520733795259,0.003611520733795259,-0.0033468504396061373,-0.0033468504396061373
1.0,0.5510204081632653,0.7959183673469387,0.003881262742348603,0.003881262742348603,-0.003077108431052793,-0.003077108431052793
1.0,0.5510204081632653,0.8163265306122448,0.0041587943214187375,0.0041587943214187375,-0.0027995768519826587,-0.0027995768519826587
1.0,0.5510204081632653,0.836734693877551,0.004443710127262877,0.004443710127262877,-0.002514661046138519,-0.002514661046138519
1.0,0.5510204081632653,0.8571428571428571,0.004735740476521889,0.004735740476521889,-0.002222630696879507,-0.002222630696879507
1.0,0.5510204081632653,0.8775510204081632,0.005034736511516286,0.005034736511516286,-0.0019236346618851105,-0.0019236346618851105
1.0,0.5510204081632653,0.8979591836734693,0.005340399826924653,0.005340399826924653,-0.0016179713464767433,-0.0016179713464767433
1.0,0.5510204081632653,0.9183673469387754,0.005652253100618105,0.005652253100618105,-0.0013061180727832909,-0.0013061180727832909
1.0,0.5510204081632653,0.9387755102040816,0.005970261409800094,0.005970261409800094,-0.000988109763601302,-0.000988109763601302
1.0,0.5510204081632653,0.9591836734693877,0.006294179612181566,0.006294179612181566,-0.0006641915612198299,-0.0006641915612198299
1.0,0.5510204081632653,0.9795918367346939,0.006623724021383949,0.006623724021384034,-0.0003346471520174468,-0.0003346471520173618
1.0,0.5510204081632653,1.0,0.006958371173401396,0.006958371173401396,0.0,0.0
1.0,0.5714285714285714,0.0,0.0004995004995004995,0.0004995004995004995,-0.006458870673900897,-0.006458870673900897
1.0,0.5714285714285714,0.02040816326530612,0.0004995004995004995,0.0004995004995004995,-0.006458870673900897,-0.006458870673900897
1.0,0.5714285714285714,0.04081632653061224,0.0004995004995004995,0.0004995004995004995,-0.006458870673900897,-0.006458870673900897
1.0,0.5714285714285714,0.061224489795918366,0.0004995004995004995,0.0004995004995004995,-0.006458870673900897,-0.006458870673900897
1.0,0.5714285714285714,0.08163265306122448,0.0004995004995004995,0.0004995004995004995,-0.006458870673900897,-0.006458870673900897
1.0,0.5714285714285714,0.1020408163265306,0.0004995004995004995,0.0004995004995004995,-0.006458870673900897,-0.006458870673900897
1.0,0.5714285714285714,0.12244897959183673,0.0004995004995004995,0.0004995004995004995,-0.006458870673900897,-0.006458870673900897
1.0,0.5714285714285714,0.14285714285714285,0.0004995004995004995,0.0004995004995004995,-0.006458870673900897,-0.006458870673900897
1.0,0.5714285714285714,0.16326530612244897,0.0004995004995004995,0.0004995004995004995,-0.006458870673900897,-0.006458870673900897
1.0,0.5714285714285714,0.18367346938775508,0.0004995004995004995,0.0004995004995004995,-0.006458870673900897,-0.006458870673900897
1.0,0.5714285714285714,0.2040816326530612,0.0004995004995004995,0.0004995004995004995,-0.006458870673900897,-0.006458870673900897
1.0,0.5714285714285714,0.22448979591836732,0.0004995004995004995,0.0004995004995004995,-0.006458870673900897,-0.006458870673900897
1.0,0.5714285714285714,0.24489795918367346,0.0004995004995004995,0.0004995004995004995,-0.006458870673900897,-0.006458870673900897
1.0,0.5714285714285714,0.26530612244897955,0.0004995004995004995,0.0004995004995004995,-0.006458870673900897,-0.006458870673900897
1.0,0.5714285714285714,0.2857142857142857,0.0004995004995004995,0.0004995004995004995,-0.006458870673900897,-0.006458870673900897
1.0,0.5714285714285714,0.3061224489795918,0.0004995004995004995,0.0004995004995004995,-0.006458870673900897,-0.006458870673900897
1.0,0.5714285714285714,0.32653061224489793,0.0004995004995004995,0.0004995004995004995,-0.006458870673900897,-0.006458870673900897
1.0,0.5714285714285714,0.3469387755102041,0.0004995004995004995,0.0004995004995004995,-0.006458870673900897,-0.006458870673900897
1.0,0.5714285714285714,0.36734693877551017,0.0004995004995004995,0.0004995004995004995,-0.006458870673900897,-0.006458870673900897
1.0,0.5714285714285714,0.3877551020408163,0.0004995004995004995,0.0004995004995004995,-0.006458870673900897,-0.006458870673900897
1.0,0.5714285714285714,0.4081632653061224,0.0004995004995004995,0.0004995004995004995,-0.006458870673900897,-0.006458870673900897
1.0,0.5714285714285714,0.42857142857142855,0.0005541048790764151,0.0005541048790764151,-0.0064042662943249815,-0.0064042662943249815
1.0,0.5714285714285714,0.44897959183673464,0.0006349145761744147,0.0006349145761744147,-0.006323456597226981,-0.006323456597226981
1.0,0.5714285714285714,0.4693877551020408,0.0007305417485480854,0.0007305417485480854,-0.006227829424853311,-0.006227829424853311
1.0,0.5714285714285714,0.4897959183673469,0.0008404267171517846,0.0008404267171517846,-0.006117944456249611,-0.006117944456249611
1.0,0.5714285714285714,0.5102040816326531,0.0009640449602712161,0.0009640449602712161,-0.00599432621313018,-0.00599432621313018
1.0,0.5714285714285714,0.5306122448979591,0.0011009081559741518,0.0011009081559741518,-0.005857463017427244,-0.005857463017427244
1.0,0.5714285714285714,0.5510204081632653,0.0012504780677323362,0.0012504780677323362,-0.00570789310566906,-0.00570789310566906
1.0,0.5714285714285714,0.5714285714285714,0.0014123118308140043,0.0014123118308140043,-0.0055460593425873915,-0.0055460593425873915
1.0,0.5714285714285714,0.5918367346938775,0.0015859513347592036,0.0015859513347592751,-0.005372419838642193,-0.005372419838642121
1.0,0.5714285714285714,0.6122448979591836,0.0017708950122410556,0.0017708950122410556,-0.00518747616116034,-0.00518747616116034
1.0,0.5714285714285714,0.6326530612244897,0.0019668041719174433,0.0019668041719174433,-0.004991567001483952,-0.004991567001483952
1.0,0.5714285714285714,0.6530612244897959,0.0021732152489193322,0.0021732152489193322,-0.004785155924482064,-0.004785155924482064
1.0,0.5714285714285714,0.673469387755102,0.0023897848660629274,0.0023897848660629274,-0.004568586307338468,-0.004568586307338468
1.0,0.5714285714285714,0.6938775510204082,0.0026160869367796206,0.0026160869367796206,-0.004342284236621776,-0.004342284236621776
1.0,0.5714285714285714,0.7142857142857142,0.002851698963554303,0.002851698963554303,-0.004106672209847093,-0.004106672209847093
1.0,0.5714285714285714,0.7346938775510203,0.0030964626015118637,0.0030964626015118637,-0.0038619085718895325,-0.0038619085718895325
1.0,0.5714285714285714,0.7551020408163265,0.0033498263465055224,0.0033498263465055224,-0.003608544826895874,-0.003608544826895874
1.0,0.5714285714285714,0.7755102040816326,0.003611520733795259,0.003611520733795259,-0.0033468504396061373,-0.0033468504396061373
1.0,0.5714285714285714,0.7959183673469387,0.003881262742348603,0.003881262742348603,-0.003077108431052793,-0.003077108431052793
1.0,0.5714285714285714,0.8163265306122448,0.0041587943214187375,0.0041587943214187375,-0.0027995768519826587,-0.0027995768519826587
1.0,0.5714285714285714,0.836734693877551,0.004443710127262877,0.004443710127262877,-0.002514661046138519,-0.002514661046138519
1.0,0.5714285714285714,0.8571428571428571,0.004735740476521889,0.004735740476521889,-0.002222630696879507,-0.002222630696879507
1.0,0.5714285714285714,0.8775510204081632,0.005034736511516286,0.005034736511516286,-0.0019236346618851105,-0.0019236346618851105
1.0,0.5714285714285714,0.8979591836734693,0.005340399826924653,0.005340399826924653,-0.0016179713464767433,-0.0016179713464767433
1.0,0.5714285714285714,0.9183673469387754,0.005652253100618105,0.005652253100618105,-0.0013061180727832909,-0.0013061180727832909
1.0,0.5714285714285714,0.9387755102040816,0.005970261409800094,0.005970261409800094,-0.000988109763601302,-0.000988109763601302
1.0,0.5714285714285714,0.9591836734693877,0.006294179612181566,0.006294179612181566,-0.0006641915612198299,-0.0006641915612198299
1.0,0.5714285714285714,0.9795918367346939,0.006623724021383949,0.006623724021384034,-0.0003346471520174468,-0.0003346471520173618
1.0,0.5714285714285714,1.0,0.006958371173401396,0.006958371173401396,0.0,0.0
1.0,0.5918367346938775,0.0,0.0004995004995004995,0.0004995004995004995,-0.006458870673900897,-0.006458870673900897
1.0,0.5918367346938775,0.02040816326530612,0.0004995004995004995,0.0004995004995004995,-0.006458870673900897,-0.006458870673900897
1.0,0.5918367346938775,0.04081632653061224,0.0004995004995004995,0.0004995004995004995,-0.006458870673900897,-0.006458870673900897
1.0,0.5918367346938775,0.061224489795918366,0.0004995004995004995,0.0004995004995004995,-0.006458870673900897,-0.006458870673900897
1.0,0.5918367346938775,0.08163265306122448,0.0004995004995004995,0.0004995004995004995,-0.006458870673900897,-0.006458870673900897
1.0,0.5918367346938775,0.1020408163265306,0.0004995004995004995,0.0004995004995004995,-0.006458870673900897,-0.006458870673900897
1.0,0.5918367346938775,0.12244897959183673,0.0004995004995004995,0.0004995004995004995,-0.006458870673900897,-0.006458870673900897
1.0,0.5918367346938775,0.14285714285714285,0.0004995004995004995,0.0004995004995004995,-0.006458870673900897,-0.006458870673900897
1.0,0.5918367346938775,0.16326530612244897,0.0004995004995004995,0.0004995004995004995,-0.006458870673900897,-0.006458870673900897
1.0,0.5918367346938775,0.18367346938775508,0.0004995004995004995,0.0004995004995004995,-0.006458870673900897,-0.006458870673900897
1.0,0.5918367346938775,0.2040816326530612,0.0004995004995004995,0.0004995004995004995,-0.006458870673900897,-0.006458870673900897
1.0,0.5918367346938775,0.22448979591836732,0.0004995004995004995,0.0004995004995004995,-0.006458870673900897,-0.006458870673900897
1.0,0.5918367346938775,0.24489795918367346,0.0004995004995004995,0.0004995004995004995,-0.006458870673900897,-0.006458870673900897
1.0,0.5918367346938775,0.26530612244897955,0.0004995004995004995,0.0004995004995004995,-0.006458870673900897,-0.006458870673900897
1.0,0.5918367346938775,0.2857142857142857,0.0004995004995004995,0.0004995004995004995,-0.006458870673900897,-0.006458870673900897
1.0,0.5918367346938775,0.3061224489795918,0.0004995004995004995,0.0004995004995004995,-0.006458870673900897,-0.006458870673900897
1.0,0.5918367346938775,0.32653061224489793,0.0004995004995004995,0.0004995004995004995,-0.006458870673900897,-0.006458870673900897
1.0,0.5918367346938775,0.3469387755102041,0.0004995004995004995,0.0004995004995004995,-0.006458870673900897,-0.006458870673900897
1.0,0.5918367346938775,0.36734693877551017,0.0004995004995004995,0.0004995004995004995,-0.006458870673900897,-0.006458870673900897
1.0,0.5918367346938775,0.3877551020408163,0.0004995004995004995,0.0004995004995004995,-0.006458870673900897,-0.006458870673900897
1.0,0.5918367346938775,0.4081632653061224,0.0004995004995004995,0.0004995004995004995,-0.006458870673900897,-0.006458870673900897
1.0,0.5918367346938775,0.42857142857142855,0.0005541048790764151,0.0005541048790764151,-0.0064042662943249815,-0.0064042662943249815
1.0,0.5918367346938775,0.44897959183673464,0.0006349145761744147,0.0006349145761744147,-0.006323456597226981,-0.006323456597226981
1.0,0.5918367346938775,0.4693877551020408,0.0007305417485480854,0.0007305417485480854,-0.006227829424853311,-0.006227829424853311
1.0,0.5918367346938775,0.4897959183673469,0.0008404267171517846,0.0008404267171517846,-0.006117944456249611,-0.006117944456249611
1.0,0.5918367346938775,0.5102040816326531,0.0009640449602712161,0.0009640449602712161,-0.00599432621313018,-0.00599432621313018
1.0,0.5918367346938775,0.5306122448979591,0.0011009081559741518,0.0011009081559741518,-0.005857463017427244,-0.005857463017427244
1.0,0.5918367346938775,0.5510204081632653,0.0012504780677323362,0.0012504780677323362,-0.00570789310566906,-0.00570789310566906
1.0,0.5918367346938775,0.5714285714285714,0.0014123118308140043,0.0014123118308140043,-0.0055460593425873915,-0.0055460593425873915
1.0,0.5918367346938775,0.5918367346938775,0.0015859513347592036,0.0015859513347592751,-0.005372419838642193,-0.005372419838642121
1.0,0.5918367346938775,0.6122448979591836,0.0017708950122410556,0.0017708950122410556,-0.00518747616116034,-0.00518747616116034
1.0,0.5918367346938775,0.6326530612244897,0.0019668041719174433,0.0019668041719174433,-0.004991567001483952,-0.004991567001483952
1.0,0.5918367346938775,0.6530612244897959,0.0021732152489193322,0.0021732152489193322,-0.004785155924482064,-0.004785155924482064
1.0,0.5918367346938775,0.673469387755102,0.0023897848660629274,0.0023897848660629274,-0.004568586307338468,-0.004568586307338468
1.0,0.5918367346938775,0.6938775510204082,0.0026160869367796206,0.0026160869367796206,-0.004342284236621776,-0.004342284236621776
1.0,0.5918367346938775,0.7142857142857142,0.002851698963554303,0.002851698963554303,-0.004106672209847093,-0.004106672209847093
1.0,0.5918367346938775,0.7346938775510203,0.0030964626015118637,0.0030964626015118637,-0.0038619085718895325,-0.0038619085718895325
1.0,0.5918367346938775,0.7551020408163265,0.0033498263465055224,0.0033498263465055224,-0.003608544826895874,-0.003608544826895874
1.0,0.5918367346938775,0.7755102040816326,0.003611520733795259,0.003611520733795259,-0.0033468504396061373,-0.0033468504396061373
1.0,0.5918367346938775,0.7959183673469387,0.003881262742348603,0.003881262742348603,-0.003077108431052793,-0.003077108431052793
1.0,0.5918367346938775,0.8163265306122448,0.0041587943214187375,0.0041587943214187375,-0.0027995768519826587,-0.0027995768519826587
1.0,0.5918367346938775,0.836734693877551,0.004443710127262877,0.004443710127262877,-0.002514661046138519,-0.002514661046138519
1.0,0.5918367346938775,0.8571428571428571,0.004735740476521889,0.004735740476521889,-0.002222630696879507,-0.002222630696879507
1.0,0.5918367346938775,0.8775510204081632,0.005034736511516286,0.005034736511516286,-0.0019236346618851105,-0.0019236346618851105
1.0,0.5918367346938775,0.8979591836734693,0.005340399826924653,0.005340399826924653,-0.0016179713464767433,-0.0016179713464767433
1.0,0.5918367346938775,0.9183673469387754,0.005652253100618105,0.005652253100618105,-0.0013061180727832909,-0.0013061180727832909
1.0,0.5918367346938775,0.9387755102040816,0.005970261409800094,0.005970261409800094,-0.000988109763601302,-0.000988109763601302
1.0,0.5918367346938775,0.9591836734693877,0.006294179612181566,0.006294179612181566,-0.0006641915612198299,-0.0006641915612198299
1.0,0.5918367346938775,0.9795918367346939,0.006623724021383949,0.006623724021384034,-0.0003346471520174468,-0.0003346471520173618
1.0,0.5918367346938775,1.0,0.006958371173401396,0.006958371173401396,0.0,0.0
1.0,0.6122448979591836,0.0,0.0004995004995004995,0.0004995004995004995,-0.006458870673900897,-0.006458870673900897
1.0,0.6122448979591836,0.02040816326530612,0.0004995004995004995,0.0004995004995004995,-0.006458870673900897,-0.006458870673900897
1.0,0.6122448979591836,0.04081632653061224,0.0004995004995004995,0.0004995004995004995,-0.006458870673900897,-0.006458870673900897
1.0,0.6122448979591836,0.061224489795918366,0.0004995004995004995,0.0004995004995004995,-0.006458870673900897,-0.006458870673900897
1.0,0.6122448979591836,0.08163265306122448,0.0004995004995004995,0.0004995004995004995,-0.006458870673900897,-0.006458870673900897
1.0,0.6122448979591836,0.1020408163265306,0.0004995004995004995,0.0004995004995004995,-0.006458870673900897,-0.006458870673900897
1.0,0.6122448979591836,0.12244897959183673,0.0004995004995004995,0.0004995004995004995,-0.006458870673900897,-0.006458870673900897
1.0,0.6122448979591836,0.14285714285714285,0.0004995004995004995,0.0004995004995004995,-0.006458870673900897,-0.006458870673900897
1.0,0.6122448979591836,0.16326530612244897,0.0004995004995004995,0.0004995004995004995,-0.006458870673900897,-0.006458870673900897
1.0,0.6122448979591836,0.18367346938775508,0.0004995004995004995,0.0004995004995004995,-0.006458870673900897,-0.006458870673900897
1.0,0.6122448979591836,0.2040816326530612,0.0004995004995004995,0.0004995004995004995,-0.006458870673900897,-0.006458870673900897
1.0,0.6122448979591836,0.22448979591836732,0.0004995004995004995,0.0004995004995004995,-0.006458870673900897,-0.006458870673900897
1.0,0.6122448979591836,0.24489795918367346,0.0004995004995004995,0.0004995004995004995,-0.006458870673900897,-0.006458870673900897
1.0,0.6122448979591836,0.26530612244897955,0.0004995004995004995,0.0004995004995004995,-0.006458870673900897,-0.006458870673900897
1.0,0.6122448979591836,0.2857142857142857,0.0004995004995004995,0.0004995004995004995,-0.006458870673900897,-0.006458870673900897
1.0,0.6122448979591836,0.3061224489795918,0.0004995004995004995,0.0004995004995004995,-0.006458870673900897,-0.006458870673900897
1.0,0.6122448979591836,0.32653061224489793,0.0004995004995004995,0.0004995004995004995,-0.006458870673900897,-0.006458870673900897
1.0,0.6122448979591836,0.3469387755102041,0.0004995004995004995,0.0004995004995004995,-0.006458870673900897,-0.006458870673900897
1.0,0.6122448979591836,0.36734693877551017,0.0004995004995004995,0.0004995004995004995,-0.006458870673900897,-0.006458870673900897
1.0,0.6122448979591836,0.3877551020408163,0.0004995004995004995,0.0004995004995004995,-0.006458870673900897,-0.006458870673900897
1.0,0.6122448979591836,0.4081632653061224,0.0004995004995004995,0.0004995004995004995,-0.006458870673900897,-0.006458870673900897
1.0,0.6122448979591836,0.42857142857142855,0.0005541048790764151,0.0005541048790764151,-0.0064042662943249815,-0.0064042662943249815
1.0,0.6122448979591836,0.44897959183673464,0.0006349145761744147,0.0006349145761744147,-0.006323456597226981,-0.006323456597226981
1.0,0.6122448979591836,0.4693877551020408,0.0007305417485480854,0.0007305417485480854,-0.006227829424853311,-0.006227829424853311
1.0,0.6122448979591836,0.4897959183673469,0.0008404267171517846,0.0008404267171517846,-0.006117944456249611,-0.006117944456249611
1.0,0.6122448979591836,0.5102040816326531,0.0009640449602712161,0.0009640449602712161,-0.00599432621313018,-0.00599432621313018
1.0,0.6122448979591836,0.5306122448979591,0.0011009081559741518,0.0011009081559741518,-0.005857463017427244,-0.005857463017427244
1.0,0.6122448979591836,0.5510204081632653,0.0012504780677323362,0.0012504780677323362,-0.00570789310566906,-0.00570789310566906
1.0,0.6122448979591836,0.5714285714285714,0.0014123118308140043,0.0014123118308140043,-0.0055460593425873915,-0.0055460593425873915
1.0,0.6122448979591836,0.5918367346938775,0.0015859513347592036,0.0015859513347592751,-0.005372419838642193,-0.005372419838642121
1.0,0.6122448979591836,0.6122448979591836,0.0017708950122410556,0.0017708950122410556,-0.00518747616116034,-0.00518747616116034
1.0,0.6122448979591836,0.6326530612244897,0.0019668041719174433,0.0019668041719174433,-0.004991567001483952,-0.004991567001483952
1.0,0.6122448979591836,0.6530612244897959,0.0021732152489193322,0.0021732152489193322,-0.004785155924482064,-0.004785155924482064
1.0,0.6122448979591836,0.673469387755102,0.0023897848660629274,0.0023897848660629274,-0.004568586307338468,-0.004568586307338468
1.0,0.6122448979591836,0.6938775510204082,0.0026160869367796206,0.0026160869367796206,-0.004342284236621776,-0.004342284236621776
1.0,0.6122448979591836,0.7142857142857142,0.002851698963554303,0.002851698963554303,-0.004106672209847093,-0.004106672209847093
1.0,0.6122448979591836,0.7346938775510203,0.0030964626015118637,0.0030964626015118637,-0.0038619085718895325,-0.0038619085718895325
1.0,0.6122448979591836,0.7551020408163265,0.0033498263465055224,0.0033498263465055224,-0.003608544826895874,-0.003608544826895874
1.0,0.6122448979591836,0.7755102040816326,0.003611520733795259,0.003611520733795259,-0.0033468504396061373,-0.0033468504396061373
1.0,0.6122448979591836,0.7959183673469387,0.003881262742348603,0.003881262742348603,-0.003077108431052793,-0.003077108431052793
1.0,0.6122448979591836,0.8163265306122448,0.0041587943214187375,0.0041587943214187375,-0.0027995768519826587,-0.0027995768519826587
1.0,0.6122448979591836,0.836734693877551,0.004443710127262877,0.004443710127262877,-0.002514661046138519,-0.002514661046138519
1.0,0.6122448979591836,0.8571428571428571,0.004735740476521889,0.004735740476521889,-0.002222630696879507,-0.002222630696879507
1.0,0.6122448979591836,0.8775510204081632,0.005034736511516286,0.005034736511516286,-0.0019236346618851105,-0.0019236346618851105
1.0,0.6122448979591836,0.8979591836734693,0.005340399826924653,0.005340399826924653,-0.0016179713464767433,-0.0016179713464767433
1.0,0.6122448979591836,0.9183673469387754,0.005652253100618105,0.005652253100618105,-0.0013061180727832909,-0.0013061180727832909
1.0,0.6122448979591836,0.9387755102040816,0.005970261409800094,0.005970261409800094,-0.000988109763601302,-0.000988109763601302
1.0,0.6122448979591836,0.9591836734693877,0.006294179612181566,0.006294179612181566,-0.0006641915612198299,-0.0006641915612198299
1.0,0.6122448979591836,0.9795918367346939,0.006623724021383949,0.006623724021384034,-0.0003346471520174468,-0.0003346471520173618
1.0,0.6122448979591836,1.0,0.006958371173401396,0.006958371173401396,0.0,0.0
1.0,0.6326530612244897,0.0,0.0004995004995004995,0.0004995004995004995,-0.006458870673900897,-0.006458870673900897
1.0,0.6326530612244897,0.02040816326530612,0.0004995004995004995,0.0004995004995004995,-0.006458870673900897,-0.006458870673900897
1.0,0.6326530612244897,0.04081632653061224,0.0004995004995004995,0.0004995004995004995,-0.006458870673900897,-0.006458870673900897
1.0,0.6326530612244897,0.061224489795918366,0.0004995004995004995,0.0004995004995004995,-0.006458870673900897,-0.006458870673900897
1.0,0.6326530612244897,0.08163265306122448,0.0004995004995004995,0.0004995004995004995,-0.006458870673900897,-0.006458870673900897
1.0,0.6326530612244897,0.1020408163265306,0.0004995004995004995,0.0004995004995004995,-0.006458870673900897,-0.006458870673900897
1.0,0.6326530612244897,0.12244897959183673,0.0004995004995004995,0.0004995004995004995,-0.006458870673900897,-0.006458870673900897
1.0,0.6326530612244897,0.14285714285714285,0.0004995004995004995,0.0004995004995004995,-0.006458870673900897,-0.006458870673900897
1.0,0.6326530612244897,0.16326530612244897,0.0004995004995004995,0.0004995004995004995,-0.006458870673900897,-0.006458870673900897
1.0,0.6326530612244897,0.18367346938775508,0.0004995004995004995,0.0004995004995004995,-0.006458870673900897,-0.006458870673900897
1.0,0.6326530612244897,0.2040816326530612,0.0004995004995004995,0.0004995004995004995,-0.006458870673900897,-0.006458870673900897
1.0,0.6326530612244897,0.22448979591836732,0.0004995004995004995,0.0004995004995004995,-0.006458870673900897,-0.006458870673900897
1.0,0.6326530612244897,0.24489795918367346,0.0004995004995004995,0.0004995004995004995,-0.006458870673900897,-0.006458870673900897
1.0,0.6326530612244897,0.26530612244897955,0.0004995004995004995,0.0004995004995004995,-0.006458870673900897,-0.006458870673900897
1.0,0.6326530612244897,0.2857142857142857,0.0004995004995004995,0.0004995004995004995,-0.006458870673900897,-0.006458870673900897
1.0,0.6326530612244897,0.3061224489795918,0.0004995004995004995,0.0004995004995004995,-0.006458870673900897,-0.006458870673900897
1.0,0.6326530612244897,0.32653061224489793,0.0004995004995004995,0.0004995004995004995,-0.006458870673900897,-0.006458870673900897
1.0,0.6326530612244897,0.3469387755102041,0.0004995004995004995,0.0004995004995004995,-0.006458870673900897,-0.006458870673900897
1.0,0.6326530612244897,0.36734693877551017,0.0004995004995004995,0.0004995004995004995,-0.006458870673900897,-0.006458870673900897
1.0,0.6326530612244897,0.3877551020408163,0.0004995004995004995,0.0004995004995004995,-0.006458870673900897,-0.006458870673900897
1.0,0.6326530612244897,0.4081632653061224,0.0004995004995004995,0.0004995004995004995,-0.006458870673900897,-0.006458870673900897
1.0,0.6326530612244897,0.42857142857142855,0.0005541048790764151,0.0005541048790764151,-0.0064042662943249815,-0.0064042662943249815
1.0,0.6326530612244897,0.44897959183673464,0.0006349145761744147,0.0006349145761744147,-0.006323456597226981,-0.006323456597226981
1.0,0.6326530612244897,0.4693877551020408,0.0007305417485480854,0.0007305417485480854,-0.006227829424853311,-0.006227829424853311
1.0,0.6326530612244897,0.4897959183673469,0.0008404267171517846,0.0008404267171517846,-0.006117944456249611,-0.006117944456249611
1.0,0.6326530612244897,0.5102040816326531,0.0009640449602712161,0.0009640449602712161,-0.00599432621313018,-0.00599432621313018
1.0,0.6326530612244897,0.5306122448979591,0.0011009081559741518,0.0011009081559741518,-0.005857463017427244,-0.005857463017427244
1.0,0.6326530612244897,0.5510204081632653,0.0012504780677323362,0.0012504780677323362,-0.00570789310566906,-0.00570789310566906
1.0,0.6326530612244897,0.5714285714285714,0.0014123118308140043,0.0014123118308140043,-0.0055460593425873915,-0.0055460593425873915
1.0,0.6326530612244897,0.5918367346938775,0.0015859513347592036,0.0015859513347592751,-0.005372419838642193,-0.005372419838642121
1.0,0.6326530612244897,0.6122448979591836,0.0017708950122410556,0.0017708950122410556,-0.00518747616116034,-0.00518747616116034
1.0,0.6326530612244897,0.6326530612244897,0.0019668041719174433,0.0019668041719174433,-0.004991567001483952,-0.004991567001483952
1.0,0.6326530612244897,0.6530612244897959,0.0021732152489193322,0.0021732152489193322,-0.004785155924482064,-0.004785155924482064
1.0,0.6326530612244897,0.673469387755102,0.0023897848660629274,0.0023897848660629274,-0.004568586307338468,-0.004568586307338468
1.0,0.6326530612244897,0.6938775510204082,0.0026160869367796206,0.0026160869367796206,-0.004342284236621776,-0.004342284236621776
1.0,0.6326530612244897,0.7142857142857142,0.002851698963554303,0.002851698963554303,-0.004106672209847093,-0.004106672209847093
1.0,0.6326530612244897,0.7346938775510203,0.0030964626015118637,0.0030964626015118637,-0.0038619085718895325,-0.0038619085718895325
1.0,0.6326530612244897,0.7551020408163265,0.0033498263465055224,0.0033498263465055224,-0.003608544826895874,-0.003608544826895874
1.0,0.6326530612244897,0.7755102040816326,0.003611520733795259,0.003611520733795259,-0.0033468504396061373,-0.0033468504396061373
1.0,0.6326530612244897,0.7959183673469387,0.003881262742348603,0.003881262742348603,-0.003077108431052793,-0.003077108431052793
1.0,0.6326530612244897,0.8163265306122448,0.0041587943214187375,0.0041587943214187375,-0.0027995768519826587,-0.0027995768519826587
1.0,0.6326530612244897,0.836734693877551,0.004443710127262877,0.004443710127262877,-0.002514661046138519,-0.002514661046138519
1.0,0.6326530612244897,0.8571428571428571,0.004735740476521889,0.004735740476521889,-0.002222630696879507,-0.002222630696879507
1.0,0.6326530612244897,0.8775510204081632,0.005034736511516286,0.005034736511516286,-0.0019236346618851105,-0.0019236346618851105
1.0,0.6326530612244897,0.8979591836734693,0.005340399826924653,0.005340399826924653,-0.0016179713464767433,-0.0016179713464767433
1.0,0.6326530612244897,0.9183673469387754,0.005652253100618105,0.005652253100618105,-0.0013061180727832909,-0.0013061180727832909
1.0,0.6326530612244897,0.9387755102040816,0.005970261409800094,0.005970261409800094,-0.000988109763601302,-0.000988109763601302
1.0,0.6326530612244897,0.9591836734693877,0.006294179612181566,0.006294179612181566,-0.0006641915612198299,-0.0006641915612198299
1.0,0.6326530612244897,0.9795918367346939,0.006623724021383949,0.006623724021384034,-0.0003346471520174468,-0.0003346471520173618
1.0,0.6326530612244897,1.0,0.006958371173401396,0.006958371173401396,0.0,0.0
1.0,0.6530612244897959,0.0,0.0004995004995004995,0.0004995004995004995,-0.006458870673900897,-0.006458870673900897
1.0,0.6530612244897959,0.02040816326530612,0.0004995004995004995,0.0004995004995004995,-0.006458870673900897,-0.006458870673900897
1.0,0.6530612244897959,0.04081632653061224,0.0004995004995004995,0.0004995004995004995,-0.006458870673900897,-0.006458870673900897
1.0,0.6530612244897959,0.061224489795918366,0.0004995004995004995,0.0004995004995004995,-0.006458870673900897,-0.006458870673900897
1.0,0.6530612244897959,0.08163265306122448,0.0004995004995004995,0.0004995004995004995,-0.006458870673900897,-0.006458870673900897
1.0,0.6530612244897959,0.1020408163265306,0.0004995004995004995,0.0004995004995004995,-0.006458870673900897,-0.006458870673900897
1.0,0.6530612244897959,0.12244897959183673,0.0004995004995004995,0.0004995004995004995,-0.006458870673900897,-0.006458870673900897
1.0,0.6530612244897959,0.14285714285714285,0.0004995004995004995,0.0004995004995004995,-0.006458870673900897,-0.006458870673900897
1.0,0.6530612244897959,0.16326530612244897,0.0004995004995004995,0.0004995004995004995,-0.006458870673900897,-0.006458870673900897
1.0,0.6530612244897959,0.18367346938775508,0.0004995004995004995,0.0004995004995004995,-0.006458870673900897,-0.006458870673900897
1.0,0.6530612244897959,0.2040816326530612,0.0004995004995004995,0.0004995004995004995,-0.006458870673900897,-0.006458870673900897
1.0,0.6530612244897959,0.22448979591836732,0.0004995004995004995,0.0004995004995004995,-0.006458870673900897,-0.006458870673900897
1.0,0.6530612244897959,0.24489795918367346,0.0004995004995004995,0.0004995004995004995,-0.006458870673900897,-0.006458870673900897
1.0,0.6530612244897959,0.26530612244897955,0.0004995004995004995,0.0004995004995004995,-0.006458870673900897,-0.006458870673900897
1.0,0.6530612244897959,0.2857142857142857,0.0004995004995004995,0.0004995004995004995,-0.006458870673900897,-0.006458870673900897
1.0,0.6530612244897959,0.3061224489795918,0.0004995004995004995,0.0004995004995004995,-0.006458870673900897,-0.006458870673900897
1.0,0.6530612244897959,0.32653061224489793,0.0004995004995004995,0.0004995004995004995,-0.006458870673900897,-0.006458870673900897
1.0,0.6530612244897959,0.3469387755102041,0.0004995004995004995,0.0004995004995004995,-0.006458870673900897,-0.006458870673900897
1.0,0.6530612244897959,0.36734693877551017,0.0004995004995004995,0.0004995004995004995,-0.006458870673900897,-0.006458870673900897
1.0,0.6530612244897959,0.3877551020408163,0.0004995004995004995,0.0004995004995004995,-0.006458870673900897,-0.006458870673900897
1.0,0.6530612244897959,0.4081632653061224,0.0004995004995004995,0.0004995004995004995,-0.006458870673900897,-0.006458870673900897
1.0,0.6530612244897959,0.42857142857142855,0.0005541048790764151,0.0005541048790764151,-0.0064042662943249815,-0.0064042662943249815
1.0,0.6530612244897959,0.44897959183673464,0.0006349145761744147,0.0006349145761744147,-0.006323456597226981,-0.006323456597226981
1.0,0.6530612244897959,0.4693877551020408,0.0007305417485480854,0.0007305417485480854,-0.006227829424853311,-0.006227829424853311
1.0,0.6530612244897959,0.4897959183673469,0.0008404267171517846,0.0008404267171517846,-0.006117944456249611,-0.006117944456249611
1.0,0.6530612244897959,0.5102040816326531,0.0009640449602712161,0.0009640449602712161,-0.00599432621313018,-0.00599432621313018
1.0,0.6530612244897959,0.5306122448979591,0.0011009081559741518,0.0011009081559741518,-0.005857463017427244,-0.005857463017427244
1.0,0.6530612244897959,0.5510204081632653,0.0012504780677323362,0.0012504780677323362,-0.00570789310566906,-0.00570789310566906
1.0,0.6530612244897959,0.5714285714285714,0.0014123118308140043,0.0014123118308140043,-0.0055460593425873915,-0.0055460593425873915
1.0,0.6530612244897959,0.5918367346938775,0.0015859513347592036,0.0015859513347592751,-0.005372419838642193,-0.005372419838642121
1.0,0.6530612244897959,0.6122448979591836,0.0017708950122410556,0.0017708950122410556,-0.00518747616116034,-0.00518747616116034
1.0,0.6530612244897959,0.6326530612244897,0.0019668041719174433,0.0019668041719174433,-0.004991567001483952,-0.004991567001483952
1.0,0.6530612244897959,0.6530612244897959,0.0021732152489193322,0.0021732152489193322,-0.004785155924482064,-0.004785155924482064
1.0,0.6530612244897959,0.673469387755102,0.0023897848660629274,0.0023897848660629274,-0.004568586307338468,-0.004568586307338468
1.0,0.6530612244897959,0.6938775510204082,0.0026160869367796206,0.0026160869367796206,-0.004342284236621776,-0.004342284236621776
1.0,0.6530612244897959,0.7142857142857142,0.002851698963554303,0.002851698963554303,-0.004106672209847093,-0.004106672209847093
1.0,0.6530612244897959,0.7346938775510203,0.0030964626015118637,0.0030964626015118637,-0.0038619085718895325,-0.0038619085718895325
1.0,0.6530612244897959,0.7551020408163265,0.0033498263465055224,0.0033498263465055224,-0.003608544826895874,-0.003608544826895874
1.0,0.6530612244897959,0.7755102040816326,0.003611520733795259,0.003611520733795259,-0.0033468504396061373,-0.0033468504396061373
1.0,0.6530612244897959,0.7959183673469387,0.003881262742348603,0.003881262742348603,-0.003077108431052793,-0.003077108431052793
1.0,0.6530612244897959,0.8163265306122448,0.0041587943214187375,0.0041587943214187375,-0.0027995768519826587,-0.0027995768519826587
1.0,0.6530612244897959,0.836734693877551,0.004443710127262877,0.004443710127262877,-0.002514661046138519,-0.002514661046138519
1.0,0.6530612244897959,0.8571428571428571,0.004735740476521889,0.004735740476521889,-0.002222630696879507,-0.002222630696879507
1.0,0.6530612244897959,0.8775510204081632,0.005034736511516286,0.005034736511516286,-0.0019236346618851105,-0.0019236346618851105
1.0,0.6530612244897959,0.8979591836734693,0.005340399826924653,0.005340399826924653,-0.0016179713464767433,-0.0016179713464767433
1.0,0.6530612244897959,0.9183673469387754,0.005652253100618105,0.005652253100618105,-0.0013061180727832909,-0.0013061180727832909
1.0,0.6530612244897959,0.9387755102040816,0.005970261409800094,0.005970261409800094,-0.000988109763601302,-0.000988109763601302
1.0,0.6530612244897959,0.9591836734693877,0.006294179612181566,0.006294179612181566,-0.0006641915612198299,-0.0006641915612198299
1.0,0.6530612244897959,0.9795918367346939,0.006623724021383949,0.006623724021384034,-0.0003346471520174468,-0.0003346471520173618
1.0,0.6530612244897959,1.0,0.006958371173401396,0.006958371173401396,0.0,0.0
1.0,0.673469387755102,0.0,0.0004995004995004995,0.0004995004995004995,-0.006458870673900897,-0.006458870673900897
1.0,0.673469387755102,0.02040816326530612,0.0004995004995004995,0.0004995004995004995,-0.006458870673900897,-0.006458870673900897
1.0,0.673469387755102,0.04081632653061224,0.0004995004995004995,0.0004995004995004995,-0.006458870673900897,-0.006458870673900897
1.0,0.673469387755102,0.061224489795918366,0.0004995004995004995,0.0004995004995004995,-0.006458870673900897,-0.006458870673900897
1.0,0.673469387755102,0.08163265306122448,0.0004995004995004995,0.0004995004995004995,-0.006458870673900897,-0.006458870673900897
1.0,0.673469387755102,0.1020408163265306,0.0004995004995004995,0.0004995004995004995,-0.006458870673900897,-0.006458870673900897
1.0,0.673469387755102,0.12244897959183673,0.0004995004995004995,0.0004995004995004995,-0.006458870673900897,-0.006458870673900897
1.0,0.673469387755102,0.14285714285714285,0.0004995004995004995,0.0004995004995004995,-0.006458870673900897,-0.006458870673900897
1.0,0.673469387755102,0.16326530612244897,0.0004995004995004995,0.0004995004995004995,-0.006458870673900897,-0.006458870673900897
1.0,0.673469387755102,0.18367346938775508,0.0004995004995004995,0.0004995004995004995,-0.006458870673900897,-0.006458870673900897
1.0,0.673469387755102,0.2040816326530612,0.0004995004995004995,0.0004995004995004995,-0.006458870673900897,-0.006458870673900897
1.0,0.673469387755102,0.22448979591836732,0.0004995004995004995,0.0004995004995004995,-0.006458870673900897,-0.006458870673900897
1.0,0.673469387755102,0.24489795918367346,0.0004995004995004995,0.0004995004995004995,-0.006458870673900897,-0.006458870673900897
1.0,0.673469387755102,0.26530612244897955,0.0004995004995004995,0.0004995004995004995,-0.006458870673900897,-0.006458870673900897
1.0,0.673469387755102,0.2857142857142857,0.0004995004995004995,0.0004995004995004995,-0.006458870673900897,-0.006458870673900897
1.0,0.673469387755102,0.3061224489795918,0.0004995004995004995,0.0004995004995004995,-0.006458870673900897,-0.006458870673900897
1.0,0.673469387755102,0.32653061224489793,0.0004995004995004995,0.0004995004995004995,-0.006458870673900897,-0.006458870673900897
1.0,0.673469387755102,0.3469387755102041,0.0004995004995004995,0.0004995004995004995,-0.006458870673900897,-0.006458870673900897
1.0,0.673469387755102,0.36734693877551017,0.0004995004995004995,0.0004995004995004995,-0.006458870673900897,-0.006458870673900897
1.0,0.673469387755102,0.3877551020408163,0.0004995004995004995,0.0004995004995004995,-0.006458870673900897,-0.006458870673900897
1.0,0.673469387755102,0.4081632653061224,0.0004995004995004995,0.0004995004995004995,-0.006458870673900897,-0.006458870673900897
1.0,0.673469387755102,0.42857142857142855,0.0005541048790764151,0.0005541048790764151,-0.0064042662943249815,-0.0064042662943249815
1.0,0.673469387755102,0.44897959183673464,0.0006349145761744147,0.0006349145761744147,-0.006323456597226981,-0.006323456597226981
1.0,0.673469387755102,0.4693877551020408,0.0007305417485480854,0.0007305417485480854,-0.006227829424853311,-0.006227829424853311
1.0,0.673469387755102,0.4897959183673469,0.0008404267171517846,0.0008404267171517846,-0.006117944456249611,-0.006117944456249611
1.0,0.673469387755102,0.5102040816326531,0.0009640449602712161,0.0009640449602712161,-0.00599432621313018,-0.00599432621313018
1.0,0.673469387755102,0.5306122448979591,0.0011009081559741518,0.0011009081559741518,-0.005857463017427244,-0.005857463017427244
1.0,0.673469387755102,0.5510204081632653,0.0012504780677323362,0.0012504780677323362,-0.00570789310566906,-0.00570789310566906
1.0,0.673469387755102,0.5714285714285714,0.0014123118308140043,0.0014123118308140043,-0.0055460593425873915,-0.0055460593425873915
1.0,0.673469387755102,0.5918367346938775,0.0015859513347592036,0.0015859513347592751,-0.005372419838642193,-0.005372419838642121
1.0,0.673469387755102,0.6122448979591836,0.0017708950122410556,0.0017708950122410556,-0.00518747616116034,-0.00518747616116034
1.0,0.673469387755102,0.6326530612244897,0.0019668041719174433,0.0019668041719174433,-0.004991567001483952,-0.004991567001483952
1.0,0.673469387755102,0.6530612244897959,0.0021732152489193322,0.0021732152489193322,-0.004785155924482064,-0.004785155924482064
1.0,0.673469387755102,0.673469387755102,0.0023897848660629274,0.0023897848660629274,-0.004568586307338468,-0.004568586307338468
1.0,0.673469387755102,0.6938775510204082,0.0026160869367796206,0.0026160869367796206,-0.004342284236621776,-0.004342284236621776
1.0,0.673469387755102,0.7142857142857142,0.002851698963554303,0.002851698963554303,-0.004106672209847093,-0.004106672209847093
1.0,0.673469387755102,0.7346938775510203,0.0030964626015118637,0.0030964626015118637,-0.0038619085718895325,-0.0038619085718895325
1.0,0.673469387755102,0.7551020408163265,0.0033498263465055224,0.0033498263465055224,-0.003608544826895874,-0.003608544826895874
1.0,0.673469387755102,0.7755102040816326,0.003611520733795259,0.003611520733795259,-0.0033468504396061373,-0.0033468504396061373
1.0,0.673469387755102,0.7959183673469387,0.003881262742348603,0.003881262742348603,-0.003077108431052793,-0.003077108431052793
1.0,0.673469387755102,0.8163265306122448,0.0041587943214187375,0.0041587943214187375,-0.0027995768519826587,-0.0027995768519826587
1.0,0.673469387755102,0.836734693877551,0.004443710127262877,0.004443710127262877,-0.002514661046138519,-0.002514661046138519
1.0,0.673469387755102,0.8571428571428571,0.004735740476521889,0.004735740476521889,-0.002222630696879507,-0.002222630696879507
1.0,0.673469387755102,0.8775510204081632,0.005034736511516286,0.005034736511516286,-0.0019236346618851105,-0.0019236346618851105
1.0,0.673469387755102,0.8979591836734693,0.005340399826924653,0.005340399826924653,-0.0016179713464767433,-0.0016179713464767433
1.0,0.673469387755102,0.9183673469387754,0.005652253100618105,0.005652253100618105,-0.0013061180727832909,-0.0013061180727832909
1.0,0.673469387755102,0.9387755102040816,0.005970261409800094,0.005970261409800094,-0.000988109763601302,-0.000988109763601302
1.0,0.673469387755102,0.9591836734693877,0.006294179612181566,0.006294179612181566,-0.0006641915612198299,-0.0006641915612198299
1.0,0.673469387755102,0.9795918367346939,0.006623724021383949,0.006623724021384034,-0.0003346471520174468,-0.0003346471520173618
1.0,0.673469387755102,1.0,0.006958371173401396,0.006958371173401396,0.0,0.0
1.0,0.6938775510204082,0.0,0.0004995004995004995,0.0004995004995004995,-0.006458870673900897,-0.006458870673900897
1.0,0.6938775510204082,0.02040816326530612,0.0004995004995004995,0.0004995004995004995,-0.006458870673900897,-0.006458870673900897
1.0,0.6938775510204082,0.04081632653061224,0.0004995004995004995,0.0004995004995004995,-0.006458870673900897,-0.006458870673900897
1.0,0.6938775510204082,0.061224489795918366,0.0004995004995004995,0.0004995004995004995,-0.006458870673900897,-0.006458870673900897
1.0,0.6938775510204082,0.08163265306122448,0.0004995004995004995,0.0004995004995004995,-0.006458870673900897,-0.006458870673900897
1.0,0.6938775510204082,0.1020408163265306,0.0004995004995004995,0.0004995004995004995,-0.006458870673900897,-0.006458870673900897
1.0,0.6938775510204082,0.12244897959183673,0.0004995004995004995,0.0004995004995004995,-0.006458870673900897,-0.006458870673900897
1.0,0.6938775510204082,0.14285714285714285,0.0004995004995004995,0.0004995004995004995,-0.006458870673900897,-0.006458870673900897
1.0,0.6938775510204082,0.16326530612244897,0.0004995004995004995,0.0004995004995004995,-0.006458870673900897,-0.006458870673900897
1.0,0.6938775510204082,0.18367346938775508,0.0004995004995004995,0.0004995004995004995,-0.006458870673900897,-0.006458870673900897
1.0,0.6938775510204082,0.2040816326530612,0.0004995004995004995,0.0004995004995004995,-0.006458870673900897,-0.006458870673900897
1.0,0.6938775510204082,0.22448979591836732,0.0004995004995004995,0.0004995004995004995,-0.006458870673900897,-0.006458870673900897
1.0,0.6938775510204082,0.24489795918367346,0.0004995004995004995,0.0004995004995004995,-0.006458870673900897,-0.006458870673900897
1.0,0.6938775510204082,0.26530612244897955,0.0004995004995004995,0.0004995004995004995,-0.006458870673900897,-0.006458870673900897
1.0,0.6938775510204082,0.2857142857142857,0.0004995004995004995,0.0004995004995004995,-0.006458870673900897,-0.006458870673900897
1.0,0.6938775510204082,0.3061224489795918,0.0004995004995004995,0.0004995004995004995,-0.006458870673900897,-0.006458870673900897
1.0,0.6938775510204082,0.32653061224489793,0.0004995004995004995,0.0004995004995004995,-0.006458870673900897,-0.006458870673900897
1.0,0.6938775510204082,0.3469387755102041,0.0004995004995004995,0.0004995004995004995,-0.006458870673900897,-0.006458870673900897
1.0,0.6938775510204082,0.36734693877551017,0.0004995004995004995,0.0004995004995004995,-0.006458870673900897,-0.006458870673900897
1.0,0.6938775510204082,0.3877551020408163,0.0004995004995004995,0.0004995004995004995,-0.006458870673900897,-0.006458870673900897
1.0,0.6938775510204082,0.4081632653061224,0.0004995004995004995,0.0004995004995004995,-0.006458870673900897,-0.006458870673900897
1.0,0.6938775510204082,0.42857142857142855,0.0005541048790764151,0.0005541048790764151,-0.0064042662943249815,-0.0064042662943249815
1.0,0.6938775510204082,0.44897959183673464,0.0006349145761744147,0.0006349145761744147,-0.006323456597226981,-0.006323456597226981
1.0,0.6938775510204082,0.4693877551020408,0.0007305417485480854,0.0007305417485480854,-0.006227829424853311,-0.006227829424853311
1.0,0.6938775510204082,0.4897959183673469,0.0008404267171517846,0.0008404267171517846,-0.006117944456249611,-0.006117944456249611
1.0,0.6938775510204082,0.5102040816326531,0.0009640449602712161,0.0009640449602712161,-0.00599432621313018,-0.00599432621313018
1.0,0.6938775510204082,0.5306122448979591,0.0011009081559741518,0.0011009081559741518,-0.005857463017427244,-0.005857463017427244
1.0,0.6938775510204082,0.5510204081632653,0.0012504780677323362,0.0012504780677323362,-0.00570789310566906,-0.00570789310566906
1.0,0.6938775510204082,0.5714285714285714,0.0014123118308140043,0.0014123118308140043,-0.0055460593425873915,-0.0055460593425873915
1.0,0.6938775510204082,0.5918367346938775,0.0015859513347592036,0.0015859513347592751,-0.005372419838642193,-0.005372419838642121
1.0,0.6938775510204082,0.6122448979591836,0.0017708950122410556,0.0017708950122410556,-0.00518747616116034,-0.00518747616116034
1.0,0.6938775510204082,0.6326530612244897,0.0019668041719174433,0.0019668041719174433,-0.004991567001483952,-0.004991567001483952
1.0,0.6938775510204082,0.6530612244897959,0.0021732152489193322,0.0021732152489193322,-0.004785155924482064,-0.004785155924482064
1.0,0.6938775510204082,0.673469387755102,0.0023897848660629274,0.0023897848660629274,-0.004568586307338468,-0.004568586307338468
1.0,0.6938775510204082,0.6938775510204082,0.0026160869367796206,0.0026160869367796206,-0.004342284236621776,-0.004342284236621776
1.0,0.6938775510204082,0.7142857142857142,0.002851698963554303,0.002851698963554303,-0.004106672209847093,-0.004106672209847093
1.0,0.6938775510204082,0.7346938775510203,0.0030964626015118637,0.0030964626015118637,-0.0038619085718895325,-0.0038619085718895325
1.0,0.6938775510204082,0.7551020408163265,0.0033498263465055224,0.0033498263465055224,-0.003608544826895874,-0.003608544826895874
1.0,0.6938775510204082,0.7755102040816326,0.003611520733795259,0.003611520733795259,-0.0033468504396061373,-0.0033468504396061373
1.0,0.6938775510204082,0.7959183673469387,0.003881262742348603,0.003881262742348603,-0.003077108431052793,-0.003077108431052793
1.0,0.6938775510204082,0.8163265306122448,0.0041587943214187375,0.0041587943214187375,-0.0027995768519826587,-0.0027995768519826587
1.0,0.6938775510204082,0.836734693877551,0.004443710127262877,0.004443710127262877,-0.002514661046138519,-0.002514661046138519
1.0,0.6938775510204082,0.8571428571428571,0.004735740476521889,0.004735740476521889,-0.002222630696879507,-0.002222630696879507
1.0,0.6938775510204082,0.8775510204081632,0.005034736511516286,0.005034736511516286,-0.0019236346618851105,-0.0019236346618851105
1.0,0.6938775510204082,0.8979591836734693,0.005340399826924653,0.005340399826924653,-0.0016179713464767433,-0.0016179713464767433
1.0,0.6938775510204082,0.9183673469387754,0.005652253100618105,0.005652253100618105,-0.0013061180727832909,-0.0013061180727832909
1.0,0.6938775510204082,0.9387755102040816,0.005970261409800094,0.005970261409800094,-0.000988109763601302,-0.000988109763601302
1.0,0.6938775510204082,0.9591836734693877,0.006294179612181566,0.006294179612181566,-0.0006641915612198299,-0.0006641915612198299
1.0,0.6938775510204082,0.9795918367346939,0.006623724021383949,0.006623724021384034,-0.0003346471520174468,-0.0003346471520173618
1.0,0.6938775510204082,1.0,0.006958371173401396,0.006958371173401396,0.0,0.0
1.0,0.7142857142857142,0.0,0.0004995004995004995,0.0004995004995004995,-0.006458870673900897,-0.006458870673900897
1.0,0.7142857142857142,0.02040816326530612,0.0004995004995004995,0.0004995004995004995,-0.006458870673900897,-0.006458870673900897
1.0,0.7142857142857142,0.04081632653061224,0.0004995004995004995,0.0004995004995004995,-0.006458870673900897,-0.006458870673900897
1.0,0.7142857142857142,0.061224489795918366,0.0004995004995004995,0.0004995004995004995,-0.006458870673900897,-0.006458870673900897
1.0,0.7142857142857142,0.08163265306122448,0.0004995004995004995,0.0004995004995004995,-0.006458870673900897,-0.006458870673900897
1.0,0.7142857142857142,0.1020408163265306,0.0004995004995004995,0.0004995004995004995,-0.006458870673900897,-0.006458870673900897
1.0,0.7142857142857142,0.12244897959183673,0.0004995004995004995,0.0004995004995004995,-0.006458870673900897,-0.006458870673900897
1.0,0.7142857142857142,0.14285714285714285,0.0004995004995004995,0.0004995004995004995,-0.006458870673900897,-0.006458870673900897
1.0,0.7142857142857142,0.16326530612244897,0.0004995004995004995,0.0004995004995004995,-0.006458870673900897,-0.006458870673900897
1.0,0.7142857142857142,0.18367346938775508,0.0004995004995004995,0.0004995004995004995,-0.006458870673900897,-0.006458870673900897
1.0,0.7142857142857142,0.2040816326530612,0.0004995004995004995,0.0004995004995004995,-0.006458870673900897,-0.006458870673900897
1.0,0.7142857142857142,0.22448979591836732,0.0004995004995004995,0.0004995004995004995,-0.006458870673900897,-0.006458870673900897
1.0,0.7142857142857142,0.24489795918367346,0.0004995004995004995,0.0004995004995004995,-0.006458870673900897,-0.006458870673900897
1.0,0.7142857142857142,0.26530612244897955,0.0004995004995004995,0.0004995004995004995,-0.006458870673900897,-0.006458870673900897
1.0,0.7142857142857142,0.2857142857142857,0.0004995004995004995,0.0004995004995004995,-0.006458870673900897,-0.006458870673900897
1.0,0.7142857142857142,0.3061224489795918,0.0004995004995004995,0.0004995004995004995,-0.006458870673900897,-0.006458870673900897
1.0,0.7142857142857142,0.32653061224489793,0.0004995004995004995,0.0004995004995004995,-0.006458870673900897,-0.006458870673900897
1.0,0.7142857142857142,0.3469387755102041,0.0004995004995004995,0.0004995004995004995,-0.006458870673900897,-0.006458870673900897
1.0,0.7142857142857142,0.36734693877551017,0.0004995004995004995,0.0004995004995004995,-0.006458870673900897,-0.006458870673900897
1.0,0.7142857142857142,0.3877551020408163,0.0004995004995004995,0.0004995004995004995,-0.006458870673900897,-0.006458870673900897
1.0,0.7142857142857142,0.4081632653061224,0.0004995004995004995,0.0004995004995004995,-0.006458870673900897,-0.006458870673900897
1.0,0.7142857142857142,0.42857142857142855,0.0005541048790764151,0.0005541048790764151,-0.0064042662943249815,-0.0064042662943249815
1.0,0.7142857142857142,0.44897959183673464,0.0006349145761744147,0.0006349145761744147,-0.006323456597226981,-0.006323456597226981
1.0,0.7142857142857142,0.4693877551020408,0.0007305417485480854,0.0007305417485480854,-0.006227829424853311,-0.006227829424853311
1.0,0.7142857142857142,0.4897959183673469,0.0008404267171517846,0.0008404267171517846,-0.006117944456249611,-0.006117944456249611
1.0,0.7142857142857142,0.5102040816326531,0.0009640449602712161,0.0009640449602712161,-0.00599432621313018,-0.00599432621313018
1.0,0.7142857142857142,0.5306122448979591,0.0011009081559741518,0.0011009081559741518,-0.005857463017427244,-0.005857463017427244
1.0,0.7142857142857142,0.5510204081632653,0.0012504780677323362,0.0012504780677323362,-0.00570789310566906,-0.00570789310566906
1.0,0.7142857142857142,0.5714285714285714,0.0014123118308140043,0.0014123118308140043,-0.0055460593425873915,-0.0055460593425873915
1.0,0.7142857142857142,0.5918367346938775,0.0015859513347592036,0.0015859513347592751,-0.005372419838642193,-0.005372419838642121
1.0,0.7142857142857142,0.6122448979591836,0.0017708950122410556,0.0017708950122410556,-0.00518747616116034,-0.00518747616116034
1.0,0.7142857142857142,0.6326530612244897,0.0019668041719174433,0.0019668041719174433,-0.004991567001483952,-0.004991567001483952
1.0,0.7142857142857142,0.6530612244897959,0.0021732152489193322,0.0021732152489193322,-0.004785155924482064,-0.004785155924482064
1.0,0.7142857142857142,0.673469387755102,0.0023897848660629274,0.0023897848660629274,-0.004568586307338468,-0.004568586307338468
1.0,0.7142857142857142,0.6938775510204082,0.0026160869367796206,0.0026160869367796206,-0.004342284236621776,-0.004342284236621776
1.0,0.7142857142857142,0.7142857142857142,0.002851698963554303,0.002851698963554303,-0.004106672209847093,-0.004106672209847093
1.0,0.7142857142857142,0.7346938775510203,0.0030964626015118637,0.0030964626015118637,-0.0038619085718895325,-0.0038619085718895325
1.0,0.7142857142857142,0.7551020408163265,0.0033498263465055224,0.0033498263465055224,-0.003608544826895874,-0.003608544826895874
1.0,0.7142857142857142,0.7755102040816326,0.003611520733795259,0.003611520733795259,-0.0033468504396061373,-0.0033468504396061373
1.0,0.7142857142857142,0.7959183673469387,0.003881262742348603,0.003881262742348603,-0.003077108431052793,-0.003077108431052793
1.0,0.7142857142857142,0.8163265306122448,0.0041587943214187375,0.0041587943214187375,-0.0027995768519826587,-0.0027995768519826587
1.0,0.7142857142857142,0.836734693877551,0.004443710127262877,0.004443710127262877,-0.002514661046138519,-0.002514661046138519
1.0,0.7142857142857142,0.8571428571428571,0.004735740476521889,0.004735740476521889,-0.002222630696879507,-0.002222630696879507
1.0,0.7142857142857142,0.8775510204081632,0.005034736511516286,0.005034736511516286,-0.0019236346618851105,-0.0019236346618851105
1.0,0.7142857142857142,0.8979591836734693,0.005340399826924653,0.005340399826924653,-0.0016179713464767433,-0.0016179713464767433
1.0,0.7142857142857142,0.9183673469387754,0.005652253100618105,0.005652253100618105,-0.0013061180727832909,-0.0013061180727832909
1.0,0.7142857142857142,0.9387755102040816,0.005970261409800094,0.005970261409800094,-0.000988109763601302,-0.000988109763601302
1.0,0.7142857142857142,0.9591836734693877,0.006294179612181566,0.006294179612181566,-0.0006641915612198299,-0.0006641915612198299
1.0,0.7142857142857142,0.9795918367346939,0.006623724021383949,0.006623724021384034,-0.0003346471520174468,-0.0003346471520173618
1.0,0.7142857142857142,1.0,0.006958371173401396,0.006958371173401396,0.0,0.0
1.0,0.7346938775510203,0.0,0.0004995004995004995,0.0004995004995004995,-0.006458870673900897,-0.006458870673900897
1.0,0.7346938775510203,0.02040816326530612,0.0004995004995004995,0.0004995004995004995,-0.006458870673900897,-0.006458870673900897
1.0,0.7346938775510203,0.04081632653061224,0.0004995004995004995,0.0004995004995004995,-0.006458870673900897,-0.006458870673900897
1.0,0.7346938775510203,0.061224489795918366,0.0004995004995004995,0.0004995004995004995,-0.006458870673900897,-0.006458870673900897
1.0,0.7346938775510203,0.08163265306122448,0.0004995004995004995,0.0004995004995004995,-0.006458870673900897,-0.006458870673900897
1.0,0.7346938775510203,0.1020408163265306,0.0004995004995004995,0.0004995004995004995,-0.006458870673900897,-0.006458870673900897
1.0,0.7346938775510203,0.12244897959183673,0.0004995004995004995,0.0004995004995004995,-0.006458870673900897,-0.006458870673900897
1.0,0.7346938775510203,0.14285714285714285,0.0004995004995004995,0.0004995004995004995,-0.006458870673900897,-0.006458870673900897
1.0,0.7346938775510203,0.16326530612244897,0.0004995004995004995,0.0004995004995004995,-0.006458870673900897,-0.006458870673900897
1.0,0.7346938775510203,0.18367346938775508,0.0004995004995004995,0.0004995004995004995,-0.006458870673900897,-0.006458870673900897
1.0,0.7346938775510203,0.2040816326530612,0.0004995004995004995,0.0004995004995004995,-0.006458870673900897,-0.006458870673900897
1.0,0.7346938775510203,0.22448979591836732,0.0004995004995004995,0.0004995004995004995,-0.006458870673900897,-0.006458870673900897
1.0,0.7346938775510203,0.24489795918367346,0.0004995004995004995,0.0004995004995004995,-0.006458870673900897,-0.006458870673900897
1.0,0.7346938775510203,0.26530612244897955,0.0004995004995004995,0.0004995004995004995,-0.006458870673900897,-0.006458870673900897
1.0,0.7346938775510203,0.2857142857142857,0.0004995004995004995,0.0004995004995004995,-0.006458870673900897,-0.006458870673900897
1.0,0.7346938775510203,0.3061224489795918,0.0004995004995004995,0.0004995004995004995,-0.006458870673900897,-0.006458870673900897
1.0,0.7346938775510203,0.32653061224489793,0.0004995004995004995,0.0004995004995004995,-0.006458870673900897,-0.006458870673900897
1.0,0.7346938775510203,0.3469387755102041,0.0004995004995004995,0.0004995004995004995,-0.006458870673900897,-0.006458870673900897
1.0,0.7346938775510203,0.36734693877551017,0.0004995004995004995,0.0004995004995004995,-0.006458870673900897,-0.006458870673900897
1.0,0.7346938775510203,0.3877551020408163,0.0004995004995004995,0.0004995004995004995,-0.006458870673900897,-0.006458870673900897
1.0,0.7346938775510203,0.4081632653061224,0.0004995004995004995,0.0004995004995004995,-0.006458870673900897,-0.006458870673900897
1.0,0.7346938775510203,0.42857142857142855,0.0005541048790764151,0.0005541048790764151,-0.0064042662943249815,-0.0064042662943249815
1.0,0.7346938775510203,0.44897959183673464,0.0006349145761744147,0.0006349145761744147,-0.006323456597226981,-0.006323456597226981
1.0,0.7346938775510203,0.4693877551020408,0.0007305417485480854,0.0007305417485480854,-0.006227829424853311,-0.006227829424853311
1.0,0.7346938775510203,0.4897959183673469,0.0008404267171517846,0.0008404267171517846,-0.006117944456249611,-0.006117944456249611
1.0,0.7346938775510203,0.5102040816326531,0.0009640449602712161,0.0009640449602712161,-0.00599432621313018,-0.00599432621313018
1.0,0.7346938775510203,0.5306122448979591,0.0011009081559741518,0.0011009081559741518,-0.005857463017427244,-0.005857463017427244
1.0,0.7346938775510203,0.5510204081632653,0.0012504780677323362,0.0012504780677323362,-0.00570789310566906,-0.00570789310566906
1.0,0.7346938775510203,0.5714285714285714,0.0014123118308140043,0.0014123118308140043,-0.0055460593425873915,-0.0055460593425873915
1.0,0.7346938775510203,0.5918367346938775,0.0015859513347592036,0.0015859513347592751,-0.005372419838642193,-0.005372419838642121
1.0,0.7346938775510203,0.6122448979591836,0.0017708950122410556,0.0017708950122410556,-0.00518747616116034,-0.00518747616116034
1.0,0.7346938775510203,0.6326530612244897,0.0019668041719174433,0.0019668041719174433,-0.004991567001483952,-0.004991567001483952
1.0,0.7346938775510203,0.6530612244897959,0.0021732152489193322,0.0021732152489193322,-0.004785155924482064,-0.004785155924482064
1.0,0.7346938775510203,0.673469387755102,0.0023897848660629274,0.0023897848660629274,-0.004568586307338468,-0.004568586307338468
1.0,0.7346938775510203,0.6938775510204082,0.0026160869367796206,0.0026160869367796206,-0.004342284236621776,-0.004342284236621776
1.0,0.7346938775510203,0.7142857142857142,0.002851698963554303,0.002851698963554303,-0.004106672209847093,-0.004106672209847093
1.0,0.7346938775510203,0.7346938775510203,0.0030964626015118637,0.0030964626015118637,-0.0038619085718895325,-0.0038619085718895325
1.0,0.7346938775510203,0.7551020408163265,0.0033498263465055224,0.0033498263465055224,-0.003608544826895874,-0.003608544826895874
1.0,0.7346938775510203,0.7755102040816326,0.003611520733795259,0.003611520733795259,-0.0033468504396061373,-0.0033468504396061373
1.0,0.7346938775510203,0.7959183673469387,0.003881262742348603,0.003881262742348603,-0.003077108431052793,-0.003077108431052793
1.0,0.7346938775510203,0.8163265306122448,0.0041587943214187375,0.0041587943214187375,-0.0027995768519826587,-0.0027995768519826587
1.0,0.7346938775510203,0.836734693877551,0.004443710127262877,0.004443710127262877,-0.002514661046138519,-0.002514661046138519
1.0,0.7346938775510203,0.8571428571428571,0.004735740476521889,0.004735740476521889,-0.002222630696879507,-0.002222630696879507
1.0,0.7346938775510203,0.8775510204081632,0.005034736511516286,0.005034736511516286,-0.0019236346618851105,-0.0019236346618851105
1.0,0.7346938775510203,0.8979591836734693,0.005340399826924653,0.005340399826924653,-0.0016179713464767433,-0.0016179713464767433
1.0,0.7346938775510203,0.9183673469387754,0.005652253100618105,0.005652253100618105,-0.0013061180727832909,-0.0013061180727832909
1.0,0.7346938775510203,0.9387755102040816,0.005970261409800094,0.005970261409800094,-0.000988109763601302,-0.000988109763601302
1.0,0.7346938775510203,0.9591836734693877,0.006294179612181566,0.006294179612181566,-0.0006641915612198299,-0.0006641915612198299
1.0,0.7346938775510203,0.9795918367346939,0.006623724021383949,0.006623724021384034,-0.0003346471520174468,-0.0003346471520173618
1.0,0.7346938775510203,1.0,0.006958371173401396,0.006958371173401396,0.0,0.0
1.0,0.7551020408163265,0.0,0.0004995004995004995,0.0004995004995004995,-0.006458870673900897,-0.006458870673900897
1.0,0.7551020408163265,0.02040816326530612,0.0004995004995004995,0.0004995004995004995,-0.006458870673900897,-0.006458870673900897
1.0,0.7551020408163265,0.04081632653061224,0.0004995004995004995,0.0004995004995004995,-0.006458870673900897,-0.006458870673900897
1.0,0.7551020408163265,0.061224489795918366,0.0004995004995004995,0.0004995004995004995,-0.006458870673900897,-0.006458870673900897
1.0,0.7551020408163265,0.08163265306122448,0.0004995004995004995,0.0004995004995004995,-0.006458870673900897,-0.006458870673900897
1.0,0.7551020408163265,0.1020408163265306,0.0004995004995004995,0.0004995004995004995,-0.006458870673900897,-0.006458870673900897
1.0,0.7551020408163265,0.12244897959183673,0.0004995004995004995,0.0004995004995004995,-0.006458870673900897,-0.006458870673900897
1.0,0.7551020408163265,0.14285714285714285,0.0004995004995004995,0.0004995004995004995,-0.006458870673900897,-0.006458870673900897
1.0,0.7551020408163265,0.16326530612244897,0.0004995004995004995,0.0004995004995004995,-0.006458870673900897,-0.006458870673900897
1.0,0.7551020408163265,0.18367346938775508,0.0004995004995004995,0.0004995004995004995,-0.006458870673900897,-0.006458870673900897
1.0,0.7551020408163265,0.2040816326530612,0.0004995004995004995,0.0004995004995004995,-0.006458870673900897,-0.006458870673900897
1.0,0.7551020408163265,0.22448979591836732,0.0004995004995004995,0.0004995004995004995,-0.006458870673900897,-0.006458870673900897
1.0,0.7551020408163265,0.24489795918367346,0.0004995004995004995,0.0004995004995004995,-0.006458870673900897,-0.006458870673900897
1.0,0.7551020408163265,0.26530612244897955,0.0004995004995004995,0.0004995004995004995,-0.006458870673900897,-0.006458870673900897
1.0,0.7551020408163265,0.2857142857142857,0.0004995004995004995,0.0004995004995004995,-0.006458870673900897,-0.006458870673900897
1.0,0.7551020408163265,0.3061224489795918,0.0004995004995004995,0.0004995004995004995,-0.006458870673900897,-0.006458870673900897
1.0,0.7551020408163265,0.32653061224489793,0.0004995004995004995,0.0004995004995004995,-0.006458870673900897,-0.006458870673900897
1.0,0.7551020408163265,0.3469387755102041,0.0004995004995004995,0.0004995004995004995,-0.006458870673900897,-0.006458870673900897
1.0,0.7551020408163265,0.36734693877551017,0.0004995004995004995,0.0004995004995004995,-0.006458870673900897,-0.006458870673900897
1.0,0.7551020408163265,0.3877551020408163,0.0004995004995004995,0.0004995004995004995,-0.006458870673900897,-0.006458870673900897
1.0,0.7551020408163265,0.4081632653061224,0.0004995004995004995,0.0004995004995004995,-0.006458870673900897,-0.006458870673900897
1.0,0.7551020408163265,0.42857142857142855,0.0005541048790764151,0.0005541048790764151,-0.0064042662943249815,-0.0064042662943249815
1.0,0.7551020408163265,0.44897959183673464,0.0006349145761744147,0.0006349145761744147,-0.006323456597226981,-0.006323456597226981
1.0,0.7551020408163265,0.4693877551020408,0.0007305417485480854,0.0007305417485480854,-0.006227829424853311,-0.006227829424853311
1.0,0.7551020408163265,0.4897959183673469,0.0008404267171517846,0.0008404267171517846,-0.006117944456249611,-0.006117944456249611
1.0,0.7551020408163265,0.5102040816326531,0.0009640449602712161,0.0009640449602712161,-0.00599432621313018,-0.00599432621313018
1.0,0.7551020408163265,0.5306122448979591,0.0011009081559741518,0.0011009081559741518,-0.005857463017427244,-0.005857463017427244
1.0,0.7551020408163265,0.5510204081632653,0.0012504780677323362,0.0012504780677323362,-0.00570789310566906,-0.00570789310566906
1.0,0.7551020408163265,0.5714285714285714,0.0014123118308140043,0.0014123118308140043,-0.0055460593425873915,-0.0055460593425873915
1.0,0.7551020408163265,0.5918367346938775,0.0015859513347592036,0.0015859513347592751,-0.005372419838642193,-0.005372419838642121
1.0,0.7551020408163265,0.6122448979591836,0.0017708950122410556,0.0017708950122410556,-0.00518747616116034,-0.00518747616116034
1.0,0.7551020408163265,0.6326530612244897,0.0019668041719174433,0.0019668041719174433,-0.004991567001483952,-0.004991567001483952
1.0,0.7551020408163265,0.6530612244897959,0.0021732152489193322,0.0021732152489193322,-0.004785155924482064,-0.004785155924482064
1.0,0.7551020408163265,0.673469387755102,0.0023897848660629274,0.0023897848660629274,-0.004568586307338468,-0.004568586307338468
1.0,0.7551020408163265,0.6938775510204082,0.0026160869367796206,0.0026160869367796206,-0.004342284236621776,-0.004342284236621776
1.0,0.7551020408163265,0.7142857142857142,0.002851698963554303,0.002851698963554303,-0.004106672209847093,-0.004106672209847093
1.0,0.7551020408163265,0.7346938775510203,0.0030964626015118637,0.0030964626015118637,-0.0038619085718895325,-0.0038619085718895325
1.0,0.7551020408163265,0.7551020408163265,0.0033498263465055224,0.0033498263465055224,-0.003608544826895874,-0.003608544826895874
1.0,0.7551020408163265,0.7755102040816326,0.003611520733795259,0.003611520733795259,-0.0033468504396061373,-0.0033468504396061373
1.0,0.7551020408163265,0.7959183673469387,0.003881262742348603,0.003881262742348603,-0.003077108431052793,-0.003077108431052793
1.0,0.7551020408163265,0.8163265306122448,0.0041587943214187375,0.0041587943214187375,-0.0027995768519826587,-0.0027995768519826587
1.0,0.7551020408163265,0.836734693877551,0.004443710127262877,0.004443710127262877,-0.002514661046138519,-0.002514661046138519
1.0,0.7551020408163265,0.8571428571428571,0.004735740476521889,0.004735740476521889,-0.002222630696879507,-0.002222630696879507
1.0,0.7551020408163265,0.8775510204081632,0.005034736511516286,0.005034736511516286,-0.0019236346618851105,-0.0019236346618851105
1.0,0.7551020408163265,0.8979591836734693,0.005340399826924653,0.005340399826924653,-0.0016179713464767433,-0.0016179713464767433
1.0,0.7551020408163265,0.9183673469387754,0.005652253100618105,0.005652253100618105,-0.0013061180727832909,-0.0013061180727832909
1.0,0.7551020408163265,0.9387755102040816,0.005970261409800094,0.005970261409800094,-0.000988109763601302,-0.000988109763601302
1.0,0.7551020408163265,0.9591836734693877,0.006294179612181566,0.006294179612181566,-0.0006641915612198299,-0.0006641915612198299
1.0,0.7551020408163265,0.9795918367346939,0.006623724021383949,0.006623724021384034,-0.0003346471520174468,-0.0003346471520173618
1.0,0.7551020408163265,1.0,0.006958371173401396,0.006958371173401396,0.0,0.0
1.0,0.7755102040816326,0.0,0.0004995004995004995,0.0004995004995004995,-0.006458870673900897,-0.006458870673900897
1.0,0.7755102040816326,0.02040816326530612,0.0004995004995004995,0.0004995004995004995,-0.006458870673900897,-0.006458870673900897
1.0,0.7755102040816326,0.04081632653061224,0.0004995004995004995,0.0004995004995004995,-0.006458870673900897,-0.006458870673900897
1.0,0.7755102040816326,0.061224489795918366,0.0004995004995004995,0.0004995004995004995,-0.006458870673900897,-0.006458870673900897
1.0,0.7755102040816326,0.08163265306122448,0.0004995004995004995,0.0004995004995004995,-0.006458870673900897,-0.006458870673900897
1.0,0.7755102040816326,0.1020408163265306,0.0004995004995004995,0.0004995004995004995,-0.006458870673900897,-0.006458870673900897
1.0,0.7755102040816326,0.12244897959183673,0.0004995004995004995,0.0004995004995004995,-0.006458870673900897,-0.006458870673900897
1.0,0.7755102040816326,0.14285714285714285,0.0004995004995004995,0.0004995004995004995,-0.006458870673900897,-0.006458870673900897
1.0,0.7755102040816326,0.16326530612244897,0.0004995004995004995,0.0004995004995004995,-0.006458870673900897,-0.006458870673900897
1.0,0.7755102040816326,0.18367346938775508,0.0004995004995004995,0.0004995004995004995,-0.006458870673900897,-0.006458870673900897
1.0,0.7755102040816326,0.2040816326530612,0.0004995004995004995,0.0004995004995004995,-0.006458870673900897,-0.006458870673900897
1.0,0.7755102040816326,0.22448979591836732,0.0004995004995004995,0.0004995004995004995,-0.006458870673900897,-0.006458870673900897
1.0,0.7755102040816326,0.24489795918367346,0.0004995004995004995,0.0004995004995004995,-0.006458870673900897,-0.006458870673900897
1.0,0.7755102040816326,0.26530612244897955,0.0004995004995004995,0.0004995004995004995,-0.006458870673900897,-0.006458870673900897
1.0,0.7755102040816326,0.2857142857142857,0.0004995004995004995,0.0004995004995004995,-0.006458870673900897,-0.006458870673900897
1.0,0.7755102040816326,0.3061224489795918,0.0004995004995004995,0.0004995004995004995,-0.006458870673900897,-0.006458870673900897
1.0,0.7755102040816326,0.32653061224489793,0.0004995004995004995,0.0004995004995004995,-0.006458870673900897,-0.006458870673900897
1.0,0.7755102040816326,0.3469387755102041,0.0004995004995004995,0.0004995004995004995,-0.006458870673900897,-0.006458870673900897
1.0,0.7755102040816326,0.36734693877551017,0.0004995004995004995,0.0004995004995004995,-0.006458870673900897,-0.006458870673900897
1.0,0.7755102040816326,0.3877551020408163,0.0004995004995004995,0.0004995004995004995,-0.006458870673900897,-0.006458870673900897
1.0,0.7755102040816326,0.4081632653061224,0.0004995004995004995,0.0004995004995004995,-0.006458870673900897,-0.006458870673900897
1.0,0.7755102040816326,0.42857142857142855,0.0005541048790764151,0.0005541048790764151,-0.0064042662943249815,-0.0064042662943249815
1.0,0.7755102040816326,0.44897959183673464,0.0006349145761744147,0.0006349145761744147,-0.006323456597226981,-0.006323456597226981
1.0,0.7755102040816326,0.4693877551020408,0.0007305417485480854,0.0007305417485480854,-0.006227829424853311,-0.006227829424853311
1.0,0.7755102040816326,0.4897959183673469,0.0008404267171517846,0.0008404267171517846,-0.006117944456249611,-0.006117944456249611
1.0,0.7755102040816326,0.5102040816326531,0.0009640449602712161,0.0009640449602712161,-0.00599432621313018,-0.00599432621313018
1.0,0.7755102040816326,0.5306122448979591,0.0011009081559741518,0.0011009081559741518,-0.005857463017427244,-0.005857463017427244
1.0,0.7755102040816326,0.5510204081632653,0.0012504780677323362,0.0012504780677323362,-0.00570789310566906,-0.00570789310566906
1.0,0.7755102040816326,0.5714285714285714,0.0014123118308140043,0.0014123118308140043,-0.0055460593425873915,-0.0055460593425873915
1.0,0.7755102040816326,0.5918367346938775,0.0015859513347592036,0.0015859513347592751,-0.005372419838642193,-0.005372419838642121
1.0,0.7755102040816326,0.6122448979591836,0.0017708950122410556,0.0017708950122410556,-0.00518747616116034,-0.00518747616116034
1.0,0.7755102040816326,0.6326530612244897,0.0019668041719174433,0.0019668041719174433,-0.004991567001483952,-0.004991567001483952
1.0,0.7755102040816326,0.6530612244897959,0.0021732152489193322,0.0021732152489193322,-0.004785155924482064,-0.004785155924482064
1.0,0.7755102040816326,0.673469387755102,0.0023897848660629274,0.0023897848660629274,-0.004568586307338468,-0.004568586307338468
1.0,0.7755102040816326,0.6938775510204082,0.0026160869367796206,0.0026160869367796206,-0.004342284236621776,-0.004342284236621776
1.0,0.7755102040816326,0.7142857142857142,0.002851698963554303,0.002851698963554303,-0.004106672209847093,-0.004106672209847093
1.0,0.7755102040816326,0.7346938775510203,0.0030964626015118637,0.0030964626015118637,-0.0038619085718895325,-0.0038619085718895325
1.0,0.7755102040816326,0.7551020408163265,0.0033498263465055224,0.0033498263465055224,-0.003608544826895874,-0.003608544826895874
1.0,0.7755102040816326,0.7755102040816326,0.003611520733795259,0.003611520733795259,-0.0033468504396061373,-0.0033468504396061373
1.0,0.7755102040816326,0.7959183673469387,0.003881262742348603,0.003881262742348603,-0.003077108431052793,-0.003077108431052793
1.0,0.7755102040816326,0.8163265306122448,0.0041587943214187375,0.0041587943214187375,-0.0027995768519826587,-0.0027995768519826587
1.0,0.7755102040816326,0.836734693877551,0.004443710127262877,0.004443710127262877,-0.002514661046138519,-0.002514661046138519
1.0,0.7755102040816326,0.8571428571428571,0.004735740476521889,0.004735740476521889,-0.002222630696879507,-0.002222630696879507
1.0,0.7755102040816326,0.8775510204081632,0.005034736511516286,0.005034736511516286,-0.0019236346618851105,-0.0019236346618851105
1.0,0.7755102040816326,0.8979591836734693,0.005340399826924653,0.005340399826924653,-0.0016179713464767433,-0.0016179713464767433
1.0,0.7755102040816326,0.9183673469387754,0.005652253100618105,0.005652253100618105,-0.0013061180727832909,-0.0013061180727832909
1.0,0.7755102040816326,0.9387755102040816,0.005970261409800094,0.005970261409800094,-0.000988109763601302,-0.000988109763601302
1.0,0.7755102040816326,0.9591836734693877,0.006294179612181566,0.006294179612181566,-0.0006641915612198299,-0.0006641915612198299
1.0,0.7755102040816326,0.9795918367346939,0.006623724021383949,0.006623724021384034,-0.0003346471520174468,-0.0003346471520173618
1.0,0.7755102040816326,1.0,0.006958371173401396,0.006958371173401396,0.0,0.0
1.0,0.7959183673469387,0.0,0.0004995004995004995,0.0004995004995004995,-0.006458870673900897,-0.006458870673900897
1.0,0.7959183673469387,0.02040816326530612,0.0004995004995004995,0.0004995004995004995,-0.006458870673900897,-0.006458870673900897
1.0,0.7959183673469387,0.04081632653061224,0.0004995004995004995,0.0004995004995004995,-0.006458870673900897,-0.006458870673900897
1.0,0.7959183673469387,0.061224489795918366,0.0004995004995004995,0.0004995004995004995,-0.006458870673900897,-0.006458870673900897
1.0,0.7959183673469387,0.08163265306122448,0.0004995004995004995,0.0004995004995004995,-0.006458870673900897,-0.006458870673900897
1.0,0.7959183673469387,0.1020408163265306,0.0004995004995004995,0.0004995004995004995,-0.006458870673900897,-0.006458870673900897
1.0,0.7959183673469387,0.12244897959183673,0.0004995004995004995,0.0004995004995004995,-0.006458870673900897,-0.006458870673900897
1.0,0.7959183673469387,0.14285714285714285,0.0004995004995004995,0.0004995004995004995,-0.006458870673900897,-0.006458870673900897
1.0,0.7959183673469387,0.16326530612244897,0.0004995004995004995,0.0004995004995004995,-0.006458870673900897,-0.006458870673900897
1.0,0.7959183673469387,0.18367346938775508,0.0004995004995004995,0.0004995004995004995,-0.006458870673900897,-0.006458870673900897
1.0,0.7959183673469387,0.2040816326530612,0.0004995004995004995,0.0004995004995004995,-0.006458870673900897,-0.006458870673900897
1.0,0.7959183673469387,0.22448979591836732,0.0004995004995004995,0.0004995004995004995,-0.006458870673900897,-0.006458870673900897
1.0,0.7959183673469387,0.24489795918367346,0.0004995004995004995,0.0004995004995004995,-0.006458870673900897,-0.006458870673900897
1.0,0.7959183673469387,0.26530612244897955,0.0004995004995004995,0.0004995004995004995,-0.006458870673900897,-0.006458870673900897
1.0,0.7959183673469387,0.2857142857142857,0.0004995004995004995,0.0004995004995004995,-0.006458870673900897,-0.006458870673900897
1.0,0.7959183673469387,0.3061224489795918,0.0004995004995004995,0.0004995004995004995,-0.006458870673900897,-0.006458870673900897
1.0,0.7959183673469387,0.32653061224489793,0.0004995004995004995,0.0004995004995004995,-0.006458870673900897,-0.006458870673900897
1.0,0.7959183673469387,0.3469387755102041,0.0004995004995004995,0.0004995004995004995,-0.006458870673900897,-0.006458870673900897
1.0,0.7959183673469387,0.36734693877551017,0.0004995004995004995,0.0004995004995004995,-0.006458870673900897,-0.006458870673900897
1.0,0.7959183673469387,0.3877551020408163,0.0004995004995004995,0.0004995004995004995,-0.006458870673900897,-0.006458870673900897
1.0,0.7959183673469387,0.4081632653061224,0.0004995004995004995,0.0004995004995004995,-0.006458870673900897,-0.006458870673900897
1.0,0.7959183673469387,0.42857142857142855,0.0005541048790764151,0.0005541048790764151,-0.0064042662943249815,-0.0064042662943249815
1.0,0.7959183673469387,0.44897959183673464,0.0006349145761744147,0.0006349145761744147,-0.006323456597226981,-0.006323456597226981
1.0,0.7959183673469387,0.4693877551020408,0.0007305417485480854,0.0007305417485480854,-0.006227829424853311,-0.006227829424853311
1.0,0.7959183673469387,0.4897959183673469,0.0008404267171517846,0.0008404267171517846,-0.006117944456249611,-0.006117944456249611
1.0,0.7959183673469387,0.5102040816326531,0.0009640449602712161,0.0009640449602712161,-0.00599432621313018,-0.00599432621313018
1.0,0.7959183673469387,0.5306122448979591,0.0011009081559741518,0.0011009081559741518,-0.005857463017427244,-0.005857463017427244
1.0,0.7959183673469387,0.5510204081632653,0.0012504780677323362,0.0012504780677323362,-0.00570789310566906,-0.00570789310566906
1.0,0.7959183673469387,0.5714285714285714,0.0014123118308140043,0.0014123118308140043,-0.0055460593425873915,-0.0055460593425873915
1.0,0.7959183673469387,0.5918367346938775,0.0015859513347592036,0.0015859513347592751,-0.005372419838642193,-0.005372419838642121
1.0,0.7959183673469387,0.6122448979591836,0.0017708950122410556,0.0017708950122410556,-0.00518747616116034,-0.00518747616116034
1.0,0.7959183673469387,0.6326530612244897,0.0019668041719174433,0.0019668041719174433,-0.004991567001483952,-0.004991567001483952
1.0,0.7959183673469387,0.6530612244897959,0.0021732152489193322,0.0021732152489193322,-0.004785155924482064,-0.004785155924482064
1.0,0.7959183673469387,0.673469387755102,0.0023897848660629274,0.0023897848660629274,-0.004568586307338468,-0.004568586307338468
1.0,0.7959183673469387,0.6938775510204082,0.0026160869367796206,0.0026160869367796206,-0.004342284236621776,-0.004342284236621776
1.0,0.7959183673469387,0.7142857142857142,0.002851698963554303,0.002851698963554303,-0.004106672209847093,-0.004106672209847093
1.0,0.7959183673469387,0.7346938775510203,0.0030964626015118637,0.0030964626015118637,-0.0038619085718895325,-0.0038619085718895325
1.0,0.7959183673469387,0.7551020408163265,0.0033498263465055224,0.0033498263465055224,-0.003608544826895874,-0.003608544826895874
1.0,0.7959183673469387,0.7755102040816326,0.003611520733795259,0.003611520733795259,-0.0033468504396061373,-0.0033468504396061373
1.0,0.7959183673469387,0.7959183673469387,0.003881262742348603,0.003881262742348603,-0.003077108431052793,-0.003077108431052793
1.0,0.7959183673469387,0.8163265306122448,0.0041587943214187375,0.0041587943214187375,-0.0027995768519826587,-0.0027995768519826587
1.0,0.7959183673469387,0.836734693877551,0.004443710127262877,0.004443710127262877,-0.002514661046138519,-0.002514661046138519
1.0,0.7959183673469387,0.8571428571428571,0.004735740476521889,0.004735740476521889,-0.002222630696879507,-0.002222630696879507
1.0,0.7959183673469387,0.8775510204081632,0.005034736511516286,0.005034736511516286,-0.0019236346618851105,-0.0019236346618851105
1.0,0.7959183673469387,0.8979591836734693,0.005340399826924653,0.005340399826924653,-0.0016179713464767433,-0.0016179713464767433
1.0,0.7959183673469387,0.9183673469387754,0.005652253100618105,0.005652253100618105,-0.0013061180727832909,-0.0013061180727832909
1.0,0.7959183673469387,0.9387755102040816,0.005970261409800094,0.005970261409800094,-0.000988109763601302,-0.000988109763601302
1.0,0.7959183673469387,0.9591836734693877,0.006294179612181566,0.006294179612181566,-0.0006641915612198299,-0.0006641915612198299
1.0,0.7959183673469387,0.9795918367346939,0.006623724021383949,0.006623724021384034,-0.0003346471520174468,-0.0003346471520173618
1.0,0.7959183673469387,1.0,0.006958371173401396,0.006958371173401396,0.0,0.0
1.0,0.8163265306122448,0.0,0.0004995004995004995,0.0004995004995004995,-0.006458870673900897,-0.006458870673900897
1.0,0.8163265306122448,0.02040816326530612,0.0004995004995004995,0.0004995004995004995,-0.006458870673900897,-0.006458870673900897
1.0,0.8163265306122448,0.04081632653061224,0.0004995004995004995,0.0004995004995004995,-0.006458870673900897,-0.006458870673900897
1.0,0.8163265306122448,0.061224489795918366,0.0004995004995004995,0.0004995004995004995,-0.006458870673900897,-0.006458870673900897
1.0,0.8163265306122448,0.08163265306122448,0.0004995004995004995,0.0004995004995004995,-0.006458870673900897,-0.006458870673900897
1.0,0.8163265306122448,0.1020408163265306,0.0004995004995004995,0.0004995004995004995,-0.006458870673900897,-0.006458870673900897
1.0,0.8163265306122448,0.12244897959183673,0.0004995004995004995,0.0004995004995004995,-0.006458870673900897,-0.006458870673900897
1.0,0.8163265306122448,0.14285714285714285,0.0004995004995004995,0.0004995004995004995,-0.006458870673900897,-0.006458870673900897
1.0,0.8163265306122448,0.16326530612244897,0.0004995004995004995,0.0004995004995004995,-0.006458870673900897,-0.006458870673900897
1.0,0.8163265306122448,0.18367346938775508,0.0004995004995004995,0.0004995004995004995,-0.006458870673900897,-0.006458870673900897
1.0,0.8163265306122448,0.2040816326530612,0.0004995004995004995,0.0004995004995004995,-0.006458870673900897,-0.006458870673900897
1.0,0.8163265306122448,0.22448979591836732,0.0004995004995004995,0.0004995004995004995,-0.006458870673900897,-0.006458870673900897
1.0,0.8163265306122448,0.24489795918367346,0.0004995004995004995,0.0004995004995004995,-0.006458870673900897,-0.006458870673900897
1.0,0.8163265306122448,0.26530612244897955,0.0004995004995004995,0.0004995004995004995,-0.006458870673900897,-0.006458870673900897
1.0,0.8163265306122448,0.2857142857142857,0.0004995004995004995,0.0004995004995004995,-0.006458870673900897,-0.006458870673900897
1.0,0.8163265306122448,0.3061224489795918,0.0004995004995004995,0.0004995004995004995,-0.006458870673900897,-0.006458870673900897
1.0,0.8163265306122448,0.32653061224489793,0.0004995004995004995,0.0004995004995004995,-0.006458870673900897,-0.006458870673900897
1.0,0.8163265306122448,0.3469387755102041,0.0004995004995004995,0.0004995004995004995,-0.006458870673900897,-0.006458870673900897
1.0,0.8163265306122448,0.36734693877551017,0.0004995004995004995,0.0004995004995004995,-0.006458870673900897,-0.006458870673900897
1.0,0.8163265306122448,0.3877551020408163,0.0004995004995004995,0.0004995004995004995,-0.006458870673900897,-0.006458870673900897
1.0,0.8163265306122448,0.4081632653061224,0.0004995004995004995,0.0004995004995004995,-0.006458870673900897,-0.006458870673900897
1.0,0.8163265306122448,0.42857142857142855,0.0005541048790764151,0.0005541048790764151,-0.0064042662943249815,-0.0064042662943249815
1.0,0.8163265306122448,0.44897959183673464,0.0006349145761744147,0.0006349145761744147,-0.006323456597226981,-0.006323456597226981
1.0,0.8163265306122448,0.4693877551020408,0.0007305417485480854,0.0007305417485480854,-0.006227829424853311,-0.006227829424853311
1.0,0.8163265306122448,0.4897959183673469,0.0008404267171517846,0.0008404267171517846,-0.006117944456249611,-0.006117944456249611
1.0,0.8163265306122448,0.5102040816326531,0.0009640449602712161,0.0009640449602712161,-0.00599432621313018,-0.00599432621313018
1.0,0.8163265306122448,0.5306122448979591,0.0011009081559741518,0.0011009081559741518,-0.005857463017427244,-0.005857463017427244
1.0,0.8163265306122448,0.5510204081632653,0.0012504780677323362,0.0012504780677323362,-0.00570789310566906,-0.00570789310566906
1.0,0.8163265306122448,0.5714285714285714,0.0014123118308140043,0.0014123118308140043,-0.0055460593425873915,-0.0055460593425873915
1.0,0.8163265306122448,0.5918367346938775,0.0015859513347592036,0.0015859513347592751,-0.005372419838642193,-0.005372419838642121
1.0,0.8163265306122448,0.6122448979591836,0.0017708950122410556,0.0017708950122410556,-0.00518747616116034,-0.00518747616116034
1.0,0.8163265306122448,0.6326530612244897,0.0019668041719174433,0.0019668041719174433,-0.004991567001483952,-0.004991567001483952
1.0,0.8163265306122448,0.6530612244897959,0.0021732152489193322,0.0021732152489193322,-0.004785155924482064,-0.004785155924482064
1.0,0.8163265306122448,0.673469387755102,0.0023897848660629274,0.0023897848660629274,-0.004568586307338468,-0.004568586307338468
1.0,0.8163265306122448,0.6938775510204082,0.0026160869367796206,0.0026160869367796206,-0.004342284236621776,-0.004342284236621776
1.0,0.8163265306122448,0.7142857142857142,0.002851698963554303,0.002851698963554303,-0.004106672209847093,-0.004106672209847093
1.0,0.8163265306122448,0.7346938775510203,0.0030964626015118637,0.0030964626015118637,-0.0038619085718895325,-0.0038619085718895325
1.0,0.8163265306122448,0.7551020408163265,0.0033498263465055224,0.0033498263465055224,-0.003608544826895874,-0.003608544826895874
1.0,0.8163265306122448,0.7755102040816326,0.003611520733795259,0.003611520733795259,-0.0033468504396061373,-0.0033468504396061373
1.0,0.8163265306122448,0.7959183673469387,0.003881262742348603,0.003881262742348603,-0.003077108431052793,-0.003077108431052793
1.0,0.8163265306122448,0.8163265306122448,0.0041587943214187375,0.0041587943214187375,-0.0027995768519826587,-0.0027995768519826587
1.0,0.8163265306122448,0.836734693877551,0.004443710127262877,0.004443710127262877,-0.002514661046138519,-0.002514661046138519
1.0,0.8163265306122448,0.8571428571428571,0.004735740476521889,0.004735740476521889,-0.002222630696879507,-0.002222630696879507
1.0,0.8163265306122448,0.8775510204081632,0.005034736511516286,0.005034736511516286,-0.0019236346618851105,-0.0019236346618851105
1.0,0.8163265306122448,0.8979591836734693,0.005340399826924653,0.005340399826924653,-0.0016179713464767433,-0.0016179713464767433
1.0,0.8163265306122448,0.9183673469387754,0.005652253100618105,0.005652253100618105,-0.0013061180727832909,-0.0013061180727832909
1.0,0.8163265306122448,0.9387755102040816,0.005970261409800094,0.005970261409800094,-0.000988109763601302,-0.000988109763601302
1.0,0.8163265306122448,0.9591836734693877,0.006294179612181566,0.006294179612181566,-0.0006641915612198299,-0.0006641915612198299
1.0,0.8163265306122448,0.9795918367346939,0.006623724021383949,0.006623724021384034,-0.0003346471520174468,-0.0003346471520173618
1.0,0.8163265306122448,1.0,0.006958371173401396,0.006958371173401396,0.0,0.0
1.0,0.836734693877551,0.0,0.0004995004995004995,0.0004995004995004995,-0.006458870673900897,-0.006458870673900897
1.0,0.836734693877551,0.02040816326530612,0.0004995004995004995,0.0004995004995004995,-0.006458870673900897,-0.006458870673900897
1.0,0.836734693877551,0.04081632653061224,0.0004995004995004995,0.0004995004995004995,-0.006458870673900897,-0.006458870673900897
1.0,0.836734693877551,0.061224489795918366,0.0004995004995004995,0.0004995004995004995,-0.006458870673900897,-0.006458870673900897
1.0,0.836734693877551,0.08163265306122448,0.0004995004995004995,0.0004995004995004995,-0.006458870673900897,-0.006458870673900897
1.0,0.836734693877551,0.1020408163265306,0.0004995004995004995,0.0004995004995004995,-0.006458870673900897,-0.006458870673900897
1.0,0.836734693877551,0.12244897959183673,0.0004995004995004995,0.0004995004995004995,-0.006458870673900897,-0.006458870673900897
1.0,0.836734693877551,0.14285714285714285,0.0004995004995004995,0.0004995004995004995,-0.006458870673900897,-0.006458870673900897
1.0,0.836734693877551,0.16326530612244897,0.0004995004995004995,0.0004995004995004995,-0.006458870673900897,-0.006458870673900897
1.0,0.836734693877551,0.18367346938775508,0.0004995004995004995,0.0004995004995004995,-0.006458870673900897,-0.006458870673900897
1.0,0.836734693877551,0.2040816326530612,0.0004995004995004995,0.0004995004995004995,-0.006458870673900897,-0.006458870673900897
1.0,0.836734693877551,0.22448979591836732,0.0004995004995004995,0.0004995004995004995,-0.006458870673900897,-0.006458870673900897
1.0,0.836734693877551,0.24489795918367346,0.0004995004995004995,0.0004995004995004995,-0.006458870673900897,-0.006458870673900897
1.0,0.836734693877551,0.26530612244897955,0.0004995004995004995,0.0004995004995004995,-0.006458870673900897,-0.006458870673900897
1.0,0.836734693877551,0.2857142857142857,0.0004995004995004995,0.0004995004995004995,-0.006458870673900897,-0.006458870673900897
1.0,0.836734693877551,0.3061224489795918,0.0004995004995004995,0.0004995004995004995,-0.006458870673900897,-0.006458870673900897
1.0,0.836734693877551,0.32653061224489793,0.0004995004995004995,0.0004995004995004995,-0.006458870673900897,-0.006458870673900897
1.0,0.836734693877551,0.3469387755102041,0.0004995004995004995,0.0004995004995004995,-0.006458870673900897,-0.006458870673900897
1.0,0.836734693877551,0.36734693877551017,0.0004995004995004995,0.0004995004995004995,-0.006458870673900897,-0.006458870673900897
1.0,0.836734693877551,0.3877551020408163,0.0004995004995004995,0.0004995004995004995,-0.006458870673900897,-0.006458870673900897
1.0,0.836734693877551,0.4081632653061224,0.0004995004995004995,0.0004995004995004995,-0.006458870673900897,-0.006458870673900897
1.0,0.836734693877551,0.42857142857142855,0.0005541048790764151,0.0005541048790764151,-0.0064042662943249815,-0.0064042662943249815
1.0,0.836734693877551,0.44897959183673464,0.0006349145761744147,0.0006349145761744147,-0.006323456597226981,-0.006323456597226981
1.0,0.836734693877551,0.4693877551020408,0.0007305417485480854,0.0007305417485480854,-0.006227829424853311,-0.006227829424853311
1.0,0.836734693877551,0.4897959183673469,0.0008404267171517846,0.0008404267171517846,-0.006117944456249611,-0.006117944456249611
1.0,0.836734693877551,0.5102040816326531,0.0009640449602712161,0.0009640449602712161,-0.00599432621313018,-0.00599432621313018
1.0,0.836734693877551,0.5306122448979591,0.0011009081559741518,0.0011009081559741518,-0.005857463017427244,-0.005857463017427244
1.0,0.836734693877551,0.5510204081632653,0.0012504780677323362,0.0012504780677323362,-0.00570789310566906,-0.00570789310566906
1.0,0.836734693877551,0.5714285714285714,0.0014123118308140043,0.0014123118308140043,-0.0055460593425873915,-0.0055460593425873915
1.0,0.836734693877551,0.5918367346938775,0.0015859513347592036,0.0015859513347592751,-0.005372419838642193,-0.005372419838642121
1.0,0.836734693877551,0.6122448979591836,0.0017708950122410556,0.0017708950122410556,-0.00518747616116034,-0.00518747616116034
1.0,0.836734693877551,0.6326530612244897,0.0019668041719174433,0.0019668041719174433,-0.004991567001483952,-0.004991567001483952
1.0,0.836734693877551,0.6530612244897959,0.0021732152489193322,0.0021732152489193322,-0.004785155924482064,-0.004785155924482064
1.0,0.836734693877551,0.673469387755102,0.0023897848660629274,0.0023897848660629274,-0.004568586307338468,-0.004568586307338468
1.0,0.836734693877551,0.6938775510204082,0.0026160869367796206,0.0026160869367796206,-0.004342284236621776,-0.004342284236621776
1.0,0.836734693877551,0.7142857142857142,0.002851698963554303,0.002851698963554303,-0.004106672209847093,-0.004106672209847093
1.0,0.836734693877551,0.7346938775510203,0.0030964626015118637,0.0030964626015118637,-0.0038619085718895325,-0.0038619085718895325
1.0,0.836734693877551,0.7551020408163265,0.0033498263465055224,0.0033498263465055224,-0.003608544826895874,-0.003608544826895874
1.0,0.836734693877551,0.7755102040816326,0.003611520733795259,0.003611520733795259,-0.0033468504396061373,-0.0033468504396061373
1.0,0.836734693877551,0.7959183673469387,0.003881262742348603,0.003881262742348603,-0.003077108431052793,-0.003077108431052793
1.0,0.836734693877551,0.8163265306122448,0.0041587943214187375,0.0041587943214187375,-0.0027995768519826587,-0.0027995768519826587
1.0,0.836734693877551,0.836734693877551,0.004443710127262877,0.004443710127262877,-0.002514661046138519,-0.002514661046138519
1.0,0.836734693877551,0.8571428571428571,0.004735740476521889,0.004735740476521889,-0.002222630696879507,-0.002222630696879507
1.0,0.836734693877551,0.8775510204081632,0.005034736511516286,0.005034736511516286,-0.0019236346618851105,-0.0019236346618851105
1.0,0.836734693877551,0.8979591836734693,0.005340399826924653,0.005340399826924653,-0.0016179713464767433,-0.0016179713464767433
1.0,0.836734693877551,0.9183673469387754,0.005652253100618105,0.005652253100618105,-0.0013061180727832909,-0.0013061180727832909
1.0,0.836734693877551,0.9387755102040816,0.005970261409800094,0.005970261409800094,-0.000988109763601302,-0.000988109763601302
1.0,0.836734693877551,0.9591836734693877,0.006294179612181566,0.006294179612181566,-0.0006641915612198299,-0.0006641915612198299
1.0,0.836734693877551,0.9795918367346939,0.006623724021383949,0.006623724021384034,-0.0003346471520174468,-0.0003346471520173618
1.0,0.836734693877551,1.0,0.006958371173401396,0.006958371173401396,0.0,0.0
1.0,0.8571428571428571,0.0,0.0004995004995004995,0.0004995004995004995,-0.006458870673900897,-0.006458870673900897
1.0,0.8571428571428571,0.02040816326530612,0.0004995004995004995,0.0004995004995004995,-0.006458870673900897,-0.006458870673900897
1.0,0.8571428571428571,0.04081632653061224,0.0004995004995004995,0.0004995004995004995,-0.006458870673900897,-0.006458870673900897
1.0,0.8571428571428571,0.061224489795918366,0.0004995004995004995,0.0004995004995004995,-0.006458870673900897,-0.006458870673900897
1.0,0.8571428571428571,0.08163265306122448,0.0004995004995004995,0.0004995004995004995,-0.006458870673900897,-0.006458870673900897
1.0,0.8571428571428571,0.1020408163265306,0.0004995004995004995,0.0004995004995004995,-0.006458870673900897,-0.006458870673900897
1.0,0.8571428571428571,0.12244897959183673,0.0004995004995004995,0.0004995004995004995,-0.006458870673900897,-0.006458870673900897
1.0,0.8571428571428571,0.14285714285714285,0.0004995004995004995,0.0004995004995004995,-0.006458870673900897,-0.006458870673900897
1.0,0.8571428571428571,0.16326530612244897,0.0004995004995004995,0.0004995004995004995,-0.006458870673900897,-0.006458870673900897
1.0,0.8571428571428571,0.18367346938775508,0.0004995004995004995,0.0004995004995004995,-0.006458870673900897,-0.006458870673900897
1.0,0.8571428571428571,0.2040816326530612,0.0004995004995004995,0.0004995004995004995,-0.006458870673900897,-0.006458870673900897
1.0,0.8571428571428571,0.22448979591836732,0.0004995004995004995,0.0004995004995004995,-0.006458870673900897,-0.006458870673900897
1.0,0.8571428571428571,0.24489795918367346,0.0004995004995004995,0.0004995004995004995,-0.006458870673900897,-0.006458870673900897
1.0,0.8571428571428571,0.26530612244897955,0.0004995004995004995,0.0004995004995004995,-0.006458870673900897,-0.006458870673900897
1.0,0.8571428571428571,0.2857142857142857,0.0004995004995004995,0.0004995004995004995,-0.006458870673900897,-0.006458870673900897
1.0,0.8571428571428571,0.3061224489795918,0.0004995004995004995,0.0004995004995004995,-0.006458870673900897,-0.006458870673900897
1.0,0.8571428571428571,0.32653061224489793,0.0004995004995004995,0.0004995004995004995,-0.006458870673900897,-0.006458870673900897
1.0,0.8571428571428571,0.3469387755102041,0.0004995004995004995,0.0004995004995004995,-0.006458870673900897,-0.006458870673900897
1.0,0.8571428571428571,0.36734693877551017,0.0004995004995004995,0.0004995004995004995,-0.006458870673900897,-0.006458870673900897
1.0,0.8571428571428571,0.3877551020408163,0.0004995004995004995,0.0004995004995004995,-0.006458870673900897,-0.006458870673900897
1.0,0.8571428571428571,0.4081632653061224,0.0004995004995004995,0.0004995004995004995,-0.006458870673900897,-0.006458870673900897
1.0,0.8571428571428571,0.42857142857142855,0.0005541048790764151,0.0005541048790764151,-0.0064042662943249815,-0.0064042662943249815
1.0,0.8571428571428571,0.44897959183673464,0.0006349145761744147,0.0006349145761744147,-0.006323456597226981,-0.006323456597226981
1.0,0.8571428571428571,0.4693877551020408,0.0007305417485480854,0.0007305417485480854,-0.006227829424853311,-0.006227829424853311
1.0,0.8571428571428571,0.4897959183673469,0.0008404267171517846,0.0008404267171517846,-0.006117944456249611,-0.006117944456249611
1.0,0.8571428571428571,0.5102040816326531,0.0009640449602712161,0.0009640449602712161,-0.00599432621313018,-0.00599432621313018
1.0,0.8571428571428571,0.5306122448979591,0.0011009081559741518,0.0011009081559741518,-0.005857463017427244,-0.005857463017427244
1.0,0.8571428571428571,0.5510204081632653,0.0012504780677323362,0.0012504780677323362,-0.00570789310566906,-0.00570789310566906
1.0,0.8571428571428571,0.5714285714285714,0.0014123118308140043,0.0014123118308140043,-0.0055460593425873915,-0.0055460593425873915
1.0,0.8571428571428571,0.5918367346938775,0.0015859513347592036,0.0015859513347592751,-0.005372419838642193,-0.005372419838642121
1.0,0.8571428571428571,0.6122448979591836,0.0017708950122410556,0.0017708950122410556,-0.00518747616116034,-0.00518747616116034
1.0,0.8571428571428571,0.6326530612244897,0.0019668041719174433,0.0019668041719174433,-0.004991567001483952,-0.004991567001483952
1.0,0.8571428571428571,0.6530612244897959,0.0021732152489193322,0.0021732152489193322,-0.004785155924482064,-0.004785155924482064
1.0,0.8571428571428571,0.673469387755102,0.0023897848660629274,0.0023897848660629274,-0.004568586307338468,-0.004568586307338468
1.0,0.8571428571428571,0.6938775510204082,0.0026160869367796206,0.0026160869367796206,-0.004342284236621776,-0.004342284236621776
1.0,0.8571428571428571,0.7142857142857142,0.002851698963554303,0.002851698963554303,-0.004106672209847093,-0.004106672209847093
1.0,0.8571428571428571,0.7346938775510203,0.0030964626015118637,0.0030964626015118637,-0.0038619085718895325,-0.0038619085718895325
1.0,0.8571428571428571,0.7551020408163265,0.0033498263465055224,0.0033498263465055224,-0.003608544826895874,-0.003608544826895874
1.0,0.8571428571428571,0.7755102040816326,0.003611520733795259,0.003611520733795259,-0.0033468504396061373,-0.0033468504396061373
1.0,0.8571428571428571,0.7959183673469387,0.003881262742348603,0.003881262742348603,-0.003077108431052793,-0.003077108431052793
1.0,0.8571428571428571,0.8163265306122448,0.0041587943214187375,0.0041587943214187375,-0.0027995768519826587,-0.0027995768519826587
1.0,0.8571428571428571,0.836734693877551,0.004443710127262877,0.004443710127262877,-0.002514661046138519,-0.002514661046138519
1.0,0.8571428571428571,0.8571428571428571,0.004735740476521889,0.004735740476521889,-0.002222630696879507,-0.002222630696879507
1.0,0.8571428571428571,0.8775510204081632,0.005034736511516286,0.005034736511516286,-0.0019236346618851105,-0.0019236346618851105
1.0,0.8571428571428571,0.8979591836734693,0.005340399826924653,0.005340399826924653,-0.0016179713464767433,-0.0016179713464767433
1.0,0.8571428571428571,0.9183673469387754,0.005652253100618105,0.005652253100618105,-0.0013061180727832909,-0.0013061180727832909
1.0,0.8571428571428571,0.9387755102040816,0.005970261409800094,0.005970261409800094,-0.000988109763601302,-0.000988109763601302
1.0,0.8571428571428571,0.9591836734693877,0.006294179612181566,0.006294179612181566,-0.0006641915612198299,-0.0006641915612198299
1.0,0.8571428571428571,0.9795918367346939,0.006623724021383949,0.006623724021384034,-0.0003346471520174468,-0.0003346471520173618
1.0,0.8571428571428571,1.0,0.006958371173401396,0.006958371173401396,0.0,0.0
1.0,0.8775510204081632,0.0,0.0004995004995004995,0.0004995004995004995,-0.006458870673900897,-0.006458870673900897
1.0,0.8775510204081632,0.02040816326530612,0.0004995004995004995,0.0004995004995004995,-0.006458870673900897,-0.006458870673900897
1.0,0.8775510204081632,0.04081632653061224,0.0004995004995004995,0.0004995004995004995,-0.006458870673900897,-0.006458870673900897
1.0,0.8775510204081632,0.061224489795918366,0.0004995004995004995,0.0004995004995004995,-0.006458870673900897,-0.006458870673900897
1.0,0.8775510204081632,0.08163265306122448,0.0004995004995004995,0.0004995004995004995,-0.006458870673900897,-0.006458870673900897
1.0,0.8775510204081632,0.1020408163265306,0.0004995004995004995,0.0004995004995004995,-0.006458870673900897,-0.006458870673900897
1.0,0.8775510204081632,0.12244897959183673,0.0004995004995004995,0.0004995004995004995,-0.006458870673900897,-0.006458870673900897
1.0,0.8775510204081632,0.14285714285714285,0.0004995004995004995,0.0004995004995004995,-0.006458870673900897,-0.006458870673900897
1.0,0.8775510204081632,0.16326530612244897,0.0004995004995004995,0.0004995004995004995,-0.006458870673900897,-0.006458870673900897
1.0,0.8775510204081632,0.18367346938775508,0.0004995004995004995,0.0004995004995004995,-0.006458870673900897,-0.006458870673900897
1.0,0.8775510204081632,0.2040816326530612,0.0004995004995004995,0.0004995004995004995,-0.006458870673900897,-0.006458870673900897
1.0,0.8775510204081632,0.22448979591836732,0.0004995004995004995,0.0004995004995004995,-0.006458870673900897,-0.006458870673900897
1.0,0.8775510204081632,0.24489795918367346,0.0004995004995004995,0.0004995004995004995,-0.006458870673900897,-0.006458870673900897
1.0,0.8775510204081632,0.26530612244897955,0.0004995004995004995,0.0004995004995004995,-0.006458870673900897,-0.006458870673900897
1.0,0.8775510204081632,0.2857142857142857,0.0004995004995004995,0.0004995004995004995,-0.006458870673900897,-0.006458870673900897
1.0,0.8775510204081632,0.3061224489795918,0.0004995004995004995,0.0004995004995004995,-0.006458870673900897,-0.006458870673900897
1.0,0.8775510204081632,0.32653061224489793,0.0004995004995004995,0.0004995004995004995,-0.006458870673900897,-0.006458870673900897
1.0,0.8775510204081632,0.3469387755102041,0.0004995004995004995,0.0004995004995004995,-0.006458870673900897,-0.006458870673900897
1.0,0.8775510204081632,0.36734693877551017,0.0004995004995004995,0.0004995004995004995,-0.006458870673900897,-0.006458870673900897
1.0,0.8775510204081632,0.3877551020408163,0.0004995004995004995,0.0004995004995004995,-0.006458870673900897,-0.006458870673900897
1.0,0.8775510204081632,0.4081632653061224,0.0004995004995004995,0.0004995004995004995,-0.006458870673900897,-0.006458870673900897
1.0,0.8775510204081632,0.42857142857142855,0.0005541048790764151,0.0005541048790764151,-0.0064042662943249815,-0.0064042662943249815
1.0,0.8775510204081632,0.44897959183673464,0.0006349145761744147,0.0006349145761744147,-0.006323456597226981,-0.006323456597226981
1.0,0.8775510204081632,0.4693877551020408,0.0007305417485480854,0.0007305417485480854,-0.006227829424853311,-0.006227829424853311
1.0,0.8775510204081632,0.4897959183673469,0.0008404267171517846,0.0008404267171517846,-0.006117944456249611,-0.006117944456249611
1.0,0.8775510204081632,0.5102040816326531,0.0009640449602712161,0.0009640449602712161,-0.00599432621313018,-0.00599432621313018
1.0,0.8775510204081632,0.5306122448979591,0.0011009081559741518,0.0011009081559741518,-0.005857463017427244,-0.005857463017427244
1.0,0.8775510204081632,0.5510204081632653,0.0012504780677323362,0.0012504780677323362,-0.00570789310566906,-0.00570789310566906
1.0,0.8775510204081632,0.5714285714285714,0.0014123118308140043,0.0014123118308140043,-0.0055460593425873915,-0.0055460593425873915
1.0,0.8775510204081632,0.5918367346938775,0.0015859513347592036,0.0015859513347592751,-0.005372419838642193,-0.005372419838642121
1.0,0.8775510204081632,0.6122448979591836,0.0017708950122410556,0.0017708950122410556,-0.00518747616116034,-0.00518747616116034
1.0,0.8775510204081632,0.6326530612244897,0.0019668041719174433,0.0019668041719174433,-0.004991567001483952,-0.004991567001483952
1.0,0.8775510204081632,0.6530612244897959,0.0021732152489193322,0.0021732152489193322,-0.004785155924482064,-0.004785155924482064
1.0,0.8775510204081632,0.673469387755102,0.0023897848660629274,0.0023897848660629274,-0.004568586307338468,-0.004568586307338468
1.0,0.8775510204081632,0.6938775510204082,0.0026160869367796206,0.0026160869367796206,-0.004342284236621776,-0.004342284236621776
1.0,0.8775510204081632,0.7142857142857142,0.002851698963554303,0.002851698963554303,-0.004106672209847093,-0.004106672209847093
1.0,0.8775510204081632,0.7346938775510203,0.0030964626015118637,0.0030964626015118637,-0.0038619085718895325,-0.0038619085718895325
1.0,0.8775510204081632,0.7551020408163265,0.0033498263465055224,0.0033498263465055224,-0.003608544826895874,-0.003608544826895874
1.0,0.8775510204081632,0.7755102040816326,0.003611520733795259,0.003611520733795259,-0.0033468504396061373,-0.0033468504396061373
1.0,0.8775510204081632,0.7959183673469387,0.003881262742348603,0.003881262742348603,-0.003077108431052793,-0.003077108431052793
1.0,0.8775510204081632,0.8163265306122448,0.0041587943214187375,0.0041587943214187375,-0.0027995768519826587,-0.0027995768519826587
1.0,0.8775510204081632,0.836734693877551,0.004443710127262877,0.004443710127262877,-0.002514661046138519,-0.002514661046138519
1.0,0.8775510204081632,0.8571428571428571,0.004735740476521889,0.004735740476521889,-0.002222630696879507,-0.002222630696879507
1.0,0.8775510204081632,0.8775510204081632,0.005034736511516286,0.005034736511516286,-0.0019236346618851105,-0.0019236346618851105
1.0,0.8775510204081632,0.8979591836734693,0.005340399826924653,0.005340399826924653,-0.0016179713464767433,-0.0016179713464767433
1.0,0.8775510204081632,0.9183673469387754,0.005652253100618105,0.005652253100618105,-0.0013061180727832909,-0.0013061180727832909
1.0,0.8775510204081632,0.9387755102040816,0.005970261409800094,0.005970261409800094,-0.000988109763601302,-0.000988109763601302
1.0,0.8775510204081632,0.9591836734693877,0.006294179612181566,0.006294179612181566,-0.0006641915612198299,-0.0006641915612198299
1.0,0.8775510204081632,0.9795918367346939,0.006623724021383949,0.006623724021384034,-0.0003346471520174468,-0.0003346471520173618
1.0,0.8775510204081632,1.0,0.006958371173401396,0.006958371173401396,0.0,0.0
1.0,0.8979591836734693,0.0,0.0004995004995004995,0.0004995004995004995,-0.006458870673900897,-0.006458870673900897
1.0,0.8979591836734693,0.02040816326530612,0.0004995004995004995,0.0004995004995004995,-0.006458870673900897,-0.006458870673900897
1.0,0.8979591836734693,0.04081632653061224,0.0004995004995004995,0.0004995004995004995,-0.006458870673900897,-0.006458870673900897
1.0,0.8979591836734693,0.061224489795918366,0.0004995004995004995,0.0004995004995004995,-0.006458870673900897,-0.006458870673900897
1.0,0.8979591836734693,0.08163265306122448,0.0004995004995004995,0.0004995004995004995,-0.006458870673900897,-0.006458870673900897
1.0,0.8979591836734693,0.1020408163265306,0.0004995004995004995,0.0004995004995004995,-0.006458870673900897,-0.006458870673900897
1.0,0.8979591836734693,0.12244897959183673,0.0004995004995004995,0.0004995004995004995,-0.006458870673900897,-0.006458870673900897
1.0,0.8979591836734693,0.14285714285714285,0.0004995004995004995,0.0004995004995004995,-0.006458870673900897,-0.006458870673900897
1.0,0.8979591836734693,0.16326530612244897,0.0004995004995004995,0.0004995004995004995,-0.006458870673900897,-0.006458870673900897
1.0,0.8979591836734693,0.18367346938775508,0.0004995004995004995,0.0004995004995004995,-0.006458870673900897,-0.006458870673900897
1.0,0.8979591836734693,0.2040816326530612,0.0004995004995004995,0.0004995004995004995,-0.006458870673900897,-0.006458870673900897
1.0,0.8979591836734693,0.22448979591836732,0.0004995004995004995,0.0004995004995004995,-0.006458870673900897,-0.006458870673900897
1.0,0.8979591836734693,0.24489795918367346,0.0004995004995004995,0.0004995004995004995,-0.006458870673900897,-0.006458870673900897
1.0,0.8979591836734693,0.26530612244897955,0.0004995004995004995,0.0004995004995004995,-0.006458870673900897,-0.006458870673900897
1.0,0.8979591836734693,0.2857142857142857,0.0004995004995004995,0.0004995004995004995,-0.006458870673900897,-0.006458870673900897
1.0,0.8979591836734693,0.3061224489795918,0.0004995004995004995,0.0004995004995004995,-0.006458870673900897,-0.006458870673900897
1.0,0.8979591836734693,0.32653061224489793,0.0004995004995004995,0.0004995004995004995,-0.006458870673900897,-0.006458870673900897
1.0,0.8979591836734693,0.3469387755102041,0.0004995004995004995,0.0004995004995004995,-0.006458870673900897,-0.006458870673900897
1.0,0.8979591836734693,0.36734693877551017,0.0004995004995004995,0.0004995004995004995,-0.006458870673900897,-0.006458870673900897
1.0,0.8979591836734693,0.3877551020408163,0.0004995004995004995,0.0004995004995004995,-0.006458870673900897,-0.006458870673900897
1.0,0.8979591836734693,0.4081632653061224,0.0004995004995004995,0.0004995004995004995,-0.006458870673900897,-0.006458870673900897
1.0,0.8979591836734693,0.42857142857142855,0.0005541048790764151,0.0005541048790764151,-0.0064042662943249815,-0.0064042662943249815
1.0,0.8979591836734693,0.44897959183673464,0.0006349145761744147,0.0006349145761744147,-0.006323456597226981,-0.006323456597226981
1.0,0.8979591836734693,0.4693877551020408,0.0007305417485480854,0.0007305417485480854,-0.006227829424853311,-0.006227829424853311
1.0,0.8979591836734693,0.4897959183673469,0.0008404267171517846,0.0008404267171517846,-0.006117944456249611,-0.006117944456249611
1.0,0.8979591836734693,0.5102040816326531,0.0009640449602712161,0.0009640449602712161,-0.00599432621313018,-0.00599432621313018
1.0,0.8979591836734693,0.5306122448979591,0.0011009081559741518,0.0011009081559741518,-0.005857463017427244,-0.005857463017427244
1.0,0.8979591836734693,0.5510204081632653,0.0012504780677323362,0.0012504780677323362,-0.00570789310566906,-0.00570789310566906
1.0,0.8979591836734693,0.5714285714285714,0.0014123118308140043,0.0014123118308140043,-0.0055460593425873915,-0.0055460593425873915
1.0,0.8979591836734693,0.5918367346938775,0.0015859513347592036,0.0015859513347592751,-0.005372419838642193,-0.005372419838642121
1.0,0.8979591836734693,0.6122448979591836,0.0017708950122410556,0.0017708950122410556,-0.00518747616116034,-0.00518747616116034
1.0,0.8979591836734693,0.6326530612244897,0.0019668041719174433,0.0019668041719174433,-0.004991567001483952,-0.004991567001483952
1.0,0.8979591836734693,0.6530612244897959,0.0021732152489193322,0.0021732152489193322,-0.004785155924482064,-0.004785155924482064
1.0,0.8979591836734693,0.673469387755102,0.0023897848660629274,0.0023897848660629274,-0.004568586307338468,-0.004568586307338468
1.0,0.8979591836734693,0.6938775510204082,0.0026160869367796206,0.0026160869367796206,-0.004342284236621776,-0.004342284236621776
1.0,0.8979591836734693,0.7142857142857142,0.002851698963554303,0.002851698963554303,-0.004106672209847093,-0.004106672209847093
1.0,0.8979591836734693,0.7346938775510203,0.0030964626015118637,0.0030964626015118637,-0.0038619085718895325,-0.0038619085718895325
1.0,0.8979591836734693,0.7551020408163265,0.0033498263465055224,0.0033498263465055224,-0.003608544826895874,-0.003608544826895874
1.0,0.8979591836734693,0.7755102040816326,0.003611520733795259,0.003611520733795259,-0.0033468504396061373,-0.0033468504396061373
1.0,0.8979591836734693,0.7959183673469387,0.003881262742348603,0.003881262742348603,-0.003077108431052793,-0.003077108431052793
1.0,0.8979591836734693,0.8163265306122448,0.0041587943214187375,0.0041587943214187375,-0.0027995768519826587,-0.0027995768519826587
1.0,0.8979591836734693,0.836734693877551,0.004443710127262877,0.004443710127262877,-0.002514661046138519,-0.002514661046138519
1.0,0.8979591836734693,0.8571428571428571,0.004735740476521889,0.004735740476521889,-0.002222630696879507,-0.002222630696879507
1.0,0.8979591836734693,0.8775510204081632,0.005034736511516286,0.005034736511516286,-0.0019236346618851105,-0.0019236346618851105
1.0,0.8979591836734693,0.8979591836734693,0.005340399826924653,0.005340399826924653,-0.0016179713464767433,-0.0016179713464767433
1.0,0.8979591836734693,0.9183673469387754,0.005652253100618105,0.005652253100618105,-0.0013061180727832909,-0.0013061180727832909
1.0,0.8979591836734693,0.9387755102040816,0.005970261409800094,0.005970261409800094,-0.000988109763601302,-0.000988109763601302
1.0,0.8979591836734693,0.9591836734693877,0.006294179612181566,0.006294179612181566,-0.0006641915612198299,-0.0006641915612198299
1.0,0.8979591836734693,0.9795918367346939,0.006623724021383949,0.006623724021384034,-0.0003346471520174468,-0.0003346471520173618
1.0,0.8979591836734693,1.0,0.006958371173401396,0.006958371173401396,0.0,0.0
1.0,0.9183673469387754,0.0,0.0004995004995004995,0.0004995004995004995,-0.006458870673900897,-0.006458870673900897
1.0,0.9183673469387754,0.02040816326530612,0.0004995004995004995,0.0004995004995004995,-0.006458870673900897,-0.006458870673900897
1.0,0.9183673469387754,0.04081632653061224,0.0004995004995004995,0.0004995004995004995,-0.006458870673900897,-0.006458870673900897
1.0,0.9183673469387754,0.061224489795918366,0.0004995004995004995,0.0004995004995004995,-0.006458870673900897,-0.006458870673900897
1.0,0.9183673469387754,0.08163265306122448,0.0004995004995004995,0.0004995004995004995,-0.006458870673900897,-0.006458870673900897
1.0,0.9183673469387754,0.1020408163265306,0.0004995004995004995,0.0004995004995004995,-0.006458870673900897,-0.006458870673900897
1.0,0.9183673469387754,0.12244897959183673,0.0004995004995004995,0.0004995004995004995,-0.006458870673900897,-0.006458870673900897
1.0,0.9183673469387754,0.14285714285714285,0.0004995004995004995,0.0004995004995004995,-0.006458870673900897,-0.006458870673900897
1.0,0.9183673469387754,0.16326530612244897,0.0004995004995004995,0.0004995004995004995,-0.006458870673900897,-0.006458870673900897
1.0,0.9183673469387754,0.18367346938775508,0.0004995004995004995,0.0004995004995004995,-0.006458870673900897,-0.006458870673900897
1.0,0.9183673469387754,0.2040816326530612,0.0004995004995004995,0.0004995004995004995,-0.006458870673900897,-0.006458870673900897
1.0,0.9183673469387754,0.22448979591836732,0.0004995004995004995,0.0004995004995004995,-0.006458870673900897,-0.006458870673900897
1.0,0.9183673469387754,0.24489795918367346,0.0004995004995004995,0.0004995004995004995,-0.006458870673900897,-0.006458870673900897
1.0,0.9183673469387754,0.26530612244897955,0.0004995004995004995,0.0004995004995004995,-0.006458870673900897,-0.006458870673900897
1.0,0.9183673469387754,0.2857142857142857,0.0004995004995004995,0.0004995004995004995,-0.006458870673900897,-0.006458870673900897
1.0,0.9183673469387754,0.3061224489795918,0.0004995004995004995,0.0004995004995004995,-0.006458870673900897,-0.006458870673900897
1.0,0.9183673469387754,0.32653061224489793,0.0004995004995004995,0.0004995004995004995,-0.006458870673900897,-0.006458870673900897
1.0,0.9183673469387754,0.3469387755102041,0.0004995004995004995,0.0004995004995004995,-0.006458870673900897,-0.006458870673900897
1.0,0.9183673469387754,0.36734693877551017,0.0004995004995004995,0.0004995004995004995,-0.006458870673900897,-0.006458870673900897
1.0,0.9183673469387754,0.3877551020408163,0.0004995004995004995,0.0004995004995004995,-0.006458870673900897,-0.006458870673900897
1.0,0.9183673469387754,0.4081632653061224,0.0004995004995004995,0.0004995004995004995,-0.006458870673900897,-0.006458870673900897
1.0,0.9183673469387754,0.42857142857142855,0.0005541048790764151,0.0005541048790764151,-0.0064042662943249815,-0.0064042662943249815
1.0,0.9183673469387754,0.44897959183673464,0.0006349145761744147,0.0006349145761744147,-0.006323456597226981,-0.006323456597226981
1.0,0.9183673469387754,0.4693877551020408,0.0007305417485480854,0.0007305417485480854,-0.006227829424853311,-0.006227829424853311
1.0,0.9183673469387754,0.4897959183673469,0.0008404267171517846,0.0008404267171517846,-0.006117944456249611,-0.006117944456249611
1.0,0.9183673469387754,0.5102040816326531,0.0009640449602712161,0.0009640449602712161,-0.00599432621313018,-0.00599432621313018
1.0,0.9183673469387754,0.5306122448979591,0.0011009081559741518,0.0011009081559741518,-0.005857463017427244,-0.005857463017427244
1.0,0.9183673469387754,0.5510204081632653,0.0012504780677323362,0.0012504780677323362,-0.00570789310566906,-0.00570789310566906
1.0,0.9183673469387754,0.5714285714285714,0.0014123118308140043,0.0014123118308140043,-0.0055460593425873915,-0.0055460593425873915
1.0,0.9183673469387754,0.5918367346938775,0.0015859513347592036,0.0015859513347592751,-0.005372419838642193,-0.005372419838642121
1.0,0.9183673469387754,0.6122448979591836,0.0017708950122410556,0.0017708950122410556,-0.00518747616116034,-0.00518747616116034
1.0,0.9183673469387754,0.6326530612244897,0.0019668041719174433,0.0019668041719174433,-0.004991567001483952,-0.004991567001483952
1.0,0.9183673469387754,0.6530612244897959,0.0021732152489193322,0.0021732152489193322,-0.004785155924482064,-0.004785155924482064
1.0,0.9183673469387754,0.673469387755102,0.0023897848660629274,0.0023897848660629274,-0.004568586307338468,-0.004568586307338468
1.0,0.9183673469387754,0.6938775510204082,0.0026160869367796206,0.0026160869367796206,-0.004342284236621776,-0.004342284236621776
1.0,0.9183673469387754,0.7142857142857142,0.002851698963554303,0.002851698963554303,-0.004106672209847093,-0.004106672209847093
1.0,0.9183673469387754,0.7346938775510203,0.0030964626015118637,0.0030964626015118637,-0.0038619085718895325,-0.0038619085718895325
1.0,0.9183673469387754,0.7551020408163265,0.0033498263465055224,0.0033498263465055224,-0.003608544826895874,-0.003608544826895874
1.0,0.9183673469387754,0.7755102040816326,0.003611520733795259,0.003611520733795259,-0.0033468504396061373,-0.0033468504396061373
1.0,0.9183673469387754,0.7959183673469387,0.003881262742348603,0.003881262742348603,-0.003077108431052793,-0.003077108431052793
1.0,0.9183673469387754,0.8163265306122448,0.0041587943214187375,0.0041587943214187375,-0.0027995768519826587,-0.0027995768519826587
1.0,0.9183673469387754,0.836734693877551,0.004443710127262877,0.004443710127262877,-0.002514661046138519,-0.002514661046138519
1.0,0.9183673469387754,0.8571428571428571,0.004735740476521889,0.004735740476521889,-0.002222630696879507,-0.002222630696879507
1.0,0.9183673469387754,0.8775510204081632,0.005034736511516286,0.005034736511516286,-0.0019236346618851105,-0.0019236346618851105
1.0,0.9183673469387754,0.8979591836734693,0.005340399826924653,0.005340399826924653,-0.0016179713464767433,-0.0016179713464767433
1.0,0.9183673469387754,0.9183673469387754,0.005652253100618105,0.005652253100618105,-0.0013061180727832909,-0.0013061180727832909
1.0,0.9183673469387754,0.9387755102040816,0.005970261409800094,0.005970261409800094,-0.000988109763601302,-0.000988109763601302
1.0,0.9183673469387754,0.9591836734693877,0.006294179612181566,0.006294179612181566,-0.0006641915612198299,-0.0006641915612198299
1.0,0.9183673469387754,0.9795918367346939,0.006623724021383949,0.006623724021384034,-0.0003346471520174468,-0.0003346471520173618
1.0,0.9183673469387754,1.0,0.006958371173401396,0.006958371173401396,0.0,0.0
1.0,0.9387755102040816,0.0,0.0004995004995004995,0.0004995004995004995,-0.006458870673900897,-0.006458870673900897
1.0,0.9387755102040816,0.02040816326530612,0.0004995004995004995,0.0004995004995004995,-0.006458870673900897,-0.006458870673900897
1.0,0.9387755102040816,0.04081632653061224,0.0004995004995004995,0.0004995004995004995,-0.006458870673900897,-0.006458870673900897
1.0,0.9387755102040816,0.061224489795918366,0.0004995004995004995,0.0004995004995004995,-0.006458870673900897,-0.006458870673900897
1.0,0.9387755102040816,0.08163265306122448,0.0004995004995004995,0.0004995004995004995,-0.006458870673900897,-0.006458870673900897
1.0,0.9387755102040816,0.1020408163265306,0.0004995004995004995,0.0004995004995004995,-0.006458870673900897,-0.006458870673900897
1.0,0.9387755102040816,0.12244897959183673,0.0004995004995004995,0.0004995004995004995,-0.006458870673900897,-0.006458870673900897
1.0,0.9387755102040816,0.14285714285714285,0.0004995004995004995,0.0004995004995004995,-0.006458870673900897,-0.006458870673900897
1.0,0.9387755102040816,0.16326530612244897,0.0004995004995004995,0.0004995004995004995,-0.006458870673900897,-0.006458870673900897
1.0,0.9387755102040816,0.18367346938775508,0.0004995004995004995,0.0004995004995004995,-0.006458870673900897,-0.006458870673900897
1.0,0.9387755102040816,0.2040816326530612,0.0004995004995004995,0.0004995004995004995,-0.006458870673900897,-0.006458870673900897
1.0,0.9387755102040816,0.22448979591836732,0.0004995004995004995,0.0004995004995004995,-0.006458870673900897,-0.006458870673900897
1.0,0.9387755102040816,0.24489795918367346,0.0004995004995004995,0.0004995004995004995,-0.006458870673900897,-0.006458870673900897
1.0,0.9387755102040816,0.26530612244897955,0.0004995004995004995,0.0004995004995004995,-0.006458870673900897,-0.006458870673900897
1.0,0.9387755102040816,0.2857142857142857,0.0004995004995004995,0.0004995004995004995,-0.006458870673900897,-0.006458870673900897
1.0,0.9387755102040816,0.3061224489795918,0.0004995004995004995,0.0004995004995004995,-0.006458870673900897,-0.006458870673900897
1.0,0.9387755102040816,0.32653061224489793,0.0004995004995004995,0.0004995004995004995,-0.006458870673900897,-0.006458870673900897
1.0,0.9387755102040816,0.3469387755102041,0.0004995004995004995,0.0004995004995004995,-0.006458870673900897,-0.006458870673900897
1.0,0.9387755102040816,0.36734693877551017,0.0004995004995004995,0.0004995004995004995,-0.006458870673900897,-0.006458870673900897
1.0,0.9387755102040816,0.3877551020408163,0.0004995004995004995,0.0004995004995004995,-0.006458870673900897,-0.006458870673900897
1.0,0.9387755102040816,0.4081632653061224,0.0004995004995004995,0.0004995004995004995,-0.006458870673900897,-0.006458870673900897
1.0,0.9387755102040816,0.42857142857142855,0.0005541048790764151,0.0005541048790764151,-0.0064042662943249815,-0.0064042662943249815
1.0,0.9387755102040816,0.44897959183673464,0.0006349145761744147,0.0006349145761744147,-0.006323456597226981,-0.006323456597226981
1.0,0.9387755102040816,0.4693877551020408,0.0007305417485480854,0.0007305417485480854,-0.006227829424853311,-0.006227829424853311
1.0,0.9387755102040816,0.4897959183673469,0.0008404267171517846,0.0008404267171517846,-0.006117944456249611,-0.006117944456249611
1.0,0.9387755102040816,0.5102040816326531,0.0009640449602712161,0.0009640449602712161,-0.00599432621313018,-0.00599432621313018
1.0,0.9387755102040816,0.5306122448979591,0.0011009081559741518,0.0011009081559741518,-0.005857463017427244,-0.005857463017427244
1.0,0.9387755102040816,0.5510204081632653,0.0012504780677323362,0.0012504780677323362,-0.00570789310566906,-0.00570789310566906
1.0,0.9387755102040816,0.5714285714285714,0.0014123118308140043,0.0014123118308140043,-0.0055460593425873915,-0.0055460593425873915
1.0,0.9387755102040816,0.5918367346938775,0.0015859513347592036,0.0015859513347592751,-0.005372419838642193,-0.005372419838642121
1.0,0.9387755102040816,0.6122448979591836,0.0017708950122410556,0.0017708950122410556,-0.00518747616116034,-0.00518747616116034
1.0,0.9387755102040816,0.6326530612244897,0.0019668041719174433,0.0019668041719174433,-0.004991567001483952,-0.004991567001483952
1.0,0.9387755102040816,0.6530612244897959,0.0021732152489193322,0.0021732152489193322,-0.004785155924482064,-0.004785155924482064
1.0,0.9387755102040816,0.673469387755102,0.0023897848660629274,0.0023897848660629274,-0.004568586307338468,-0.004568586307338468
1.0,0.9387755102040816,0.6938775510204082,0.0026160869367796206,0.0026160869367796206,-0.004342284236621776,-0.004342284236621776
1.0,0.9387755102040816,0.7142857142857142,0.002851698963554303,0.002851698963554303,-0.004106672209847093,-0.004106672209847093
1.0,0.9387755102040816,0.7346938775510203,0.0030964626015118637,0.0030964626015118637,-0.0038619085718895325,-0.0038619085718895325
1.0,0.9387755102040816,0.7551020408163265,0.0033498263465055224,0.0033498263465055224,-0.003608544826895874,-0.003608544826895874
1.0,0.9387755102040816,0.7755102040816326,0.003611520733795259,0.003611520733795259,-0.0033468504396061373,-0.0033468504396061373
1.0,0.9387755102040816,0.7959183673469387,0.003881262742348603,0.003881262742348603,-0.003077108431052793,-0.003077108431052793
1.0,0.9387755102040816,0.8163265306122448,0.0041587943214187375,0.0041587943214187375,-0.0027995768519826587,-0.0027995768519826587
1.0,0.9387755102040816,0.836734693877551,0.004443710127262877,0.004443710127262877,-0.002514661046138519,-0.002514661046138519
1.0,0.9387755102040816,0.8571428571428571,0.004735740476521889,0.004735740476521889,-0.002222630696879507,-0.002222630696879507
1.0,0.9387755102040816,0.8775510204081632,0.005034736511516286,0.005034736511516286,-0.0019236346618851105,-0.0019236346618851105
1.0,0.9387755102040816,0.8979591836734693,0.005340399826924653,0.005340399826924653,-0.0016179713464767433,-0.0016179713464767433
1.0,0.9387755102040816,0.9183673469387754,0.005652253100618105,0.005652253100618105,-0.0013061180727832909,-0.0013061180727832909
1.0,0.9387755102040816,0.9387755102040816,0.005970261409800094,0.005970261409800094,-0.000988109763601302,-0.000988109763601302
1.0,0.9387755102040816,0.9591836734693877,0.006294179612181566,0.006294179612181566,-0.0006641915612198299,-0.0006641915612198299
1.0,0.9387755102040816,0.9795918367346939,0.006623724021383949,0.006623724021384034,-0.0003346471520174468,-0.0003346471520173618
1.0,0.9387755102040816,1.0,0.006958371173401396,0.006958371173401396,0.0,0.0
1.0,0.9591836734693877,0.0,0.0004995004995004995,0.0004995004995004995,-0.006458870673900897,-0.006458870673900897
1.0,0.9591836734693877,0.02040816326530612,0.0004995004995004995,0.0004995004995004995,-0.006458870673900897,-0.006458870673900897
1.0,0.9591836734693877,0.04081632653061224,0.0004995004995004995,0.0004995004995004995,-0.006458870673900897,-0.006458870673900897
1.0,0.9591836734693877,0.061224489795918366,0.0004995004995004995,0.0004995004995004995,-0.006458870673900897,-0.006458870673900897
1.0,0.9591836734693877,0.08163265306122448,0.0004995004995004995,0.0004995004995004995,-0.006458870673900897,-0.006458870673900897
1.0,0.9591836734693877,0.1020408163265306,0.0004995004995004995,0.0004995004995004995,-0.006458870673900897,-0.006458870673900897
1.0,0.9591836734693877,0.12244897959183673,0.0004995004995004995,0.0004995004995004995,-0.006458870673900897,-0.006458870673900897
1.0,0.9591836734693877,0.14285714285714285,0.0004995004995004995,0.0004995004995004995,-0.006458870673900897,-0.006458870673900897
1.0,0.9591836734693877,0.16326530612244897,0.0004995004995004995,0.0004995004995004995,-0.006458870673900897,-0.006458870673900897
1.0,0.9591836734693877,0.18367346938775508,0.0004995004995004995,0.0004995004995004995,-0.006458870673900897,-0.006458870673900897
1.0,0.9591836734693877,0.2040816326530612,0.0004995004995004995,0.0004995004995004995,-0.006458870673900897,-0.006458870673900897
1.0,0.9591836734693877,0.22448979591836732,0.0004995004995004995,0.0004995004995004995,-0.006458870673900897,-0.006458870673900897
1.0,0.9591836734693877,0.24489795918367346,0.0004995004995004995,0.0004995004995004995,-0.006458870673900897,-0.006458870673900897
1.0,0.9591836734693877,0.26530612244897955,0.0004995004995004995,0.0004995004995004995,-0.006458870673900897,-0.006458870673900897
1.0,0.9591836734693877,0.2857142857142857,0.0004995004995004995,0.0004995004995004995,-0.006458870673900897,-0.006458870673900897
1.0,0.9591836734693877,0.3061224489795918,0.0004995004995004995,0.0004995004995004995,-0.006458870673900897,-0.006458870673900897
1.0,0.9591836734693877,0.32653061224489793,0.0004995004995004995,0.0004995004995004995,-0.006458870673900897,-0.006458870673900897
1.0,0.9591836734693877,0.3469387755102041,0.0004995004995004995,0.0004995004995004995,-0.006458870673900897,-0.006458870673900897
1.0,0.9591836734693877,0.36734693877551017,0.0004995004995004995,0.0004995004995004995,-0.006458870673900897,-0.006458870673900897
1.0,0.9591836734693877,0.3877551020408163,0.0004995004995004995,0.0004995004995004995,-0.006458870673900897,-0.006458870673900897
1.0,0.9591836734693877,0.4081632653061224,0.0004995004995004995,0.0004995004995004995,-0.006458870673900897,-0.006458870673900897
1.0,0.9591836734693877,0.42857142857142855,0.0005541048790764151,0.0005541048790764151,-0.0064042662943249815,-0.0064042662943249815
1.0,0.9591836734693877,0.44897959183673464,0.0006349145761744147,0.0006349145761744147,-0.006323456597226981,-0.006323456597226981
1.0,0.9591836734693877,0.4693877551020408,0.0007305417485480854,0.0007305417485480854,-0.006227829424853311,-0.006227829424853311
1.0,0.9591836734693877,0.4897959183673469,0.0008404267171517846,0.0008404267171517846,-0.006117944456249611,-0.006117944456249611
1.0,0.9591836734693877,0.5102040816326531,0.0009640449602712161,0.0009640449602712161,-0.00599432621313018,-0.00599432621313018
1.0,0.9591836734693877,0.5306122448979591,0.0011009081559741518,0.0011009081559741518,-0.005857463017427244,-0.005857463017427244
1.0,0.9591836734693877,0.5510204081632653,0.0012504780677323362,0.0012504780677323362,-0.00570789310566906,-0.00570789310566906
1.0,0.9591836734693877,0.5714285714285714,0.0014123118308140043,0.0014123118308140043,-0.0055460593425873915,-0.0055460593425873915
1.0,0.9591836734693877,0.5918367346938775,0.0015859513347592036,0.0015859513347592751,-0.005372419838642193,-0.005372419838642121
1.0,0.9591836734693877,0.6122448979591836,0.0017708950122410556,0.0017708950122410556,-0.00518747616116034,-0.00518747616116034
1.0,0.9591836734693877,0.6326530612244897,0.0019668041719174433,0.0019668041719174433,-0.004991567001483952,-0.004991567001483952
1.0,0.9591836734693877,0.6530612244897959,0.0021732152489193322,0.0021732152489193322,-0.004785155924482064,-0.004785155924482064
1.0,0.9591836734693877,0.673469387755102,0.0023897848660629274,0.0023897848660629274,-0.004568586307338468,-0.004568586307338468
1.0,0.9591836734693877,0.6938775510204082,0.0026160869367796206,0.0026160869367796206,-0.004342284236621776,-0.004342284236621776
1.0,0.9591836734693877,0.7142857142857142,0.002851698963554303,0.002851698963554303,-0.004106672209847093,-0.004106672209847093
1.0,0.9591836734693877,0.7346938775510203,0.0030964626015118637,0.0030964626015118637,-0.0038619085718895325,-0.0038619085718895325
1.0,0.9591836734693877,0.7551020408163265,0.0033498263465055224,0.0033498263465055224,-0.003608544826895874,-0.003608544826895874
1.0,0.9591836734693877,0.7755102040816326,0.003611520733795259,0.003611520733795259,-0.0033468504396061373,-0.0033468504396061373
1.0,0.9591836734693877,0.7959183673469387,0.003881262742348603,0.003881262742348603,-0.003077108431052793,-0.003077108431052793
1.0,0.9591836734693877,0.8163265306122448,0.0041587943214187375,0.0041587943214187375,-0.0027995768519826587,-0.0027995768519826587
1.0,0.9591836734693877,0.836734693877551,0.004443710127262877,0.004443710127262877,-0.002514661046138519,-0.002514661046138519
1.0,0.9591836734693877,0.8571428571428571,0.004735740476521889,0.004735740476521889,-0.002222630696879507,-0.002222630696879507
1.0,0.9591836734693877,0.8775510204081632,0.005034736511516286,0.005034736511516286,-0.0019236346618851105,-0.0019236346618851105
1.0,0.9591836734693877,0.8979591836734693,0.005340399826924653,0.005340399826924653,-0.0016179713464767433,-0.0016179713464767433
1.0,0.9591836734693877,0.9183673469387754,0.005652253100618105,0.005652253100618105,-0.0013061180727832909,-0.0013061180727832909
1.0,0.9591836734693877,0.9387755102040816,0.005970261409800094,0.005970261409800094,-0.000988109763601302,-0.000988109763601302
1.0,0.9591836734693877,0.9591836734693877,0.006294179612181566,0.006294179612181566,-0.0006641915612198299,-0.0006641915612198299
1.0,0.9591836734693877,0.9795918367346939,0.006623724021383949,0.006623724021384034,-0.0003346471520174468,-0.0003346471520173618
1.0,0.9591836734693877,1.0,0.006958371173401396,0.006958371173401396,0.0,0.0
1.0,0.9795918367346939,0.0,0.0004995004995004995,0.0004995004995004995,-0.006458870673900897,-0.006458870673900897
1.0,0.9795918367346939,0.02040816326530612,0.0004995004995004995,0.0004995004995004995,-0.006458870673900897,-0.006458870673900897
1.0,0.9795918367346939,0.04081632653061224,0.0004995004995004995,0.0004995004995004995,-0.006458870673900897,-0.006458870673900897
1.0,0.9795918367346939,0.061224489795918366,0.0004995004995004995,0.0004995004995004995,-0.006458870673900897,-0.006458870673900897
1.0,0.9795918367346939,0.08163265306122448,0.0004995004995004995,0.0004995004995004995,-0.006458870673900897,-0.006458870673900897
1.0,0.9795918367346939,0.1020408163265306,0.0004995004995004995,0.0004995004995004995,-0.006458870673900897,-0.006458870673900897
1.0,0.9795918367346939,0.12244897959183673,0.0004995004995004995,0.0004995004995004995,-0.006458870673900897,-0.006458870673900897
1.0,0.9795918367346939,0.14285714285714285,0.0004995004995004995,0.0004995004995004995,-0.006458870673900897,-0.006458870673900897
1.0,0.9795918367346939,0.16326530612244897,0.0004995004995004995,0.0004995004995004995,-0.006458870673900897,-0.006458870673900897
1.0,0.9795918367346939,0.18367346938775508,0.0004995004995004995,0.0004995004995004995,-0.006458870673900897,-0.006458870673900897
1.0,0.9795918367346939,0.2040816326530612,0.0004995004995004995,0.0004995004995004995,-0.006458870673900897,-0.006458870673900897
1.0,0.9795918367346939,0.22448979591836732,0.0004995004995004995,0.0004995004995004995,-0.006458870673900897,-0.006458870673900897
1.0,0.9795918367346939,0.24489795918367346,0.0004995004995004995,0.0004995004995004995,-0.006458870673900897,-0.006458870673900897
1.0,0.9795918367346939,0.26530612244897955,0.0004995004995004995,0.0004995004995004995,-0.006458870673900897,-0.006458870673900897
1.0,0.9795918367346939,0.2857142857142857,0.0004995004995004995,0.0004995004995004995,-0.006458870673900897,-0.006458870673900897
1.0,0.9795918367346939,0.3061224489795918,0.0004995004995004995,0.0004995004995004995,-0.006458870673900897,-0.006458870673900897
1.0,0.9795918367346939,0.32653061224489793,0.0004995004995004995,0.0004995004995004995,-0.006458870673900897,-0.006458870673900897
1.0,0.9795918367346939,0.3469387755102041,0.0004995004995004995,0.0004995004995004995,-0.006458870673900897,-0.006458870673900897
1.0,0.9795918367346939,0.36734693877551017,0.0004995004995004995,0.0004995004995004995,-0.006458870673900897,-0.006458870673900897
1.0,0.9795918367346939,0.3877551020408163,0.0004995004995004995,0.0004995004995004995,-0.006458870673900897,-0.006458870673900897
1.0,0.9795918367346939,0.4081632653061224,0.0004995004995004995,0.0004995004995004995,-0.006458870673900897,-0.006458870673900897
1.0,0.9795918367346939,0.42857142857142855,0.0005541048790764151,0.0005541048790764151,-0.0064042662943249815,-0.0064042662943249815
1.0,0.9795918367346939,0.44897959183673464,0.0006349145761744147,0.0006349145761744147,-0.006323456597226981,-0.006323456597226981
1.0,0.9795918367346939,0.4693877551020408,0.0007305417485480854,0.0007305417485480854,-0.006227829424853311,-0.006227829424853311
1.0,0.9795918367346939,0.4897959183673469,0.0008404267171517846,0.0008404267171517846,-0.006117944456249611,-0.006117944456249611
1.0,0.9795918367346939,0.5102040816326531,0.0009640449602712161,0.0009640449602712161,-0.00599432621313018,-0.00599432621313018
1.0,0.9795918367346939,0.5306122448979591,0.0011009081559741518,0.0011009081559741518,-0.005857463017427244,-0.005857463017427244
1.0,0.9795918367346939,0.5510204081632653,0.0012504780677323362,0.0012504780677323362,-0.00570789310566906,-0.00570789310566906
1.0,0.9795918367346939,0.5714285714285714,0.0014123118308140043,0.0014123118308140043,-0.0055460593425873915,-0.0055460593425873915
1.0,0.9795918367346939,0.5918367346938775,0.0015859513347592036,0.0015859513347592751,-0.005372419838642193,-0.005372419838642121
1.0,0.9795918367346939,0.6122448979591836,0.0017708950122410556,0.0017708950122410556,-0.00518747616116034,-0.00518747616116034
1.0,0.9795918367346939,0.6326530612244897,0.0019668041719174433,0.0019668041719174433,-0.004991567001483952,-0.004991567001483952
1.0,0.9795918367346939,0.6530612244897959,0.0021732152489193322,0.0021732152489193322,-0.004785155924482064,-0.004785155924482064
1.0,0.9795918367346939,0.673469387755102,0.0023897848660629274,0.0023897848660629274,-0.004568586307338468,-0.004568586307338468
1.0,0.9795918367346939,0.6938775510204082,0.0026160869367796206,0.0026160869367796206,-0.004342284236621776,-0.004342284236621776
1.0,0.9795918367346939,0.7142857142857142,0.002851698963554303,0.002851698963554303,-0.004106672209847093,-0.004106672209847093
1.0,0.9795918367346939,0.7346938775510203,0.0030964626015118637,0.0030964626015118637,-0.0038619085718895325,-0.0038619085718895325
1.0,0.9795918367346939,0.7551020408163265,0.0033498263465055224,0.0033498263465055224,-0.003608544826895874,-0.003608544826895874
1.0,0.9795918367346939,0.7755102040816326,0.003611520733795259,0.003611520733795259,-0.0033468504396061373,-0.0033468504396061373
1.0,0.9795918367346939,0.7959183673469387,0.003881262742348603,0.003881262742348603,-0.003077108431052793,-0.003077108431052793
1.0,0.9795918367346939,0.8163265306122448,0.0041587943214187375,0.0041587943214187375,-0.0027995768519826587,-0.0027995768519826587
1.0,0.9795918367346939,0.836734693877551,0.004443710127262877,0.004443710127262877,-0.002514661046138519,-0.002514661046138519
1.0,0.9795918367346939,0.8571428571428571,0.004735740476521889,0.004735740476521889,-0.002222630696879507,-0.002222630696879507
1.0,0.9795918367346939,0.8775510204081632,0.005034736511516286,0.005034736511516286,-0.0019236346618851105,-0.0019236346618851105
1.0,0.9795918367346939,0.8979591836734693,0.005340399826924653,0.005340399826924653,-0.0016179713464767433,-0.0016179713464767433
1.0,0.9795918367346939,0.9183673469387754,0.005652253100618105,0.005652253100618105,-0.0013061180727832909,-0.0013061180727832909
1.0,0.9795918367346939,0.9387755102040816,0.005970261409800094,0.005970261409800094,-0.000988109763601302,-0.000988109763601302
1.0,0.9795918367346939,0.9591836734693877,0.006294179612181566,0.006294179612181566,-0.0006641915612198299,-0.0006641915612198299
1.0,0.9795918367346939,0.9795918367346939,0.006623724021383949,0.006623724021384034,-0.0003346471520174468,-0.0003346471520173618
1.0,0.9795918367346939,1.0,0.006958371173401396,0.006958371173401396,0.0,0.0
1.0,1.0,0.0,0.0004995004995004995,0.0004995004995004995,-0.006458870673900897,-0.006458870673900897
1.0,1.0,0.02040816326530612,0.0004995004995004995,0.0004995004995004995,-0.006458870673900897,-0.006458870673900897
1.0,1.0,0.04081632653061224,0.0004995004995004995,0.0004995004995004995,-0.006458870673900897,-0.006458870673900897
1.0,1.0,0.061224489795918366,0.0004995004995004995,0.0004995004995004995,-0.006458870673900897,-0.006458870673900897
1.0,1.0,0.08163265306122448,0.0004995004995004995,0.0004995004995004995,-0.006458870673900897,-0.006458870673900897
1.0,1.0,0.1020408163265306,0.0004995004995004995,0.0004995004995004995,-0.006458870673900897,-0.006458870673900897
1.0,1.0,0.12244897959183673,0.0004995004995004995,0.0004995004995004995,-0.006458870673900897,-0.006458870673900897
1.0,1.0,0.14285714285714285,0.0004995004995004995,0.0004995004995004995,-0.006458870673900897,-0.006458870673900897
1.0,1.0,0.16326530612244897,0.0004995004995004995,0.0004995004995004995,-0.006458870673900897,-0.006458870673900897
1.0,1.0,0.18367346938775508,0.0004995004995004995,0.0004995004995004995,-0.006458870673900897,-0.006458870673900897
1.0,1.0,0.2040816326530612,0.0004995004995004995,0.0004995004995004995,-0.006458870673900897,-0.006458870673900897
1.0,1.0,0.22448979591836732,0.0004995004995004995,0.0004995004995004995,-0.006458870673900897,-0.006458870673900897
1.0,1.0,0.24489795918367346,0.0004995004995004995,0.0004995004995004995,-0.006458870673900897,-0.006458870673900897
1.0,1.0,0.26530612244897955,0.0004995004995004995,0.0004995004995004995,-0.006458870673900897,-0.006458870673900897
1.0,1.0,0.2857142857142857,0.0004995004995004995,0.0004995004995004995,-0.006458870673900897,-0.006458870673900897
1.0,1.0,0.3061224489795918,0.0004995004995004995,0.0004995004995004995,-0.006458870673900897,-0.006458870673900897
1.0,1.0,0.32653061224489793,0.0004995004995004995,0.0004995004995004995,-0.006458870673900897,-0.006458870673900897
1.0,1.0,0.3469387755102041,0.0004995004995004995,0.0004995004995004995,-0.006458870673900897,-0.006458870673900897
1.0,1.0,0.36734693877551017,0.0004995004995004995,0.0004995004995004995,-0.006458870673900897,-0.006458870673900897
1.0,1.0,0.3877551020408163,0.0004995004995004995,0.0004995004995004995,-0.006458870673900897,-0.006458870673900897
1.0,1.0,0.4081632653061224,0.0004995004995004995,0.0004995004995004995,-0.006458870673900897,-0.006458870673900897
1.0,1.0,0.42857142857142855,0.0005541048790764151,0.0005541048790764151,-0.0064042662943249815,-0.0064042662943249815
1.0,1.0,0.44897959183673464,0.0006349145761744147,0.0006349145761744147,-0.006323456597226981,-0.006323456597226981
1.0,1.0,0.4693877551020408,0.0007305417485480854,0.0007305417485480854,-0.006227829424853311,-0.006227829424853311
1.0,1.0,0.4897959183673469,0.0008404267171517846,0.0008404267171517846,-0.006117944456249611,-0.006117944456249611
1.0,1.0,0.5102040816326531,0.0009640449602712161,0.0009640449602712161,-0.00599432621313018,-0.00599432621313018
1.0,1.0,0.5306122448979591,0.0011009081559741518,0.0011009081559741518,-0.005857463017427244,-0.005857463017427244
1.0,1.0,0.5510204081632653,0.0012504780677323362,0.0012504780677323362,-0.00570789310566906,-0.00570789310566906
1.0,1.0,0.5714285714285714,0.0014123118308140043,0.0014123118308140043,-0.0055460593425873915,-0.0055460593425873915
1.0,1.0,0.5918367346938775,0.0015859513347592036,0.0015859513347592751,-0.005372419838642193,-0.005372419838642121
1.0,1.0,0.6122448979591836,0.0017708950122410556,0.0017708950122410556,-0.00518747616116034,-0.00518747616116034
1.0,1.0,0.6326530612244897,0.0019668041719174433,0.0019668041719174433,-0.004991567001483952,-0.004991567001483952
1.0,1.0,0.6530612244897959,0.0021732152489193322,0.0021732152489193322,-0.004785155924482064,-0.004785155924482064
1.0,1.0,0.673469387755102,0.0023897848660629274,0.0023897848660629274,-0.004568586307338468,-0.004568586307338468
1.0,1.0,0.6938775510204082,0.0026160869367796206,0.0026160869367796206,-0.004342284236621776,-0.004342284236621776
1.0,1.0,0.7142857142857142,0.002851698963554303,0.002851698963554303,-0.004106672209847093,-0.004106672209847093
1.0,1.0,0.7346938775510203,0.0030964626015118637,0.0030964626015118637,-0.0038619085718895325,-0.0038619085718895325
1.0,1.0,0.7551020408163265,0.0033498263465055224,0.0033498263465055224,-0.003608544826895874,-0.003608544826895874
1.0,1.0,0.7755102040816326,0.003611520733795259,0.003611520733795259,-0.0033468504396061373,-0.0033468504396061373
1.0,1.0,0.7959183673469387,0.003881262742348603,0.003881262742348603,-0.003077108431052793,-0.003077108431052793
1.0,1.0,0.8163265306122448,0.0041587943214187375,0.0041587943214187375,-0.0027995768519826587,-0.0027995768519826587
1.0,1.0,0.836734693877551,0.004443710127262877,0.004443710127262877,-0.002514661046138519,-0.002514661046138519
1.0,1.0,0.8571428571428571,0.004735740476521889,0.004735740476521889,-0.002222630696879507,-0.002222630696879507
1.0,1.0,0.8775510204081632,0.005034736511516286,0.005034736511516286,-0.0019236346618851105,-0.0019236346618851105
1.0,1.0,0.8979591836734693,0.005340399826924653,0.005340399826924653,-0.0016179713464767433,-0.0016179713464767433
1.0,1.0,0.9183673469387754,0.005652253100618105,0.005652253100618105,-0.0013061180727832909,-0.0013061180727832909
1.0,1.0,0.9387755102040816,0.005970261409800094,0.005970261409800094,-0.000988109763601302,-0.000988109763601302
1.0,1.0,0.9591836734693877,0.006294179612181566,0.006294179612181566,-0.0006641915612198299,-0.0006641915612198299
1.0,1.0,0.9795918367346939,0.006623724021383949,0.006623724021384034,-0.0003346471520174468,-0.0003346471520173618
1.0,1.0,1.0,0.006958371173401396,0.006958371173401396,0.0,0.0
2.0,0.0,0.0,0.0004995004995004995,0.0004995004995004995,-0.00708352375326186,-0.0052284371101890895
2.0,0.0,0.02040816326530612,0.0004995004995004995,0.0004995004995004995,-0.00708352375326186,-0.0052284371101890895
2.0,0.0,0.04081632653061224,0.0004995004995004995,0.0004995004995004995,-0.00708352375326186,-0.0052284371101890895
2.0,0.0,0.061224489795918366,0.0004995004995004995,0.0004995004995004995,-0.00708352375326186,-0.0052284371101890895
2.0,0.0,0.08163265306122448,0.0004995004995004995,0.0004995004995004995,-0.00708352375326186,-0.0052284371101890895
2.0,0.0,0.1020408163265306,0.0004995004995004995,0.0004995004995004995,-0.00708352375326186,-0.0052284371101890895
2.0,0.0,0.12244897959183673,0.0004995004995004995,0.0004995004995004995,-0.00708352375326186,-0.0052284371101890895
2.0,0.0,0.14285714285714285,0.0004995004995004995,0.0004995004995004995,-0.00708352375326186,-0.0052284371101890895
2.0,0.0,0.16326530612244897,0.0004995004995004995,0.0004995004995004995,-0.00708352375326186,-0.0052284371101890895
2.0,0.0,0.18367346938775508,0.0004995004995004995,0.0004995004995004995,-0.00708352375326186,-0.0052284371101890895
2.0,0.0,0.2040816326530612,0.0004995004995004995,0.0004995004995004995,-0.00708352375326186,-0.0052284371101890895
2.0,0.0,0.22448979591836732,0.0004995004995004995,0.0004995004995004995,-0.00708352375326186,-0.0052284371101890895
2.0,0.0,0.24489795918367346,0.0004995004995004995,0.0004995004995004995,-0.00708352375326186,-0.0052284371101890895
2.0,0.0,0.26530612244897955,0.0004995004995004995,0.0004995004995004995,-0.00708352375326186,-0.0052284371101890895
2.0,0.0,0.2857142857142857,0.0004995004995004995,0.0004995004995004995,-0.00708352375326186,-0.0052284371101890895
2.0,0.0,0.3061224489795918,0.0004995004995004995,0.0004995004995004995,-0.00708352375326186,-0.0052284371101890895
2.0,0.0,0.32653061224489793,0.0004995004995004995,0.0004995004995004995,-0.00708352375326186,-0.0052284371101890895
2.0,0.0,0.3469387755102041,0.0004995004995004995,0.0004995004995004995,-0.00708352375326186,-0.0052284371101890895
2.0,0.0,0.36734693877551017,0.0004995004995004995,0.0004995004995004995,-0.00708352375326186,-0.0052284371101890895
2.0,0.0,0.3877551020408163,0.0004995004995004995,0.0004995004995004995,-0.00708352375326186,-0.0052284371101890895
2.0,0.0,0.4081632653061224,0.0004995004995004995,0.000554719537338757,-0.00708352375326186,-0.005173218072350832
2.0,0.0,0.42857142857142855,0.0004995004995004995,0.0006706337031783147,-0.00708352375326186,-0.005057303906511275
2.0,0.0,0.44897959183673464,0.0004995004995004995,0.000814708632170395,-0.00708352375326186,-0.0049132289775191944
2.0,0.0,0.4693877551020408,0.0004995004995004995,0.000985212448132166,-0.00708352375326186,-0.004742725161557423
2.0,0.0,0.4897959183673469,0.0004995004995004995,0.0011802920115039908,-0.00708352375326186,-0.004547645598185599
2.0,0.0,0.5102040816326531,0.0004995004995004995,0.0013979174927508903,-0.00708352375326186,-0.004330020116938699
2.0,0.0,0.5306122448979591,0.0004995004995004995,0.0016358634272890934,-0.00708352375326186,-0.004092074182400496
2.0,0.0,0.5510204081632653,0.0004995004995004995,0.001891648702514041,-0.00708352375326186,-0.0038362889071755484
2.0,0.0,0.5714285714285714,0.0004995004995004995,0.002162432401228608,-0.00708352375326186,-0.0035655052084609816
2.0,0.0,0.5918367346938775,0.0004995004995004995,0.0024450153018510945,-0.00708352375326186,-0.003282922307838495
2.0,0.0,0.6122448979591836,0.0004995004995004995,0.002735793678790446,-0.00708352375326186,-0.0029921439308991434
2.0,0.0,0.6326530612244897,0.0004995004995004995,0.003030752205248403,-0.00708352375326186,-0.0026971854044411862
2.0,0.0,0.6530612244897959,0.0004995004995004995,0.0033254221989188005,-0.00708352375326186,-0.002402515410770789
2.0,0.0,0.673469387755102,0.0004995004995004995,0.003615196446164981,-0.00708352375326186,-0.0021127411635246084
2.0,0.0,0.6938775510204082,0.0004995004995004995,0.0038952742911531504,-0.00708352375326186,-0.001832663318536439
2.0,0.0,0.7142857142857142,0.0004995004995004995,0.004160948183324904,-0.00708352375326186,-0.0015669894263646853
2.0,0.0,0.7346938775510203,0.0005939290598478786,0.004408080132257728,-0.006989095192914482,-0.0013198574774318612
2.0,0.0,0.7551020408163265,0.0007512140864718782,0.004633165447057257,-0.006831810166290482,-0.001094772162632332
2.0,0.0,0.7755102040816326,0.0009554633832895172,0.004833833877404335,-0.006627560869472843,-0.0008941037322852544
2.0,0.0,0.7959183673469387,0.0012132123012201016,0.0050089059159509,-0.006369811951542259,-0.0007190316937386891
2.0,0.0,0.8163265306122448,0.0015309990517432055,0.005158546663905729,-0.006052025201019155,-0.0005693909457838604
2.0,0.0,0.836734693877551,0.0019145240141059709,0.005284032996747421,-0.00566850023865639,-0.00044390461294216855
2.0,0.0,0.8571428571428571,0.0023684289291965137,0.005387465900835309,-0.005214595323565847,-0.00034047170885428014
2.0,0.0,0.8775510204081632,0.0028956781979014353,0.005471888262687042,-0.004687346054860925,-0.00025604934700254774
2.0,0.0,0.8979591836734693,0.0034977686851931505,0.005539867779185511,-0.00408525556756921,-0.0001880698305040786
2.0,0.0,0.9183673469387754,0.0041745039411968,0.0055945714411992096,-0.0034085203115655606,-0.00013336616849037985
2.0,0.0,0.9387755102040816,0.004924427226514303,0.005638603268856115,-0.002658597026248057,-8.933434083347423e-05
2.0,0.0,0.9591836734693877,0.005744723724266959,0.0056741926714155705,-0.0018383005284954013,-5.374493827401891e-05
2.0,0.0,0.9795918367346939,0.006632352240162847,0.005703418436657959,-0.0009506720125995131,-2.4519173031630447e-05
2.0,0.0,1.0,0.00758302425276236,0.005727937609689589,0.0,0.0
2.0,0.02040816326530612,0.0,0.0004995004995004995,0.0004995004995004995,-0.00708352375326186,-0.0052284371101890895
2.0,0.02040816326530612,0.02040816326530612,0.0004995004995004995,0.0004995004995004995,-0.00708352375326186,-0.0052284371101890895
2.0,0.02040816326530612,0.04081632653061224,0.0004995004995004995,0.0004995004995004995,-0.00708352375326186,-0.0052284371101890895
2.0,0.02040816326530612,0.061224489795918366,0.0004995004995004995,0.0004995004995004995,-0.00708352375326186,-0.0052284371101890895
2.0,0.02040816326530612,0.08163265306122448,0.0004995004995004995,0.0004995004995004995,-0.00708352375326186,-0.0052284371101890895
2.0,0.02040816326530612,0.1020408163265306,0.0004995004995004995,0.0004995004995004995,-0.00708352375326186,-0.0052284371101890895
2.0,0.02040816326530612,0.12244897959183673,0.0004995004995004995,0.0004995004995004995,-0.00708352375326186,-0.0052284371101890895
2.0,0.02040816326530612,0.14285714285714285,0.0004995004995004995,0.0004995004995004995,-0.00708352375326186,-0.0052284371101890895
2.0,0.02040816326530612,0.16326530612244897,0.0004995004995004995,0.0004995004995004995,-0.00708352375326186,-0.0052284371101890895
2.0,0.02040816326530612,0.18367346938775508,0.0004995004995004995,0.0004995004995004995,-0.00708352375326186,-0.0052284371101890895
2.0,0.02040816326530612,0.2040816326530612,0.0004995004995004995,0.0004995004995004995,-0.00708352375326186,-0.0052284371101890895
2.0,0.02040816326530612,0.22448979591836732,0.0004995004995004995,0.0004995004995004995,-0.00708352375326186,-0.0052284371101890895
2.0,0.02040816326530612,0.24489795918367346,0.0004995004995004995,0.0004995004995004995,-0.00708352375326186,-0.0052284371101890895
2.0,0.02040816326530612,0.26530612244897955,0.0004995004995004995,0.0004995004995004995,-0.00708352375326186,-0.0052284371101890895
2.0,0.02040816326530612,0.2857142857142857,0.0004995004995004995,0.0004995004995004995,-0.00708352375326186,-0.0052284371101890895
2.0,0.02040816326530612,0.3061224489795918,0.0004995004995004995,0.0004995004995004995,-0.00708352375326186,-0.0052284371101890895
2.0,0.02040816326530612,0.32653061224489793,0.0004995004995004995,0.0004995004995004995,-0.00708352375326186,-0.0052284371101890895
2.0,0.02040816326530612,0.3469387755102041,0.0004995004995004995,0.0004995004995004995,-0.00708352375326186,-0.0052284371101890895
2.0,0.02040816326530612,0.36734693877551017,0.0004995004995004995,0.0004995004995004995,-0.00708352375326186,-0.0052284371101890895
2.0,0.02040816326530612,0.3877551020408163,0.0004995004995004995,0.0004995004995004995,-0.00708352375326186,-0.0052284371101890895
2.0,0.02040816326530612,0.4081632653061224,0.0004995004995004995,0.0005540351034783056,-0.00708352375326186,-0.005173902506211284
2.0,0.02040816326530612,0.42857142857142855,0.0004995004995004995,0.0006694926981440606,-0.00708352375326186,-0.005058444911545529
2.0,0.02040816326530612,0.44897959183673464,0.0004995004995004995,0.0008129591202311584,-0.00708352375326186,-0.004914978489458431
2.0,0.02040816326530612,0.4693877551020408,0.0004995004995004995,0.0009826328818069254,-0.00708352375326186,-0.004745304727882664
2.0,0.02040816326530612,0.4897959183673469,0.0004995004995004995,0.0011765925540067387,-0.00708352375326186,-0.004551345055682851
2.0,0.02040816326530612,0.5102040816326531,0.0004995004995004995,0.0013927060640667988,-0.00708352375326186,-0.00433523154562279
2.0,0.02040816326530612,0.5306122448979591,0.0004995004995004995,0.0016286251751853934,-0.00708352375326186,-0.0040993124345041956
2.0,0.02040816326530612,0.5510204081632653,0.0004995004995004995,0.0018816680812265814,-0.00708352375326186,-0.003846269528463008
2.0,0.02040816326530612,0.5714285714285714,0.0004995004995004995,0.0021487951317024126,-0.00708352375326186,-0.0035791424779871767
2.0,0.02040816326530612,0.5918367346938775,0.0004995004995004995,0.0024265741863171157,-0.00708352375326186,-0.0033013634233724737
2.0,0.02040816326530612,0.6122448979591836,0.0004995004995004995,0.0027110498182139064,-0.00708352375326186,-0.003016887791475683
2.0,0.02040816326530612,0.6326530612244897,0.0004995004995004995,0.0029979363123483075,-0.00708352375326186,-0.002730001297341282
2.0,0.02040816326530612,0.6530612244897959,0.0004995004995004995,0.003282449189457825,-0.00708352375326186,-0.0024454884202317643
2.0,0.02040816326530612,0.673469387755102,0.0004995004995004995,0.003559712673622491,-0.00708352375326186,-0.0021682249360670982
2.0,0.02040816326530612,0.6938775510204082,0.0004995004995004995,0.0038246616686956406,-0.00708352375326186,-0.0019032759409939488
2.0,0.02040816326530612,0.7142857142857142,0.000528593378616596,0.0040728164669512025,-0.007054430874145764,-0.001655121142738387
2.0,0.02040816326530612,0.7346938775510203,0.0006674378441353445,0.0043000645267377725,-0.0069155864086270155,-0.001427873082951817
2.0,0.02040816326530612,0.7551020408163265,0.0008524065403216296,0.004503586430234371,-0.006730617712440731,-0.0012243511794552183
2.0,0.02040816326530612,0.7755102040816326,0.0010902771879698176,0.0046816988822525555,-0.006492747064792543,-0.001046238727437034
2.0,0.02040816326530612,0.7959183673469387,0.0013881379220328088,0.004834074628819075,-0.0061948863307295515,-0.0008938629808705146
2.0,0.02040816326530612,0.8163265306122448,0.001752446144007506,0.004961991745003753,-0.005830578108754854,-0.0007659458646858365
2.0,0.02040816326530612,0.836734693877551,0.0021885784438371303,0.005067342478232294,-0.00539444580892523,-0.0006605951314572955
2.0,0.02040816326530612,0.8571428571428571,0.002700212898423763,0.00515288515080505,-0.0048828113543385974,-0.0005750524588845392
2.0,0.02040816326530612,0.8775510204081632,0.0032895426307725977,0.005221676440058423,-0.004293481621989763,-0.0005062611696311668
2.0,0.02040816326530612,0.8979591836734693,0.003956493338485183,0.005276907508034074,-0.0036265309142771776,-0.00045103010165551544
2.0,0.02040816326530612,0.9183673469387754,0.004699654444902516,0.005321214965290037,-0.0028833698078598443,-0.0004067226443995528
2.0,0.02040816326530612,0.9387755102040816,0.005516842950278769,0.005357173315733554,-0.0020661813024835914,-0.0003707642939560357
2.0,0.02040816326530612,0.9591836734693877,0.006404029363982088,0.005386462455116421,-0.0011789948887802725,-0.00034147515457316844
2.0,0.02040816326530612,0.9795918367346939,0.00735719075527339,0.005411243857441732,-0.0002258334974889701,-0.0003166937522478576
2.0,0.02040816326530612,1.0,0.008371827669588423,0.005432799809272997,0.0007888034168260626,-0.0002951378004165924
2.0,0.04081632653061224,0.0,0.0004995004995004995,0.0004995004995004995,-0.00708352375326186,-0.0052284371101890895
2.0,0.04081632653061224,0.02040816326530612,0.0004995004995004995,0.0004995004995004995,-0.00708352375326186,-0.0052284371101890895
2.0,0.04081632653061224,0.04081632653061224,0.0004995004995004995,0.0004995004995004995,-0.00708352375326186,-0.0052284371101890895
2.0,0.04081632653061224,0.061224489795918366,0.0004995004995004995,0.0004995004995004995,-0.00708352375326186,-0.0052284371101890895
2.0,0.04081632653061224,0.08163265306122448,0.0004995004995004995,0.0004995004995004995,-0.00708352375326186,-0.0052284371101890895
2.0,0.04081632653061224,0.1020408163265306,0.0004995004995004995,0.0004995004995004995,-0.00708352375326186,-0.0052284371101890895
2.0,0.04081632653061224,0.12244897959183673,0.0004995004995004995,0.0004995004995004995,-0.00708352375326186,-0.0052284371101890895
2.0,0.04081632653061224,0.14285714285714285,0.0004995004995004995,0.0004995004995004995,-0.00708352375326186,-0.0052284371101890895
2.0,0.04081632653061224,0.16326530612244897,0.0004995004995004995,0.0004995004995004995,-0.00708352375326186,-0.0052284371101890895
2.0,0.04081632653061224,0.18367346938775508,0.0004995004995004995,0.0004995004995004995,-0.00708352375326186,-0.0052284371101890895
2.0,0.04081632653061224,0.2040816326530612,0.0004995004995004995,0.0004995004995004995,-0.00708352375326186,-0.0052284371101890895
2.0,0.04081632653061224,0.22448979591836732,0.0004995004995004995,0.0004995004995004995,-0.00708352375326186,-0.0052284371101890895
2.0,0.04081632653061224,0.24489795918367346,0.0004995004995004995,0.0004995004995004995,-0.00708352375326186,-0.0052284371101890895
2.0,0.04081632653061224,0.26530612244897955,0.0004995004995004995,0.0004995004995004995,-0.00708352375326186,-0.0052284371101890895
2.0,0.04081632653061224,0.2857142857142857,0.0004995004995004995,0.0004995004995004995,-0.00708352375326186,-0.0052284371101890895
2.0,0.04081632653061224,0.3061224489795918,0.0004995004995004995,0.0004995004995004995,-0.00708352375326186,-0.0052284371101890895
2.0,0.04081632653061224,0.32653061224489793,0.0004995004995004995,0.0004995004995004995,-0.00708352375326186,-0.0052284371101890895
2.0,0.04081632653061224,0.3469387755102041,0.0004995004995004995,0.0004995004995004995,-0.00708352375326186,-0.0052284371101890895
2.0,0.04081632653061224,0.36734693877551017,0.0004995004995004995,0.0004995004995004995,-0.00708352375326186,-0.0052284371101890895
2.0,0.04081632653061224,0.3877551020408163,0.0004995004995004995,0.0004995004995004995,-0.00708352375326186,-0.0052284371101890895
2.0,0.04081632653061224,0.4081632653061224,0.0004995004995004995,0.0005533245593749643,-0.00708352375326186,-0.0051746130503146255
2.0,0.04081632653061224,0.42857142857142855,0.0004995004995004995,0.0006683164410734906,-0.00708352375326186,-0.005059621168616099
2.0,0.04081632653061224,0.44897959183673464,0.0004995004995004995,0.0008111375882201609,-0.00708352375326186,-0.0049168000214694285
2.0,0.04081632653061224,0.4693877551020408,0.0004995004995004995,0.000979938157849699,-0.00708352375326186,-0.00474799945183989
2.0,0.04081632653061224,0.4897959183673469,0.0004995004995004995,0.001172701528513727,-0.00708352375326186,-0.004555236081175862
2.0,0.04081632653061224,0.5102040816326531,0.0004995004995004995,0.0013872012020318056,-0.00708352375326186,-0.004340736407657784
2.0,0.04081632653061224,0.5306122448979591,0.0004995004995004995,0.0016209297749882124,-0.00708352375326186,-0.004107007834701377
2.0,0.04081632653061224,0.5510204081632653,0.0004995004995004995,0.0018710089663609574,-0.00708352375326186,-0.003856928643328632
2.0,0.04081632653061224,0.5714285714285714,0.0004995004995004995,0.0021342004497037007,-0.00708352375326186,-0.0035937371599858887
2.0,0.04081632653061224,0.5918367346938775,0.0004995004995004995,0.0024067345965568957,-0.00708352375326186,-0.0033212030131326937
2.0,0.04081632653061224,0.6122448979591836,0.0004995004995004995,0.0026843897015008085,-0.00708352375326186,-0.003043547908188781
2.0,0.04081632653061224,0.6326530612244897,0.0004995004995004995,0.0029624967498175494,-0.00708352375326186,-0.00276544085987204
2.0,0.04081632653061224,0.6530612244897959,0.0004995004995004995,0.003235995767085369,-0.00708352375326186,-0.0024919418426042205
2.0,0.04081632653061224,0.673469387755102,0.0004995004995004995,0.003499769077317233,-0.00708352375326186,-0.0022281685323723563
2.0,0.04081632653061224,0.6938775510204082,0.0004995004995004995,0.0037487756234644053,-0.00708352375326186,-0.001979161986225184
2.0,0.04081632653061224,0.7142857142857142,0.0005894394619423995,0.003978471066705097,-0.0069935847908199605,-0.0017494665429844923
2.0,0.04081632653061224,0.7346938775510203,0.000753744253919521,0.0041854715153960345,-0.006829279998842839,-0.0015424660942935549
2.0,0.04081632653061224,0.7551020408163265,0.0009699373750504219,0.004367493633253219,-0.0066130868777119385,-0.0013604439764363704
2.0,0.04081632653061224,0.7755102040816326,0.0012455298347905112,0.004523733982361069,-0.006337494417971849,-0.0012042036273285208
2.0,0.04081632653061224,0.7959183673469387,0.0015877954147965694,0.004654871527797438,-0.0059952288379657905,-0.0010730660818921512
2.0,0.04081632653061224,0.8163265306122448,0.002002918873153516,0.0047630658966314465,-0.0055801053796088445,-0.0009648717130581429
2.0,0.04081632653061224,0.836734693877551,0.002495450117853085,0.004850742409879003,-0.005087574134909276,-0.0008771951998105864
2.0,0.04081632653061224,0.8571428571428571,0.003068160007941789,0.004921189082325088,-0.004514864244820571,-0.0008067485273645014
2.0,0.04081632653061224,0.8775510204081632,0.0037216225755222904,0.0049775797088415785,-0.00386140167724007,-0.0007503579008480109
2.0,0.04081632653061224,0.8979591836734693,0.0044548722160758095,0.005022784131035648,-0.003128152036686551,-0.0007051534786539412
2.0,0.04081632653061224,0.9183673469387754,0.005265125551259069,0.005059396502877872,-0.0023178987015032917,-0.0006685411068117174
2.0,0.04081632653061224,0.9387755102040816,0.006148784563789821,0.0050893617904481285,-0.001434239688972539,-0.0006385758192414609
2.0,0.04081632653061224,0.9591836734693877,0.007101578990829324,0.005114814086985952,-0.0004814452619330365,-0.0006131235227036375
2.0,0.04081632653061224,0.9795918367346939,0.008118591637957365,0.005136616582194368,0.000535567385195005,-0.0005913210274952211
2.0,0.04081632653061224,1.0,0.009194831095676948,0.005156286558918882,0.0016118068429145874,-0.0005716510507707074
2.0,0.061224489795918366,0.0,0.0004995004995004995,0.0004995004995004995,-0.00708352375326186,-0.0052284371101890895
2.0,0.061224489795918366,0.02040816326530612,0.0004995004995004995,0.0004995004995004995,-0.00708352375326186,-0.0052284371101890895
2.0,0.061224489795918366,0.04081632653061224,0.0004995004995004995,0.0004995004995004995,-0.00708352375326186,-0.0052284371101890895
2.0,0.061224489795918366,0.061224489795918366,0.0004995004995004995,0.0004995004995004995,-0.00708352375326186,-0.0052284371101890895
2.0,0.061224489795918366,0.08163265306122448,0.0004995004995004995,0.0004995004995004995,-0.00708352375326186,-0.0052284371101890895
2.0,0.061224489795918366,0.1020408163265306,0.0004995004995004995,0.0004995004995004995,-0.00708352375326186,-0.0052284371101890895
2.0,0.061224489795918366,0.12244897959183673,0.0004995004995004995,0.0004995004995004995,-0.00708352375326186,-0.0052284371101890895
2.0,0.061224489795918366,0.14285714285714285,0.0004995004995004995,0.0004995004995004995,-0.00708352375326186,-0.0052284371101890895
2.0,0.061224489795918366,0.16326530612244897,0.0004995004995004995,0.0004995004995004995,-0.00708352375326186,-0.0052284371101890895
2.0,0.061224489795918366,0.18367346938775508,0.0004995004995004995,0.0004995004995004995,-0.00708352375326186,-0.0052284371101890895
2.0,0.061224489795918366,0.2040816326530612,0.0004995004995004995,0.0004995004995004995,-0.00708352375326186,-0.0052284371101890895
2.0,0.061224489795918366,0.22448979591836732,0.0004995004995004995,0.0004995004995004995,-0.00708352375326186,-0.0052284371101890895
2.0,0.061224489795918366,0.24489795918367346,0.0004995004995004995,0.0004995004995004995,-0.00708352375326186,-0.0052284371101890895
2.0,0.061224489795918366,0.26530612244897955,0.0004995004995004995,0.0004995004995004995,-0.00708352375326186,-0.0052284371101890895
2.0,0.061224489795918366,0.2857142857142857,0.0004995004995004995,0.0004995004995004995,-0.00708352375326186,-0.0052284371101890895
2.0,0.061224489795918366,0.3061224489795918,0.0004995004995004995,0.0004995004995004995,-0.00708352375326186,-0.0052284371101890895
2.0,0.061224489795918366,0.32653061224489793,0.0004995004995004995,0.0004995004995004995,-0.00708352375326186,-0.0052284371101890895
2.0,0.061224489795918366,0.3469387755102041,0.0004995004995004995,0.0004995004995004995,-0.00708352375326186,-0.0052284371101890895
2.0,0.061224489795918366,0.36734693877551017,0.0004995004995004995,0.0004995004995004995,-0.00708352375326186,-0.0052284371101890895
2.0,0.061224489795918366,0.3877551020408163,0.0004995004995004995,0.0004995004995004995,-0.00708352375326186,-0.0052284371101890895
2.0,0.061224489795918366,0.4081632653061224,0.0004995004995004995,0.0005526010857923396,-0.00708352375326186,-0.005175336523897249
2.0,0.061224489795918366,0.42857142857142855,0.0004995004995004995,0.0006670986604963645,-0.00708352375326186,-0.005060838949193225
2.0,0.061224489795918366,0.44897959183673464,0.0004995004995004995,0.0008092468357689439,-0.00708352375326186,-0.004918690773920645
2.0,0.061224489795918366,0.4693877551020408,0.0004995004995004995,0.000977120006815524,-0.00708352375326186,-0.004750817602874066
2.0,0.061224489795918366,0.4897959183673469,0.0004995004995004995,0.0011686165157981003,-0.00708352375326186,-0.004559321093891489
2.0,0.061224489795918366,0.5102040816326531,0.0004995004995004995,0.0013813871265544464,-0.00708352375326186,-0.004346550483135143
2.0,0.061224489795918366,0.5306122448979591,0.0004995004995004995,0.0016127462970819753,-0.00708352375326186,-0.004115191312607614
2.0,0.061224489795918366,0.5510204081632653,0.0004995004995004995,0.0018596406204092362,-0.00708352375326186,-0.003868296989280353
2.0,0.061224489795918366,0.5714285714285714,0.0004995004995004995,0.0021185100757529756,-0.00708352375326186,-0.003609427533936614
2.0,0.061224489795918366,0.5918367346938775,0.0004995004995004995,0.002385377589151804,-0.00708352375326186,-0.0033425600205377855
2.0,0.061224489795918366,0.6122448979591836,0.0004995004995004995,0.0026555935914901845,-0.00708352375326186,-0.003072344018199405
2.0,0.061224489795918366,0.6326530612244897,0.0004995004995004995,0.0029241960390758714,-0.00708352375326186,-0.002803741570613718
2.0,0.061224489795918366,0.6530612244897959,0.0004995004995004995,0.0031858545869334204,-0.00708352375326186,-0.002542083022756169
2.0,0.061224489795918366,0.673469387755102,0.0004995004995004995,0.0034352192377686496,-0.00708352375326186,-0.00229271837192094
2.0,0.061224489795918366,0.6938775510204082,0.0005189461453934779,0.003667417194177228,-0.0070640781073688826,-0.002060520415512361
2.0,0.061224489795918366,0.7142857142857142,0.0006614115833693275,0.0038782338412780854,-0.006921612669393033,-0.001849703768411504
2.0,0.061224489795918366,0.7346938775510203,0.0008544144448900718,0.0040648223905916485,-0.006728609807872288,-0.001663115219097941
2.0,0.061224489795918366,0.7551020408163265,0.0011057131997737643,0.00422579556294092,-0.006477311052988596,-0.0015021420467486698
2.0,0.061224489795918366,0.7755102040816326,0.0014232577597426497,0.004361376417351914,-0.006159766493019711,-0.0013665611923376758
2.0,0.061224489795918366,0.7959183673469387,0.0018141760539730535,0.004473183432298573,-0.005768848198789307,-0.0012547541773910162
2.0,0.061224489795918366,0.8163265306122448,0.002284071878537434,0.004563903865903676,-0.005298952374224926,-0.0011640337437859131
2.0,0.061224489795918366,0.836734693877551,0.0028364643353333435,0.004636769722535142,-0.004746559917429017,-0.0010911678871544477
2.0,0.061224489795918366,0.8571428571428571,0.0034726355833821655,0.004694906071752069,-0.004110388669380195,-0.0010330315379375203
2.0,0.061224489795918366,0.8775510204081632,0.004191806223445985,0.00474138667137429,-0.0033912180293163754,-0.0009865509383152997
2.0,0.061224489795918366,0.8979591836734693,0.004991552423657172,0.004779184575959635,-0.0025914718291051887,-0.0009487530337299547
2.0,0.061224489795918366,0.9183673469387754,0.005868377275504585,0.004810124522818402,-0.001714646977257775,-0.0009178130868711873
2.0,0.061224489795918366,0.9387755102040816,0.006817773966724944,0.004836502153162818,-0.0007652502860374163,-0.0008914354565267716
2.0,0.061224489795918366,0.9591836734693877,0.007834448319875856,0.004859235875922224,0.0002514240671134954,-0.0008687017337673658
2.0,0.061224489795918366,0.9795918367346939,0.008913022442129203,0.0048794787441903496,0.0013299981893668423,-0.0008484588654992398
2.0,0.061224489795918366,1.0,0.010049779493288384,0.004898235168534174,0.0024667552405260237,-0.000829702441155415
2.0,0.08163265306122448,0.0,0.0004995004995004995,0.0004995004995004995,-0.00708352375326186,-0.0052284371101890895
2.0,0.08163265306122448,0.02040816326530612,0.0004995004995004995,0.0004995004995004995,-0.00708352375326186,-0.0052284371101890895
2.0,0.08163265306122448,0.04081632653061224,0.0004995004995004995,0.0004995004995004995,-0.00708352375326186,-0.0052284371101890895
2.0,0.08163265306122448,0.061224489795918366,0.0004995004995004995,0.0004995004995004995,-0.00708352375326186,-0.0052284371101890895
2.0,0.08163265306122448,0.08163265306122448,0.0004995004995004995,0.0004995004995004995,-0.00708352375326186,-0.0052284371101890895
2.0,0.08163265306122448,0.1020408163265306,0.0004995004995004995,0.0004995004995004995,-0.00708352375326186,-0.0052284371101890895
2.0,0.08163265306122448,0.12244897959183673,0.0004995004995004995,0.0004995004995004995,-0.00708352375326186,-0.0052284371101890895
2.0,0.08163265306122448,0.14285714285714285,0.0004995004995004995,0.0004995004995004995,-0.00708352375326186,-0.0052284371101890895
2.0,0.08163265306122448,0.16326530612244897,0.0004995004995004995,0.0004995004995004995,-0.00708352375326186,-0.0052284371101890895
2.0,0.08163265306122448,0.18367346938775508,0.0004995004995004995,0.0004995004995004995,-0.00708352375326186,-0.0052284371101890895
2.0,0.08163265306122448,0.2040816326530612,0.0004995004995004995,0.0004995004995004995,-0.00708352375326186,-0.0052284371101890895
2.0,0.08163265306122448,0.22448979591836732,0.0004995004995004995,0.0004995004995004995,-0.00708352375326186,-0.0052284371101890895
2.0,0.08163265306122448,0.24489795918367346,0.0004995004995004995,0.0004995004995004995,-0.00708352375326186,-0.0052284371101890895
2.0,0.08163265306122448,0.26530612244897955,0.0004995004995004995,0.0004995004995004995,-0.00708352375326186,-0.0052284371101890895
2.0,0.08163265306122448,0.2857142857142857,0.0004995004995004995,0.0004995004995004995,-0.00708352375326186,-0.0052284371101890895
2.0,0.08163265306122448,0.3061224489795918,0.0004995004995004995,0.0004995004995004995,-0.00708352375326186,-0.0052284371101890895
2.0,0.08163265306122448,0.32653061224489793,0.0004995004995004995,0.0004995004995004995,-0.00708352375326186,-0.0052284371101890895
2.0,0.08163265306122448,0.3469387755102041,0.0004995004995004995,0.0004995004995004995,-0.00708352375326186,-0.0052284371101890895
2.0,0.08163265306122448,0.36734693877551017,0.0004995004995004995,0.0004995004995004995,-0.00708352375326186,-0.0052284371101890895
2.0,0.08163265306122448,0.3877551020408163,0.0004995004995004995,0.0004995004995004995,-0.00708352375326186,-0.0052284371101890895
2.0,0.08163265306122448,0.4081632653061224,0.0004995004995004995,0.0005518547620303435,-0.00708352375326186,-0.005176082847659246
2.0,0.08163265306122448,0.42857142857142855,0.0004995004995004995,0.0006658395197847258,-0.00708352375326186,-0.005062098089904864
2.0,0.08163265306122448,0.44897959183673464,0.0004995004995004995,0.0008072764132796031,-0.00708352375326186,-0.004920661196409986
2.0,0.08163265306122448,0.4693877551020408,0.0004995004995004995,0.0009741689294736946,-0.00708352375326186,-0.004753768680215895
2.0,0.08163265306122448,0.4897959183673469,0.0004995004995004995,0.001164318468121883,-0.00708352375326186,-0.004563619141567707
2.0,0.08163265306122448,0.5102040816326531,0.0004995004995004995,0.0013752303518242404,-0.00708352375326186,-0.004352707257865349
2.0,0.08163265306122448,0.5306122448979591,0.0004995004995004995,0.0016040479748272829,-0.00708352375326186,-0.004123889634862306
2.0,0.08163265306122448,0.5510204081632653,0.0004995004995004995,0.0018474860135204128,-0.00708352375326186,-0.0038804515961691766
2.0,0.08163265306122448,0.5714285714285714,0.0004995004995004995,0.002101702399706303,-0.00708352375326186,-0.003626235209983286
2.0,0.08163265306122448,0.5918367346938775,0.0004995004995004995,0.00236236099921883,-0.00708352375326186,-0.0033655766104707593
2.0,0.08163265306122448,0.6122448979591836,0.0004995004995004995,0.0026245621056323635,-0.00708352375326186,-0.003103375504057226
2.0,0.08163265306122448,0.6326530612244897,0.0004995004995004995,0.0028828967368264647,-0.00708352375326186,-0.0028450408728631247
2.0,0.08163265306122448,0.6530612244897959,0.0004995004995004995,0.003131890976259922,-0.00708352375326186,-0.0025960466334296675
2.0,0.08163265306122448,0.673469387755102,0.0004995004995004995,0.0033661464937278516,-0.00708352375326186,-0.002361791115961738
2.0,0.08163265306122448,0.6938775510204082,0.0005772619710222862,0.0035808667890185114,-0.007005762281740074,-0.002147070820671078
2.0,0.08163265306122448,0.7142857142857142,0.0007458716063770783,0.0037725133905023404,-0.006837152646385282,-0.001955424219187249
2.0,0.08163265306122448,0.7346938775510203,0.0009711525864579519,0.003938954110099058,-0.006611871666304408,-0.0017889834995905313
2.0,0.08163265306122448,0.7551020408163265,0.0012616366320195996,0.004079795722962742,-0.0063213876207427605,-0.001648141886726847
2.0,0.08163265306122448,0.7755102040816326,0.0016253909284341377,0.0041963600614100165,-0.005957633324328223,-0.001531577548279573
2.0,0.08163265306122448,0.7959183673469387,0.0020690959793191123,0.004291005681064856,-0.0055139282734432485,-0.0014369319286247333
2.0,0.08163265306122448,0.8163265306122448,0.0025973340635233886,0.004366949513364523,-0.004985690189238972,-0.0013609880963250665
2.0,0.08163265306122448,0.836734693877551,0.003212211852746692,0.0044274992624698814,-0.004370812400015668,-0.001300438347219708
2.0,0.08163265306122448,0.8571428571428571,0.003913497355716685,0.004475935438087088,-0.003669526897045675,-0.0012520021716025016
2.0,0.08163265306122448,0.8775510204081632,0.004699168161487938,0.004515326396692738,-0.0028838560912744227,-0.0012126112129968517
2.0,0.08163265306122448,0.8979591836734693,0.005565431997424437,0.004547599388059282,-0.002017592255337923,-0.0011803382216303074
2.0,0.08163265306122448,0.9183673469387754,0.006507537881300533,0.004574950700372997,-0.001075486371461827,-0.0011529869093165925
2.0,0.08163265306122448,0.9387755102040816,0.0075210419782489055,0.004598601115825733,-6.198227451345486e-05,-0.0011293364938638568
2.0,0.08163265306122448,0.9591836734693877,0.008599136360463952,0.004619876358880881,0.001016112107701592,-0.0011080612508087085
2.0,0.08163265306122448,0.9795918367346939,0.009738331481372604,0.004639522490140916,0.002155307228610244,-0.0010884151195486736
2.0,0.08163265306122448,1.0,0.010931497606682435,0.004658104205094911,0.003348473353920075,-0.0010698334045946781
2.0,0.1020408163265306,0.0,0.0004995004995004995,0.0004995004995004995,-0.00708352375326186,-0.0052284371101890895
2.0,0.1020408163265306,0.02040816326530612,0.0004995004995004995,0.0004995004995004995,-0.00708352375326186,-0.0052284371101890895
2.0,0.1020408163265306,0.04081632653061224,0.0004995004995004995,0.0004995004995004995,-0.00708352375326186,-0.0052284371101890895
2.0,0.1020408163265306,0.061224489795918366,0.0004995004995004995,0.0004995004995004995,-0.00708352375326186,-0.0052284371101890895
2.0,0.1020408163265306,0.08163265306122448,0.0004995004995004995,0.0004995004995004995,-0.00708352375326186,-0.0052284371101890895
2.0,0.1020408163265306,0.1020408163265306,0.0004995004995004995,0.0004995004995004995,-0.00708352375326186,-0.0052284371101890895
2.0,0.1020408163265306,0.12244897959183673,0.0004995004995004995,0.0004995004995004995,-0.00708352375326186,-0.0052284371101890895
2.0,0.1020408163265306,0.14285714285714285,0.0004995004995004995,0.0004995004995004995,-0.00708352375326186,-0.0052284371101890895
2.0,0.1020408163265306,0.16326530612244897,0.0004995004995004995,0.0004995004995004995,-0.00708352375326186,-0.0052284371101890895
2.0,0.1020408163265306,0.18367346938775508,0.0004995004995004995,0.0004995004995004995,-0.00708352375326186,-0.0052284371101890895
2.0,0.1020408163265306,0.2040816326530612,0.0004995004995004995,0.0004995004995004995,-0.00708352375326186,-0.0052284371101890895
2.0,0.1020408163265306,0.22448979591836732,0.0004995004995004995,0.0004995004995004995,-0.00708352375326186,-0.0052284371101890895
2.0,0.1020408163265306,0.24489795918367346,0.0004995004995004995,0.0004995004995004995,-0.00708352375326186,-0.0052284371101890895
2.0,0.1020408163265306,0.26530612244897955,0.0004995004995004995,0.0004995004995004995,-0.00708352375326186,-0.0052284371101890895
2.0,0.1020408163265306,0.2857142857142857,0.0004995004995004995,0.0004995004995004995,-0.00708352375326186,-0.0052284371101890895
2.0,0.1020408163265306,0.3061224489795918,0.0004995004995004995,0.0004995004995004995,-0.00708352375326186,-0.0052284371101890895
2.0,0.1020408163265306,0.32653061224489793,0.0004995004995004995,0.0004995004995004995,-0.00708352375326186,-0.0052284371101890895
2.0,0.1020408163265306,0.3469387755102041,0.0004995004995004995,0.0004995004995004995,-0.00708352375326186,-0.0052284371101890895
2.0,0.1020408163265306,0.36734693877551017,0.0004995004995004995,0.0004995004995004995,-0.00708352375326186,-0.0052284371101890895
2.0,0.1020408163265306,0.3877551020408163,0.0004995004995004995,0.0004995004995004995,-0.00708352375326186,-0.0052284371101890895
2.0,0.1020408163265306,0.4081632653061224,0.0004995004995004995,0.0005510841323636414,-0.00708352375326186,-0.005176853477325948
2.0,0.1020408163265306,0.42857142857142855,0.0004995004995004995,0.0006645315957641771,-0.00708352375326186,-0.005063406013925412
2.0,0.1020408163265306,0.44897959183673464,0.0004995004995004995,0.0008052229271762412,-0.00708352375326186,-0.004922714682513348
2.0,0.1020408163265306,0.4693877551020408,0.0004995004995004995,0.0009710815556898699,-0.00708352375326186,-0.00475685605399972
2.0,0.1020408163265306,0.4897959183673469,0.0004995004995004995,0.0011597881968532,-0.00708352375326186,-0.00456814941283639
2.0,0.1020408163265306,0.5102040816326531,0.0004995004995004995,0.0013687208431716847,-0.00708352375326186,-0.004359216766517905
2.0,0.1020408163265306,0.5306122448979591,0.0004995004995004995,0.0015947913814415768,-0.00708352375326186,-0.004133146228248012
2.0,0.1020408163265306,0.5510204081632653,0.0004995004995004995,0.0018344884728099396,-0.00708352375326186,-0.0038934491368796498
2.0,0.1020408163265306,0.5714285714285714,0.0004995004995004995,0.0020836516114407897,-0.00708352375326186,-0.0036442859982487997
2.0,0.1020408163265306,0.5918367346938775,0.0004995004995004995,0.002337605914646655,-0.00708352375326186,-0.0033903316950429346
2.0,0.1020408163265306,0.6122448979591836,0.0004995004995004995,0.0025911239190673087,-0.00708352375326186,-0.0031368136906222807
2.0,0.1020408163265306,0.6326530612244897,0.0004995004995004995,0.002838449968557334,-0.00708352375326186,-0.0028894876411322554
2.0,0.1020408163265306,0.6530612244897959,0.0004995004995004995,0.0030739735505651514,-0.00708352375326186,-0.002653964059124438
2.0,0.1020408163265306,0.673469387755102,0.0005031364852053867,0.0032923923706486254,-0.007079887767556974,-0.002435545239040964
2.0,0.1020408163265306,0.6938775510204082,0.000646330351141649,0.003489252909019226,-0.006936693901620711,-0.002238684700670363
2.0,0.1020408163265306,0.7142857142857142,0.0008442851212770977,0.0036617771986783344,-0.0067387391314852624,-0.002066160411011255
2.0,0.1020408163265306,0.7346938775510203,0.0011057151043911337,0.0038088007589039937,-0.0064773091483712264,-0.0019191368507855957
2.0,0.1020408163265306,0.7551020408163265,0.0014395976105206149,0.003930972758872005,-0.0061434266422417455,-0.0017969648508175846
2.0,0.1020408163265306,0.7755102040816326,0.001853777493810412,0.004030376991545497,-0.0057292467589519485,-0.0016975606181440922
2.0,0.1020408163265306,0.7959183673469387,0.0023539682232705116,0.004110332816077582,-0.005229056029491849,-0.0016176047936120076
2.0,0.1020408163265306,0.8163265306122448,0.002943320916314833,0.004174056263285547,-0.004639703336447527,-0.0015538813464040426
2.0,0.1020408163265306,0.836734693877551,0.003622554660941619,0.004225039669389719,-0.003960469591820741,-0.0015028979402998705
2.0,0.1020408163265306,0.8571428571428571,0.004389888330913203,0.004266230439729685,-0.0031931359218491575,-0.0014617071699599042
2.0,0.1020408163265306,0.8775510204081632,0.00524187089089999,0.00430014838475357,-0.0023411533618623703,-0.001427789224936019
2.0,0.1020408163265306,0.8979591836734693,0.0061738468353427335,0.004328798168995462,-0.0014091774174196268,-0.0013991394406941277
2.0,0.1020408163265306,0.9183673469387754,0.007180181232609899,0.004353635528223447,-0.00040284302015246125,-0.001374302081466142
2.0,0.1020408163265306,0.9387755102040816,0.008255255522084348,0.004375915897367601,0.0006722312693219872,-0.001352021712321988
2.0,0.1020408163265306,0.9591836734693877,0.009393915529158237,0.00439655414721686,0.001810891276395877,-0.0013313834624727296
2.0,0.1020408163265306,0.9795918367346939,0.01058920381608684,0.004416174734220941,0.0030061795633244803,-0.0013117628754686483
2.0,0.1020408163265306,1.0,0.011838481133693561,0.00443505804717317,0.004255456880931201,-0.0012928795625164191
2.0,0.12244897959183673,0.0,0.0004995004995004995,0.0004995004995004995,-0.00708352375326186,-0.0052284371101890895
2.0,0.12244897959183673,0.02040816326530612,0.0004995004995004995,0.0004995004995004995,-0.00708352375326186,-0.0052284371101890895
2.0,0.12244897959183673,0.04081632653061224,0.0004995004995004995,0.0004995004995004995,-0.00708352375326186,-0.0052284371101890895
2.0,0.12244897959183673,0.061224489795918366,0.0004995004995004995,0.0004995004995004995,-0.00708352375326186,-0.0052284371101890895
2.0,0.12244897959183673,0.08163265306122448,0.0004995004995004995,0.0004995004995004995,-0.00708352375326186,-0.0052284371101890895
2.0,0.12244897959183673,0.1020408163265306,0.0004995004995004995,0.0004995004995004995,-0.00708352375326186,-0.0052284371101890895
2.0,0.12244897959183673,0.12244897959183673,0.0004995004995004995,0.0004995004995004995,-0.00708352375326186,-0.0052284371101890895
2.0,0.12244897959183673,0.14285714285714285,0.0004995004995004995,0.0004995004995004995,-0.00708352375326186,-0.0052284371101890895
2.0,0.12244897959183673,0.16326530612244897,0.0004995004995004995,0.0004995004995004995,-0.00708352375326186,-0.0052284371101890895
2.0,0.12244897959183673,0.18367346938775508,0.0004995004995004995,0.0004995004995004995,-0.00708352375326186,-0.0052284371101890895
2.0,0.12244897959183673,0.2040816326530612,0.0004995004995004995,0.0004995004995004995,-0.00708352375326186,-0.0052284371101890895
2.0,0.12244897959183673,0.22448979591836732,0.0004995004995004995,0.0004995004995004995,-0.00708352375326186,-0.0052284371101890895
2.0,0.12244897959183673,0.24489795918367346,0.0004995004995004995,0.0004995004995004995,-0.00708352375326186,-0.0052284371101890895
2.0,0.12244897959183673,0.26530612244897955,0.0004995004995004995,0.0004995004995004995,-0.00708352375326186,-0.0052284371101890895
2.0,0.12244897959183673,0.2857142857142857,0.0004995004995004995,0.0004995004995004995,-0.00708352375326186,-0.0052284371101890895
2.0,0.12244897959183673,0.3061224489795918,0.0004995004995004995,0.0004995004995004995,-0.00708352375326186,-0.0052284371101890895
2.0,0.12244897959183673,0.32653061224489793,0.0004995004995004995,0.0004995004995004995,-0.00708352375326186,-0.0052284371101890895
2.0,0.12244897959183673,0.3469387755102041,0.0004995004995004995,0.0004995004995004995,-0.00708352375326186,-0.0052284371101890895
2.0,0.12244897959183673,0.36734693877551017,0.0004995004995004995,0.0004995004995004995,-0.00708352375326186,-0.0052284371101890895
2.0,0.12244897959183673,0.3877551020408163,0.0004995004995004995,0.0004995004995004995,-0.00708352375326186,-0.0052284371101890895
2.0,0.12244897959183673,0.4081632653061224,0.0004995004995004995,0.0005502897364332392,-0.00708352375326186,-0.0051776478732563505
2.0,0.12244897959183673,0.42857142857142855,0.0004995004995004995,0.0006631800287817404,-0.00708352375326186,-0.005064757580907849
2.0,0.12244897959183673,0.44897959183673464,0.0004995004995004995,0.0008030828128669584,-0.00708352375326186,-0.004924854796822631
2.0,0.12244897959183673,0.4693877551020408,0.0004995004995004995,0.0009678418481464598,-0.00708352375326186,-0.0047600957615431295
2.0,0.12244897959183673,0.4897959183673469,0.0004995004995004995,0.0011550185539768018,-0.00708352375326186,-0.004572919055712788
2.0,0.12244897959183673,0.5102040816326531,0.0004995004995004995,0.0013618047673764257,-0.00708352375326186,-0.004366132842313164
2.0,0.12244897959183673,0.5306122448979591,0.0004995004995004995,0.0015849293729490075,-0.00708352375326186,-0.004143008236740582
2.0,0.12244897959183673,0.5510204081632653,0.0004995004995004995,0.0018205727524425463,-0.00708352375326186,-0.003907364857247043
2.0,0.12244897959183673,0.5714285714285714,0.0004995004995004995,0.002064293767646167,-0.00708352375326186,-0.0036636438420434222
2.0,0.12244897959183673,0.5918367346938775,0.0004995004995004995,0.0023110170536829707,-0.00708352375326186,-0.0034169205560066187
2.0,0.12244897959183673,0.6122448979591836,0.0004995004995004995,0.0025551201266331425,-0.00708352375326186,-0.003172817483056447
2.0,0.12244897959183673,0.6326530612244897,0.0004995004995004995,0.002790743149131763,-0.00708352375326186,-0.0029371944605578264
2.0,0.12244897959183673,0.6530612244897959,0.0004995004995004995,0.0030121082617427155,-0.00708352375326186,-0.002715829347946874
2.0,0.12244897959183673,0.673469387755102,0.0005577345707481649,0.0032141427984910364,-0.007025289682014196,-0.002513794811198553
2.0,0.12244897959183673,0.6938775510204082,0.0007273605256538516,0.003393071154445312,-0.0068556637271085085,-0.0023348664552442773
2.0,0.12244897959183673,0.7142857142857142,0.0009582382432282152,0.0035469049675146587,-0.006624786009534145,-0.0021810326421749307
2.0,0.12244897959183673,0.7346938775510203,0.0012599241038737633,0.003675576906689913,-0.0063231001488885975,-0.0020523607029996763
2.0,0.12244897959183673,0.7551020408163265,0.0016414302717489854,0.003780798022092644,-0.005941593981013375,-0.0019471395875969456
2.0,0.12244897959183673,0.7755102040816326,0.0021098512397882824,0.0038655205061550657,-0.005473173012974078,-0.0018624171035345237
2.0,0.12244897959183673,0.7959183673469387,0.00266969438757073,0.003933086793428029,-0.00491332986519163,-0.0017948508162615607
2.0,0.12244897959183673,0.8163265306122448,0.0033225564137182263,0.003987086565528694,-0.004260467839044134,-0.0017408510441608953
2.0,0.12244897959183673,0.836734693877551,0.004067268860474733,0.004030729010589388,-0.0035157553922876275,-0.0016972085991002013
2.0,0.12244897959183673,0.8571428571428571,0.004900865991084044,0.004066608028899132,-0.0026821582616783166,-0.001661329580790457
2.0,0.12244897959183673,0.8775510204081632,0.005818225179886895,0.004096779747855524,-0.0017647990728754653,-0.0016311578618340653
2.0,0.12244897959183673,0.8979591836734693,0.006814445407742786,0.004123105736172048,-0.0007685788450195741,-0.0016048318735175414
2.0,0.12244897959183673,0.9183673469387754,0.007883194077701083,0.004146642178917276,0.00030016982493872267,-0.0015812954307723136
2.0,0.12244897959183673,0.9387755102040816,0.009018289987651862,0.004168348158882337,0.0014352657348895015,-0.0015595894508072528
2.0,0.12244897959183673,0.9591836734693877,0.01021358868855217,0.004188789652722439,0.002630564435789809,-0.0015391479569671507
2.0,0.12244897959183673,0.9795918367346939,0.011465352722559212,0.004208643819651858,0.0038823284697968516,-0.001519293790037731
2.0,0.12244897959183673,1.0,0.012765819739847948,0.004228027740786039,0.005182795487085588,-0.0014999098689035505
2.0,0.14285714285714285,0.0,0.0004995004995004995,0.0004995004995004995,-0.00708352375326186,-0.0052284371101890895
2.0,0.14285714285714285,0.02040816326530612,0.0004995004995004995,0.0004995004995004995,-0.00708352375326186,-0.0052284371101890895
2.0,0.14285714285714285,0.04081632653061224,0.0004995004995004995,0.0004995004995004995,-0.00708352375326186,-0.0052284371101890895
2.0,0.14285714285714285,0.061224489795918366,0.0004995004995004995,0.0004995004995004995,-0.00708352375326186,-0.0052284371101890895
2.0,0.14285714285714285,0.08163265306122448,0.0004995004995004995,0.0004995004995004995,-0.00708352375326186,-0.0052284371101890895
2.0,0.14285714285714285,0.1020408163265306,0.0004995004995004995,0.0004995004995004995,-0.00708352375326186,-0.0052284371101890895
2.0,0.14285714285714285,0.12244897959183673,0.0004995004995004995,0.0004995004995004995,-0.00708352375326186,-0.0052284371101890895
2.0,0.14285714285714285,0.14285714285714285,0.0004995004995004995,0.0004995004995004995,-0.00708352375326186,-0.0052284371101890895
2.0,0.14285714285714285,0.16326530612244897,0.0004995004995004995,0.0004995004995004995,-0.00708352375326186,-0.0052284371101890895
2.0,0.14285714285714285,0.18367346938775508,0.0004995004995004995,0.0004995004995004995,-0.00708352375326186,-0.0052284371101890895
2.0,0.14285714285714285,0.2040816326530612,0.0004995004995004995,0.0004995004995004995,-0.00708352375326186,-0.0052284371101890895
2.0,0.14285714285714285,0.22448979591836732,0.0004995004995004995,0.0004995004995004995,-0.00708352375326186,-0.0052284371101890895
2.0,0.14285714285714285,0.24489795918367346,0.0004995004995004995,0.0004995004995004995,-0.00708352375326186,-0.0052284371101890895
2.0,0.14285714285714285,0.26530612244897955,0.0004995004995004995,0.0004995004995004995,-0.00708352375326186,-0.0052284371101890895
2.0,0.14285714285714285,0.2857142857142857,0.0004995004995004995,0.0004995004995004995,-0.00708352375326186,-0.0052284371101890895
2.0,0.14285714285714285,0.3061224489795918,0.0004995004995004995,0.0004995004995004995,-0.00708352375326186,-0.0052284371101890895
2.0,0.14285714285714285,0.32653061224489793,0.0004995004995004995,0.0004995004995004995,-0.00708352375326186,-0.0052284371101890895
2.0,0.14285714285714285,0.3469387755102041,0.0004995004995004995,0.0004995004995004995,-0.00708352375326186,-0.0052284371101890895
2.0,0.14285714285714285,0.36734693877551017,0.0004995004995004995,0.0004995004995004995,-0.00708352375326186,-0.0052284371101890895
2.0,0.14285714285714285,0.3877551020408163,0.0004995004995004995,0.0004995004995004995,-0.00708352375326186,-0.0052284371101890895
2.0,0.14285714285714285,0.4081632653061224,0.0004995004995004995,0.0005494741704850961,-0.00708352375326186,-0.005178463439204493
2.0,0.14285714285714285,0.42857142857142855,0.0004995004995004995,0.0006617758275417559,-0.00708352375326186,-0.005066161782147834
2.0,0.14285714285714285,0.44897959183673464,0.0004995004995004995,0.000800854657679245,-0.00708352375326186,-0.004927082952010345
2.0,0.14285714285714285,0.4693877551020408,0.0004995004995004995,0.0009644501173516015,-0.00708352375326186,-0.004763487492337988
2.0,0.14285714285714285,0.4897959183673469,0.0004995004995004995,0.0011499861112413334,-0.00708352375326186,-0.004577951498448256
2.0,0.14285714285714285,0.5102040816326531,0.0004995004995004995,0.0013544868301214633,-0.00708352375326186,-0.004373450779568126
2.0,0.14285714285714285,0.5306122448979591,0.0004995004995004995,0.001574433365684942,-0.00708352375326186,-0.004153504244004647
2.0,0.14285714285714285,0.5510204081632653,0.0004995004995004995,0.0018057031318844089,-0.00708352375326186,-0.003922234477805181
2.0,0.14285714285714285,0.5714285714285714,0.0004995004995004995,0.0020435360172173585,-0.00708352375326186,-0.003684401592472231
2.0,0.14285714285714285,0.5918367346938775,0.0004995004995004995,0.0022823978457595746,-0.00708352375326186,-0.003445539763930015
2.0,0.14285714285714285,0.6122448979591836,0.0004995004995004995,0.0025165015714613864,-0.00708352375326186,-0.003211436038228203
2.0,0.14285714285714285,0.6326530612244897,0.0004995004995004995,0.0027397024318035717,-0.00708352375326186,-0.0029882351778860177
2.0,0.14285714285714285,0.6530612244897959,0.0004995004995004995,0.0029462899692127525,-0.00708352375326186,-0.002781647640476837
2.0,0.14285714285714285,0.673469387755102,0.0006225185572375383,0.0031316375392525216,-0.006960505695524822,-0.002596300070437068
2.0,0.14285714285714285,0.6938775510204082,0.0008217920856090403,0.003292852039906418,-0.00676123216715332,-0.002435085569783171
2.0,0.14285714285714285,0.7142857142857142,0.0010894436488560263,0.0034288363329678206,-0.006493580603906334,-0.0022991012767217688
2.0,0.14285714285714285,0.7346938775510203,0.0014355430236954207,0.0035408055975805755,-0.00614748122906694,-0.002187132012109014
2.0,0.14285714285714285,0.7551020408163265,0.0018686339749733106,0.003631132508780664,-0.00571439027778905,-0.0020968051009089255
2.0,0.14285714285714285,0.7755102040816326,0.002394770130744029,0.0037033471733054733,-0.005188254122018331,-0.002024590436384116
2.0,0.14285714285714285,0.7959183673469387,0.003016730577103452,0.0037609886997362666,-0.004566293675658908,-0.001966948909953323
2.0,0.14285714285714285,0.8163265306122448,0.003734479166941619,0.0038074106484362394,-0.0038485450858207412,-0.00192052696125335
2.0,0.14285714285714285,0.836734693877551,0.004545145520491239,0.003845647011781143,-0.0030378787322711213,-0.0018822905979084463
2.0,0.14285714285714285,0.8571428571428571,0.005444342993740584,0.0038777332619211215,-0.002138681259021776,-0.001850204347768468
2.0,0.14285714285714285,0.8775510204081632,0.006426213014156639,0.003905654601848215,-0.0011568112386057218,-0.0018222830078413743
2.0,0.14285714285714285,0.8979591836734693,0.007484684800081766,0.00393048720927579,-9.833945268059464e-05,-0.0017974504004137993
2.0,0.14285714285714285,0.9183673469387754,0.008613341228191589,0.003953493231150743,0.0010303169754292286,-0.0017744443785388461
2.0,0.14285714285714285,0.9387755102040816,0.00980627173787931,0.003975085749051928,0.0022232474851169495,-0.0017528518606376615
2.0,0.14285714285714285,0.9591836734693877,0.011057839496290179,0.003995817835340008,0.0034748152435278186,-0.0017321197743495817
2.0,0.14285714285714285,0.9795918367346939,0.012361796507898853,0.004016001594707202,0.004778772255136492,-0.0017119360149823876
2.0,0.14285714285714285,1.0,0.01371329188901952,0.004036236121378117,0.00613026763625716,-0.0016917014883114723
2.0,0.16326530612244897,0.0,0.0004995004995004995,0.0004995004995004995,-0.00708352375326186,-0.0052284371101890895
2.0,0.16326530612244897,0.02040816326530612,0.0004995004995004995,0.0004995004995004995,-0.00708352375326186,-0.0052284371101890895
2.0,0.16326530612244897,0.04081632653061224,0.0004995004995004995,0.0004995004995004995,-0.00708352375326186,-0.0052284371101890895
2.0,0.16326530612244897,0.061224489795918366,0.0004995004995004995,0.0004995004995004995,-0.00708352375326186,-0.0052284371101890895
2.0,0.16326530612244897,0.08163265306122448,0.0004995004995004995,0.0004995004995004995,-0.00708352375326186,-0.0052284371101890895
2.0,0.16326530612244897,0.1020408163265306,0.0004995004995004995,0.0004995004995004995,-0.00708352375326186,-0.0052284371101890895
2.0,0.16326530612244897,0.12244897959183673,0.0004995004995004995,0.0004995004995004995,-0.00708352375326186,-0.0052284371101890895
2.0,0.16326530612244897,0.14285714285714285,0.0004995004995004995,0.0004995004995004995,-0.00708352375326186,-0.0052284371101890895
2.0,0.16326530612244897,0.16326530612244897,0.0004995004995004995,0.0004995004995004995,-0.00708352375326186,-0.0052284371101890895
2.0,0.16326530612244897,0.18367346938775508,0.0004995004995004995,0.0004995004995004995,-0.00708352375326186,-0.0052284371101890895
2.0,0.16326530612244897,0.2040816326530612,0.0004995004995004995,0.0004995004995004995,-0.00708352375326186,-0.0052284371101890895
2.0,0.16326530612244897,0.22448979591836732,0.0004995004995004995,0.0004995004995004995,-0.00708352375326186,-0.0052284371101890895
2.0,0.16326530612244897,0.24489795918367346,0.0004995004995004995,0.0004995004995004995,-0.00708352375326186,-0.0052284371101890895
2.0,0.16326530612244897,0.26530612244897955,0.0004995004995004995,0.0004995004995004995,-0.00708352375326186,-0.0052284371101890895
2.0,0.16326530612244897,0.2857142857142857,0.0004995004995004995,0.0004995004995004995,-0.00708352375326186,-0.0052284371101890895
2.0,0.16326530612244897,0.3061224489795918,0.0004995004995004995,0.0004995004995004995,-0.00708352375326186,-0.0052284371101890895
2.0,0.16326530612244897,0.32653061224489793,0.0004995004995004995,0.0004995004995004995,-0.00708352375326186,-0.0052284371101890895
2.0,0.16326530612244897,0.3469387755102041,0.0004995004995004995,0.0004995004995004995,-0.00708352375326186,-0.0052284371101890895
2.0,0.16326530612244897,0.36734693877551017,0.0004995004995004995,0.0004995004995004995,-0.00708352375326186,-0.0052284371101890895
2.0,0.16326530612244897,0.3877551020408163,0.0004995004995004995,0.0004995004995004995,-0.00708352375326186,-0.0052284371101890895
2.0,0.16326530612244897,0.4081632653061224,0.0004995004995004995,0.0005486313012476234,-0.00708352375326186,-0.005179306308441966
2.0,0.16326530612244897,0.42857142857142855,0.0004995004995004995,0.0006603227351791119,-0.00708352375326186,-0.005067614874510478
2.0,0.16326530612244897,0.44897959183673464,0.0004995004995004995,0.0007985290733411925,-0.00708352375326186,-0.004929408536348397
2.0,0.16326530612244897,0.4693877551020408,0.0004995004995004995,0.0009608876225458,-0.00708352375326186,-0.004767049987143789
2.0,0.16326530612244897,0.4897959183673469,0.0004995004995004995,0.0011446791047612787,-0.00708352375326186,-0.004583258504928311
2.0,0.16326530612244897,0.5102040816326531,0.0004995004995004995,0.0013467184710496084,-0.00708352375326186,-0.004381219138639981
2.0,0.16326530612244897,0.5306122448979591,0.0004995004995004995,0.0015632395189551307,-0.00708352375326186,-0.004164698090734459
2.0,0.16326530612244897,0.5510204081632653,0.0004995004995004995,0.0017897882976038292,-0.00708352375326186,-0.00393814931208576
2.0,0.16326530612244897,0.5714285714285714,0.0004995004995004995,0.0020212448323059934,-0.00708352375326186,-0.003706692777383596
2.0,0.16326530612244897,0.5918367346938775,0.0004995004995004995,0.0022517306043374624,-0.00708352375326186,-0.003476207005352127
2.0,0.16326530612244897,0.6122448979591836,0.0004995004995004995,0.0024751212448168446,-0.00708352375326186,-0.003252816364872745
2.0,0.16326530612244897,0.6326530612244897,0.0004995004995004995,0.0026852866540214163,-0.00708352375326186,-0.003042650955668173
2.0,0.16326530612244897,0.6530612244897959,0.0005316412789905839,0.002876674418689871,-0.007051382973771777,-0.0028512631909997184
2.0,0.16326530612244897,0.673469387755102,0.0006986510948380575,0.0030454063983854614,-0.006884373157924303,-0.002682531211304128
2.0,0.16326530612244897,0.6938775510204082,0.0009310673023854223,0.0031894163065244647,-0.006651956950376938,-0.0025385213031651247
2.0,0.16326530612244897,0.7142857142857142,0.0012395621632730889,0.0033088872531590492,-0.006343462089489271,-0.00241905035653054
2.0,0.16326530612244897,0.7346938775510203,0.00163415395556331,0.003405814884723954,-0.00594887029719905,-0.0023221227249656355
2.0,0.16326530612244897,0.7551020408163265,0.002122587188357345,0.003483409294819064,-0.0054604370644050155,-0.0022445283148705255
2.0,0.16326530612244897,0.7755102040816326,0.0027092278933383675,0.0035454018408340227,-0.004873796359423993,-0.0021825357688555667
2.0,0.16326530612244897,0.7959183673469387,0.0033951501134980087,0.0035953020741556103,-0.004187874139264351,-0.002132635535533979
2.0,0.16326530612244897,0.8163265306122448,0.004178343883598316,0.003636080414505505,-0.003404680369164044,-0.0020918571951840845
2.0,0.16326530612244897,0.836734693877551,0.0050547726568593195,0.0036704438484331473,-0.002528251595903041,-0.002057493761256442
2.0,0.16326530612244897,0.8571428571428571,0.006018544557355853,0.0037000815148878832,-0.0015644796954065072,-0.002027856094801706
2.0,0.16326530612244897,0.8775510204081632,0.007063329342593154,0.003726454131152107,-0.0005196949101692067,-0.0020014834785374823
2.0,0.16326530612244897,0.8979591836734693,0.008182449091797016,0.003750811848461651,0.0005994248390346554,-0.0019771257612279385
2.0,0.16326530612244897,0.9183673469387754,0.009369358563399464,0.003773584014030511,0.0017863343106371034,-0.0019543535956590783
2.0,0.16326530612244897,0.9387755102040816,0.010617908352417356,0.003795429244852864,0.003034884099654996,-0.0019325083648367254
2.0,0.16326530612244897,0.9591836734693877,0.011922260535343131,0.0038167461067814172,0.004339236282580771,-0.0019111915029081722
2.0,0.16326530612244897,0.9795918367346939,0.013275923315944422,0.00383773818503023,0.0056928990631820615,-0.0018901994246593593
2.0,0.16326530612244897,1.0,0.014677410667622922,0.003858611959703902,0.007094386414860562,-0.0018693256499856875
2.0,0.18367346938775508,0.0,0.0004995004995004995,0.0004995004995004995,-0.00708352375326186,-0.0052284371101890895
2.0,0.18367346938775508,0.02040816326530612,0.0004995004995004995,0.0004995004995004995,-0.00708352375326186,-0.0052284371101890895
2.0,0.18367346938775508,0.04081632653061224,0.0004995004995004995,0.0004995004995004995,-0.00708352375326186,-0.0052284371101890895
2.0,0.18367346938775508,0.061224489795918366,0.0004995004995004995,0.0004995004995004995,-0.00708352375326186,-0.0052284371101890895
2.0,0.18367346938775508,0.08163265306122448,0.0004995004995004995,0.0004995004995004995,-0.00708352375326186,-0.0052284371101890895
2.0,0.18367346938775508,0.1020408163265306,0.0004995004995004995,0.0004995004995004995,-0.00708352375326186,-0.0052284371101890895
2.0,0.18367346938775508,0.12244897959183673,0.0004995004995004995,0.0004995004995004995,-0.00708352375326186,-0.0052284371101890895
2.0,0.18367346938775508,0.14285714285714285,0.0004995004995004995,0.0004995004995004995,-0.00708352375326186,-0.0052284371101890895
2.0,0.18367346938775508,0.16326530612244897,0.0004995004995004995,0.0004995004995004995,-0.00708352375326186,-0.0052284371101890895
2.0,0.18367346938775508,0.18367346938775508,0.0004995004995004995,0.0004995004995004995,-0.00708352375326186,-0.0052284371101890895
2.0,0.18367346938775508,0.2040816326530612,0.0004995004995004995,0.0004995004995004995,-0.00708352375326186,-0.0052284371101890895
2.0,0.18367346938775508,0.22448979591836732,0.0004995004995004995,0.0004995004995004995,-0.00708352375326186,-0.0052284371101890895
2.0,0.18367346938775508,0.24489795918367346,0.0004995004995004995,0.0004995004995004995,-0.00708352375326186,-0.0052284371101890895
2.0,0.18367346938775508,0.26530612244897955,0.0004995004995004995,0.0004995004995004995,-0.00708352375326186,-0.0052284371101890895
2.0,0.18367346938775508,0.2857142857142857,0.0004995004995004995,0.0004995004995004995,-0.00708352375326186,-0.0052284371101890895
2.0,0.18367346938775508,0.3061224489795918,0.0004995004995004995,0.0004995004995004995,-0.00708352375326186,-0.0052284371101890895
2.0,0.18367346938775508,0.32653061224489793,0.0004995004995004995,0.0004995004995004995,-0.00708352375326186,-0.0052284371101890895
2.0,0.18367346938775508,0.3469387755102041,0.0004995004995004995,0.0004995004995004995,-0.00708352375326186,-0.0052284371101890895
2.0,0.18367346938775508,0.36734693877551017,0.0004995004995004995,0.0004995004995004995,-0.00708352375326186,-0.0052284371101890895
2.0,0.18367346938775508,0.3877551020408163,0.0004995004995004995,0.0004995004995004995,-0.00708352375326186,-0.0052284371101890895
2.0,0.18367346938775508,0.4081632653061224,0.0004995004995004995,0.0005477651455130308,-0.00708352375326186,-0.0051801724641765585
2.0,0.18367346938775508,0.42857142857142855,0.0004995004995004995,0.0006588134221765215,-0.00708352375326186,-0.005069124187513068
2.0,0.18367346938775508,0.44897959183673464,0.0004995004995004995,0.000796103673540797,-0.00708352375326186,-0.004931833936148792
2.0,0.18367346938775508,0.4693877551020408,0.0004995004995004995,0.0009571524068940365,-0.00708352375326186,-0.0047707852027955525
2.0,0.18367346938775508,0.4897959183673469,0.0004995004995004995,0.0011390758800568796,-0.00708352375326186,-0.00458886172963271
2.0,0.18367346938775508,0.5102040816326531,0.0004995004995004995,0.0013384797731552473,-0.00708352375326186,-0.004389457836534342
2.0,0.18367346938775508,0.5306122448979591,0.0004995004995004995,0.0015513033859268911,-0.00708352375326186,-0.004176634223762698
2.0,0.18367346938775508,0.5510204081632653,0.0004995004995004995,0.0017727654654274214,-0.00708352375326186,-0.003955172144262168
2.0,0.18367346938775508,0.5714285714285714,0.0004995004995004995,0.0019973475813148183,-0.00708352375326186,-0.003730590028374771
2.0,0.18367346938775508,0.5918367346938775,0.0004995004995004995,0.0022188835606875307,-0.00708352375326186,-0.0035090540490020587
2.0,0.18367346938775508,0.6122448979591836,0.0004995004995004995,0.002431003278393737,-0.00708352375326186,-0.0032969343312958524
2.0,0.18367346938775508,0.6326530612244897,0.0004995004995004995,0.002627567641820063,-0.00708352375326186,-0.0031003699678695262
2.0,0.18367346938775508,0.6530612244897959,0.0005909100319690012,0.002803613178012225,-0.006992114220793359,-0.0029243244316773643
2.0,0.18367346938775508,0.673469387755102,0.000787409585437096,0.0029559479225906215,-0.006795614667325265,-0.002771989687098968
2.0,0.18367346938775508,0.6938775510204082,0.001056787070892319,0.003083719619494342,-0.006526237181870041,-0.0026442179901952473
2.0,0.18367346938775508,0.7142857142857142,0.0014102428835109804,0.0031881578121559766,-0.00617278136925138,-0.0025397797975336128
2.0,0.18367346938775508,0.7346938775510203,0.0018572359304096704,0.003272098068886591,-0.00572578832235269,-0.0024558395408029983
2.0,0.18367346938775508,0.7551020408163265,0.0024040656679953226,0.0033391044849191403,-0.005178958584767038,-0.002388833124770449
2.0,0.18367346938775508,0.7755102040816326,0.003053387186278311,0.003392986075681677,-0.004529637066484049,-0.0023349515340079126
2.0,0.18367346938775508,0.7959183673469387,0.0038043263024664094,0.0034370794240355593,-0.003778697950295951,-0.00229085818565403
2.0,0.18367346938775508,0.8163265306122448,0.004653145060999817,0.0034737606761498915,-0.002929879191762543,-0.002254176933539698
2.0,0.18367346938775508,0.836734693877551,0.005594284388079381,0.003505410953566028,-0.0019887398646829795,-0.0022225266561235616
2.0,0.18367346938775508,0.8571428571428571,0.006621137894311303,0.0035336433705898066,-0.0009618863584510574,-0.002194294239099783
2.0,0.18367346938775508,0.8775510204081632,0.0077265383482679195,0.0035592861226852457,0.00014351409550555916,-0.0021686514870043437
2.0,0.18367346938775508,0.8979591836734693,0.008904458621720594,0.0035833283302802075,0.0013214343689582336,-0.002144609279409382
2.0,0.18367346938775508,0.9183673469387754,0.010147523593883753,0.0036063187210331046,0.002564499341121393,-0.002121618888656485
2.0,0.18367346938775508,0.9387755102040816,0.011449528072391484,0.0036285469258696326,0.0038665038196291236,-0.002099390683819957
2.0,0.18367346938775508,0.9591836734693877,0.012804496226910064,0.0036505443155100056,0.005221471974147704,-0.0020773932941795838
2.0,0.18367346938775508,0.9795918367346939,0.014208451284072367,0.003672179635765037,0.006625427031310006,-0.002055757973924552
2.0,0.18367346938775508,1.0,0.015655118735040482,0.0036937367365462107,0.008072094482278122,-0.0020342008731433787
2.0,0.2040816326530612,0.0,0.0004995004995004995,0.0004995004995004995,-0.00708352375326186,-0.0052284371101890895
2.0,0.2040816326530612,0.02040816326530612,0.0004995004995004995,0.0004995004995004995,-0.00708352375326186,-0.0052284371101890895
2.0,0.2040816326530612,0.04081632653061224,0.0004995004995004995,0.0004995004995004995,-0.00708352375326186,-0.0052284371101890895
2.0,0.2040816326530612,0.061224489795918366,0.0004995004995004995,0.0004995004995004995,-0.00708352375326186,-0.0052284371101890895
2.0,0.2040816326530612,0.08163265306122448,0.0004995004995004995,0.0004995004995004995,-0.00708352375326186,-0.0052284371101890895
2.0,0.2040816326530612,0.1020408163265306,0.0004995004995004995,0.0004995004995004995,-0.00708352375326186,-0.0052284371101890895
2.0,0.2040816326530612,0.12244897959183673,0.0004995004995004995,0.0004995004995004995,-0.00708352375326186,-0.0052284371101890895
2.0,0.2040816326530612,0.14285714285714285,0.0004995004995004995,0.0004995004995004995,-0.00708352375326186,-0.0052284371101890895
2.0,0.2040816326530612,0.16326530612244897,0.0004995004995004995,0.0004995004995004995,-0.00708352375326186,-0.0052284371101890895
2.0,0.2040816326530612,0.18367346938775508,0.0004995004995004995,0.0004995004995004995,-0.00708352375326186,-0.0052284371101890895
2.0,0.2040816326530612,0.2040816326530612,0.0004995004995004995,0.0004995004995004995,-0.00708352375326186,-0.0052284371101890895
2.0,0.2040816326530612,0.22448979591836732,0.0004995004995004995,0.0004995004995004995,-0.00708352375326186,-0.0052284371101890895
2.0,0.2040816326530612,0.24489795918367346,0.0004995004995004995,0.0004995004995004995,-0.00708352375326186,-0.0052284371101890895
2.0,0.2040816326530612,0.26530612244897955,0.0004995004995004995,0.0004995004995004995,-0.00708352375326186,-0.0052284371101890895
2.0,0.2040816326530612,0.2857142857142857,0.0004995004995004995,0.0004995004995004995,-0.00708352375326186,-0.0052284371101890895
2.0,0.2040816326530612,0.3061224489795918,0.0004995004995004995,0.0004995004995004995,-0.00708352375326186,-0.0052284371101890895
2.0,0.2040816326530612,0.32653061224489793,0.0004995004995004995,0.0004995004995004995,-0.00708352375326186,-0.0052284371101890895
2.0,0.2040816326530612,0.3469387755102041,0.0004995004995004995,0.0004995004995004995,-0.00708352375326186,-0.0052284371101890895
2.0,0.2040816326530612,0.36734693877551017,0.0004995004995004995,0.0004995004995004995,-0.00708352375326186,-0.0052284371101890895
2.0,0.2040816326530612,0.3877551020408163,0.0004995004995004995,0.0004995004995004995,-0.00708352375326186,-0.0052284371101890895
2.0,0.2040816326530612,0.4081632653061224,0.0004995004995004995,0.00054687292725846,-0.00708352375326186,-0.00518106468243113
2.0,0.2040816326530612,0.42857142857142855,0.0004995004995004995,0.0006572495380842629,-0.00708352375326186,-0.005070688071605326
2.0,0.2040816326530612,0.44897959183673464,0.0004995004995004995,0.0007935698568873372,-0.00708352375326186,-0.004934367752802252
2.0,0.2040816326530612,0.4693877551020408,0.0004995004995004995,0.0009532271764648636,-0.00708352375326186,-0.004774710433224726
2.0,0.2040816326530612,0.4897959183673469,0.0004995004995004995,0.0011331684682782473,-0.00708352375326186,-0.004594769141411342
2.0,0.2040816326530612,0.5102040816326531,0.0004995004995004995,0.0013297330730704581,-0.00708352375326186,-0.004398204536619131
2.0,0.2040816326530612,0.5306122448979591,0.0004995004995004995,0.001538586315032706,-0.00708352375326186,-0.004189351294656883
2.0,0.2040816326530612,0.5510204081632653,0.0004995004995004995,0.0017545703296388718,-0.00708352375326186,-0.003973367280050717
2.0,0.2040816326530612,0.5714285714285714,0.0004995004995004995,0.001971793437602521,-0.00708352375326186,-0.0037561441720870684
2.0,0.2040816326530612,0.5918367346938775,0.0004995004995004995,0.0021837845851127254,-0.00708352375326186,-0.003544153024576864
2.0,0.2040816326530612,0.6122448979591836,0.0004995004995004995,0.002384073248795654,-0.00708352375326186,-0.0033438643608939356
2.0,0.2040816326530612,0.6326530612244897,0.0005004022457493774,0.0025667329726913888,-0.007082622007012983,-0.0031612046369982006
2.0,0.2040816326530612,0.6530612244897959,0.0006607594663252985,0.002727448158692524,-0.006922264786437062,-0.0030004894509970655
2.0,0.2040816326530612,0.673469387755102,0.000890175234568808,0.002864066876516463,-0.006692849018193552,-0.0028638707331731265
2.0,0.2040816326530612,0.6938775510204082,0.0012005092922672384,0.002976819812885974,-0.0063825149604951215,-0.0027511177968036152
2.0,0.2040816326530612,0.7142857142857142,0.0016029039650436452,0.0030680025341463485,-0.005980120287718715,-0.002659935075543241
2.0,0.2040816326530612,0.7346938775510203,0.002105762207281567,0.003140967010282469,-0.005477262045480793,-0.0025869705994071204
2.0,0.2040816326530612,0.7551020408163265,0.0027136964446211366,0.0031995335428725517,-0.004869327808141224,-0.0025284040668170377
2.0,0.2040816326530612,0.7755102040816326,0.003427109004908185,0.0032471697071966943,-0.004155915247854175,-0.002480767902492895
2.0,0.2040816326530612,0.7959183673469387,0.004243366371967107,0.0032868498098116454,-0.003339657880795254,-0.002441087799877944
2.0,0.2040816326530612,0.8163265306122448,0.005157109523485761,0.003320772809372931,-0.0024259147292765995,-0.0024071648003166583
2.0,0.2040816326530612,0.836734693877551,0.00616170064993324,0.0033507997869654214,-0.0014213236028291203,-0.002377137822724168
2.0,0.2040816326530612,0.8571428571428571,0.007250043650434344,0.003377960753069655,-0.00033298060232801654,-0.0023499768566199344
2.0,0.2040816326530612,0.8775510204081632,0.008414904475945435,0.003403435733655577,0.0008318802231830746,-0.0023245018760340123
2.0,0.2040816326530612,0.8979591836734693,0.009648630799722327,0.0034275330184209375,0.0020656065469599662,-0.002300404591268652
2.0,0.2040816326530612,0.9183673469387754,0.01094540332729033,0.0034509630113617783,0.0033623790745279693,-0.002276974598327811
2.0,0.2040816326530612,0.9387755102040816,0.012298855571217536,0.0034736269232325773,0.004715831318455176,-0.002254310686457012
2.0,0.2040816326530612,0.9591836734693877,0.013703635752743052,0.003496118566165483,0.006120611499980692,-0.0022318190435241065
2.0,0.2040816326530612,0.9795918367346939,0.015154980620703376,0.0035187021418436435,0.007571956367941016,-0.002209235467845946
2.0,0.2040816326530612,1.0,0.016645839020760486,0.003540938752018742,0.009062814767998126,-0.0021869988576708474
2.0,0.22448979591836732,0.0,0.0004995004995004995,0.0004995004995004995,-0.00708352375326186,-0.0052284371101890895
2.0,0.22448979591836732,0.02040816326530612,0.0004995004995004995,0.0004995004995004995,-0.00708352375326186,-0.0052284371101890895
2.0,0.22448979591836732,0.04081632653061224,0.0004995004995004995,0.0004995004995004995,-0.00708352375326186,-0.0052284371101890895
2.0,0.22448979591836732,0.061224489795918366,0.0004995004995004995,0.0004995004995004995,-0.00708352375326186,-0.0052284371101890895
2.0,0.22448979591836732,0.08163265306122448,0.0004995004995004995,0.0004995004995004995,-0.00708352375326186,-0.0052284371101890895
2.0,0.22448979591836732,0.1020408163265306,0.0004995004995004995,0.0004995004995004995,-0.00708352375326186,-0.0052284371101890895
2.0,0.22448979591836732,0.12244897959183673,0.0004995004995004995,0.0004995004995004995,-0.00708352375326186,-0.0052284371101890895
2.0,0.22448979591836732,0.14285714285714285,0.0004995004995004995,0.0004995004995004995,-0.00708352375326186,-0.0052284371101890895
2.0,0.22448979591836732,0.16326530612244897,0.0004995004995004995,0.0004995004995004995,-0.00708352375326186,-0.0052284371101890895
2.0,0.22448979591836732,0.18367346938775508,0.0004995004995004995,0.0004995004995004995,-0.00708352375326186,-0.0052284371101890895
2.0,0.22448979591836732,0.2040816326530612,0.0004995004995004995,0.0004995004995004995,-0.00708352375326186,-0.0052284371101890895
2.0,0.22448979591836732,0.22448979591836732,0.0004995004995004995,0.0004995004995004995,-0.00708352375326186,-0.0052284371101890895
2.0,0.22448979591836732,0.24489795918367346,0.0004995004995004995,0.0004995004995004995,-0.00708352375326186,-0.0052284371101890895
2.0,0.22448979591836732,0.26530612244897955,0.0004995004995004995,0.0004995004995004995,-0.00708352375326186,-0.0052284371101890895
2.0,0.22448979591836732,0.2857142857142857,0.0004995004995004995,0.0004995004995004995,-0.00708352375326186,-0.0052284371101890895
2.0,0.22448979591836732,0.3061224489795918,0.0004995004995004995,0.0004995004995004995,-0.00708352375326186,-0.0052284371101890895
2.0,0.22448979591836732,0.32653061224489793,0.0004995004995004995,0.0004995004995004995,-0.00708352375326186,-0.0052284371101890895
2.0,0.22448979591836732,0.3469387755102041,0.0004995004995004995,0.0004995004995004995,-0.00708352375326186,-0.0052284371101890895
2.0,0.22448979591836732,0.36734693877551017,0.0004995004995004995,0.0004995004995004995,-0.00708352375326186,-0.0052284371101890895
2.0,0.22448979591836732,0.3877551020408163,0.0004995004995004995,0.0004995004995004995,-0.00708352375326186,-0.0052284371101890895
2.0,0.22448979591836732,0.4081632653061224,0.0004995004995004995,0.0005459522833166093,-0.00708352375326186,-0.00518198532637298
2.0,0.22448979591836732,0.42857142857142855,0.0004995004995004995,0.0006556265221512021,-0.00708352375326186,-0.0050723110875383875
2.0,0.22448979591836732,0.44897959183673464,0.0004995004995004995,0.0007909277443786839,-0.00708352375326186,-0.004937009865310905
2.0,0.22448979591836732,0.4693877551020408,0.0004995004995004995,0.0009491066376604038,-0.00708352375326186,-0.004778830972029186
2.0,0.22448979591836732,0.4897959183673469,0.0004995004995004995,0.0011269137949693026,-0.00708352375326186,-0.004601023814720287
2.0,0.22448979591836732,0.5102040816326531,0.0004995004995004995,0.0013204457580940632,-0.00708352375326186,-0.004407491851595526
2.0,0.22448979591836732,0.5306122448979591,0.0004995004995004995,0.0015250284020809075,-0.00708352375326186,-0.0042029092076086814
2.0,0.22448979591836732,0.5510204081632653,0.0004995004995004995,0.001735146547025229,-0.00708352375326186,-0.0039927910626643606
2.0,0.22448979591836732,0.5714285714285714,0.0004995004995004995,0.0019445180834649096,-0.00708352375326186,-0.00378341952622468
2.0,0.22448979591836732,0.5918367346938775,0.0004995004995004995,0.002146412458191977,-0.00708352375326186,-0.0035815251514976125
2.0,0.22448979591836732,0.6122448979591836,0.0004995004995004995,0.0023344152970844827,-0.00708352375326186,-0.0033935223126051067
2.0,0.22448979591836732,0.6326530612244897,0.000553025201017332,0.002503015977356303,-0.007029999051745029,-0.0032249216323332864
2.0,0.22448979591836732,0.6530612244897959,0.0007423411294265267,0.0026487288484123637,-0.006840683123335834,-0.0030792087612772257
2.0,0.22448979591836732,0.673469387755102,0.0010084146695408759,0.0027705733412819703,-0.0065746095832214845,-0.002957364268407619
2.0,0.22448979591836732,0.6938775510204082,0.0013637215809151658,0.0028698798029254645,-0.0062193026718471945,-0.002858057806764125
2.0,0.22448979591836732,0.7142857142857142,0.0018188491374895237,0.0029496127419805854,-0.005764175115272836,-0.002778324867709004
2.0,0.22448979591836732,0.7346938775510203,0.002380564067912524,0.0030136219967803646,-0.005202460184849836,-0.002714315612909225
2.0,0.22448979591836732,0.7551020408163265,0.0030513266541766382,0.003065518555631871,-0.004531697598585722,-0.0026624190540577184
2.0,0.22448979591836732,0.7755102040816326,0.003829704279061089,0.0031084962128654636,-0.0037533199737012713,-0.0026194413968241258
2.0,0.22448979591836732,0.7959183673469387,0.004710922969905156,0.003145063284230001,-0.002872101282857204,-0.0025828743254595883
2.0,0.22448979591836732,0.8163265306122448,0.005688570976687304,0.003177141620953299,-0.001894453276075056,-0.0025507959887362906
2.0,0.22448979591836732,0.836734693877551,0.006755121415457702,0.0032060790137574823,-0.000827902837304658,-0.002521858595932107
2.0,0.22448979591836732,0.8571428571428571,0.007902998881076172,0.0032329269327694343,0.00031997462831381135,-0.002495010676920155
2.0,0.22448979591836732,0.8775510204081632,0.00912496282222994,0.003258336015520623,0.0015419385694675804,-0.0024696015941689663
2.0,0.22448979591836732,0.8979591836734693,0.010413589964566327,0.0032827770761063467,0.0028305657118039666,-0.0024451605335832427
2.0,0.22448979591836732,0.9183673469387754,0.011762121335013101,0.0033066581429103156,0.004179097082250741,-0.002421279466779274
2.0,0.22448979591836732,0.9387755102040816,0.01316532970408987,0.0033300944604948337,0.005582305451327509,-0.0023978431491947557
2.0,0.22448979591836732,0.9591836734693877,0.014617928711606921,0.0033532842485350257,0.007034904458844561,-0.0023746533611545637
2.0,0.22448979591836732,0.9795918367346939,0.016113503542073877,0.003376124924980647,0.008530479289311516,-0.0023518126847089423
2.0,0.22448979591836732,1.0,0.01764951023752267,0.0033992582813221566,0.010066485984760308,-0.002328679328367433
2.0,0.24489795918367346,0.0,0.0004995004995004995,0.0004995004995004995,-0.00708352375326186,-0.0052284371101890895
2.0,0.24489795918367346,0.02040816326530612,0.0004995004995004995,0.0004995004995004995,-0.00708352375326186,-0.0052284371101890895
2.0,0.24489795918367346,0.04081632653061224,0.0004995004995004995,0.0004995004995004995,-0.00708352375326186,-0.0052284371101890895
2.0,0.24489795918367346,0.061224489795918366,0.0004995004995004995,0.0004995004995004995,-0.00708352375326186,-0.0052284371101890895
2.0,0.24489795918367346,0.08163265306122448,0.0004995004995004995,0.0004995004995004995,-0.00708352375326186,-0.0052284371101890895
2.0,0.24489795918367346,0.1020408163265306,0.0004995004995004995,0.0004995004995004995,-0.00708352375326186,-0.0052284371101890895
2.0,0.24489795918367346,0.12244897959183673,0.0004995004995004995,0.0004995004995004995,-0.00708352375326186,-0.0052284371101890895
2.0,0.24489795918367346,0.14285714285714285,0.0004995004995004995,0.0004995004995004995,-0.00708352375326186,-0.0052284371101890895
2.0,0.24489795918367346,0.16326530612244897,0.0004995004995004995,0.0004995004995004995,-0.00708352375326186,-0.0052284371101890895
2.0,0.24489795918367346,0.18367346938775508,0.0004995004995004995,0.0004995004995004995,-0.00708352375326186,-0.0052284371101890895
2.0,0.24489795918367346,0.2040816326530612,0.0004995004995004995,0.0004995004995004995,-0.00708352375326186,-0.0052284371101890895
2.0,0.24489795918367346,0.22448979591836732,0.0004995004995004995,0.0004995004995004995,-0.00708352375326186,-0.0052284371101890895
2.0,0.24489795918367346,0.24489795918367346,0.0004995004995004995,0.0004995004995004995,-0.00708352375326186,-0.0052284371101890895
2.0,0.24489795918367346,0.26530612244897955,0.0004995004995004995,0.0004995004995004995,-0.00708352375326186,-0.0052284371101890895
2.0,0.24489795918367346,0.2857142857142857,0.0004995004995004995,0.0004995004995004995,-0.00708352375326186,-0.0052284371101890895
2.0,0.24489795918367346,0.3061224489795918,0.0004995004995004995,0.0004995004995004995,-0.00708352375326186,-0.0052284371101890895
2.0,0.24489795918367346,0.32653061224489793,0.0004995004995004995,0.0004995004995004995,-0.00708352375326186,-0.0052284371101890895
2.0,0.24489795918367346,0.3469387755102041,0.0004995004995004995,0.0004995004995004995,-0.00708352375326186,-0.0052284371101890895
2.0,0.24489795918367346,0.36734693877551017,0.0004995004995004995,0.0004995004995004995,-0.00708352375326186,-0.0052284371101890895
2.0,0.24489795918367346,0.3877551020408163,0.0004995004995004995,0.0004995004995004995,-0.00708352375326186,-0.0052284371101890895
2.0,0.24489795918367346,0.4081632653061224,0.0004995004995004995,0.0005450022082182226,-0.00708352375326186,-0.005182935401471367
2.0,0.24489795918367346,0.42857142857142855,0.0004995004995004995,0.0006539413003284268,-0.00708352375326186,-0.0050739963093611624
2.0,0.24489795918367346,0.44897959183673464,0.0004995004995004995,0.0007881642423311579,-0.00708352375326186,-0.004939773367358432
2.0,0.24489795918367346,0.4693877551020408,0.0004995004995004995,0.0009447727049924437,-0.00708352375326186,-0.004783164904697146
2.0,0.24489795918367346,0.4897959183673469,0.0004995004995004995,0.0011203048940594549,-0.00708352375326186,-0.0046076327156301345
2.0,0.24489795918367346,0.5102040816326531,0.0004995004995004995,0.0013105880568829976,-0.00708352375326186,-0.004417349552806591
2.0,0.24489795918367346,0.5306122448979591,0.0004995004995004995,0.0015105868482586393,-0.00708352375326186,-0.00421735076143095
2.0,0.24489795918367346,0.5510204081632653,0.0004995004995004995,0.0017144077711300845,-0.00708352375326186,-0.004013529838559505
2.0,0.24489795918367346,0.5714285714285714,0.0004995004995004995,0.0019154150945687874,-0.00708352375326186,-0.003812522515120802
2.0,0.24489795918367346,0.5918367346938775,0.0004995004995004995,0.0021067863169858276,-0.00708352375326186,-0.003621151292703762
2.0,0.24489795918367346,0.6122448979591836,0.0004995004995004995,0.0022822029876364827,-0.00708352375326186,-0.0034457346220531067
2.0,0.24489795918367346,0.6326530612244897,0.0006153748695915613,0.0024368190158781957,-0.006967649383170799,-0.0032911185938113937
2.0,0.24489795918367346,0.6530612244897959,0.0008369429845200269,0.002568167255794914,-0.006746081268242334,-0.0031597703538946754
2.0,0.24489795918367346,0.673469387755102,0.0011435678203831061,0.002676467478042657,-0.0064394564323792544,-0.003051470131646932
2.0,0.24489795918367346,0.6938775510204082,0.0015477907344652896,0.0027639759625424937,-0.006035233518297071,-0.0029639616471470957
2.0,0.24489795918367346,0.7142857142857142,0.0020589667035137487,0.002834217339509925,-0.005524057549248612,-0.0028937202701796645
2.0,0.24489795918367346,0.7346938775510203,0.002681912339769289,0.002891012173552252,-0.004901111912993071,-0.0028369254361373373
2.0,0.24489795918367346,0.7551020408163265,0.0034167814130722247,0.0029377263160990557,-0.004166242839690136,-0.0027902112935905337
2.0,0.24489795918367346,0.7755102040816326,0.004259968526815544,0.002977329507402894,-0.0033230557259468167,-0.0027506081022866955
2.0,0.24489795918367346,0.7959183673469387,0.005205485196480614,0.003011731725003749,-0.0023775390562817463,-0.0027162058846858404
2.0,0.24489795918367346,0.8163265306122448,0.0062454565401606765,0.0030426347034713083,-0.0013375677126016838,-0.002685302906218281
2.0,0.24489795918367346,0.836734693877551,0.007372344016264076,0.003071066125466606,-0.00021068023649828405,-0.002656871484222983
2.0,0.24489795918367346,0.8571428571428571,0.008578195007651848,0.0030978475751434953,0.0009951707548894878,-0.002630090034546094
2.0,0.24489795918367346,0.8775510204081632,0.009854758120208845,0.003123405235786721,0.002271733867446484,-0.0026045323739028684
2.0,0.24489795918367346,0.8979591836734693,0.011196386022004356,0.0031483163797575123,0.0036133617692419955,-0.002579621229932077
2.0,0.24489795918367346,0.9183673469387754,0.012595392000341085,0.0031725103055376923,0.005012367747578725,-0.002555427304151897
2.0,0.24489795918367346,0.9387755102040816,0.014046618092708001,0.003196543633586884,0.006463593839945641,-0.0025313939761027054
2.0,0.24489795918367346,0.9591836734693877,0.015544590263984456,0.0032202465615559376,0.007961566011222096,-0.002507691048133652
2.0,0.24489795918367346,0.9795918367346939,0.017083229270050706,0.0032440132244497275,0.009500205017288346,-0.002483924385239862
2.0,0.24489795918367346,1.0,0.01866169181467346,0.003267523667377303,0.011078667561911101,-0.002460413942312286
2.0,0.26530612244897955,0.0,0.0004995004995004995,0.0004995004995004995,-0.00708352375326186,-0.0052284371101890895
2.0,0.26530612244897955,0.02040816326530612,0.0004995004995004995,0.0004995004995004995,-0.00708352375326186,-0.0052284371101890895
2.0,0.26530612244897955,0.04081632653061224,0.0004995004995004995,0.0004995004995004995,-0.00708352375326186,-0.0052284371101890895
2.0,0.26530612244897955,0.061224489795918366,0.0004995004995004995,0.0004995004995004995,-0.00708352375326186,-0.0052284371101890895
2.0,0.26530612244897955,0.08163265306122448,0.0004995004995004995,0.0004995004995004995,-0.00708352375326186,-0.0052284371101890895
2.0,0.26530612244897955,0.1020408163265306,0.0004995004995004995,0.0004995004995004995,-0.00708352375326186,-0.0052284371101890895
2.0,0.26530612244897955,0.12244897959183673,0.0004995004995004995,0.0004995004995004995,-0.00708352375326186,-0.0052284371101890895
2.0,0.26530612244897955,0.14285714285714285,0.0004995004995004995,0.0004995004995004995,-0.00708352375326186,-0.0052284371101890895
2.0,0.26530612244897955,0.16326530612244897,0.0004995004995004995,0.0004995004995004995,-0.00708352375326186,-0.0052284371101890895
2.0,0.26530612244897955,0.18367346938775508,0.0004995004995004995,0.0004995004995004995,-0.00708352375326186,-0.0052284371101890895
2.0,0.26530612244897955,0.2040816326530612,0.0004995004995004995,0.0004995004995004995,-0.00708352375326186,-0.0052284371101890895
2.0,0.26530612244897955,0.22448979591836732,0.0004995004995004995,0.0004995004995004995,-0.00708352375326186,-0.0052284371101890895
2.0,0.26530612244897955,0.24489795918367346,0.0004995004995004995,0.0004995004995004995,-0.00708352375326186,-0.0052284371101890895
2.0,0.26530612244897955,0.26530612244897955,0.0004995004995004995,0.0004995004995004995,-0.00708352375326186,-0.0052284371101890895
2.0,0.26530612244897955,0.2857142857142857,0.0004995004995004995,0.0004995004995004995,-0.00708352375326186,-0.0052284371101890895
2.0,0.26530612244897955,0.3061224489795918,0.0004995004995004995,0.0004995004995004995,-0.00708352375326186,-0.0052284371101890895
2.0,0.26530612244897955,0.32653061224489793,0.0004995004995004995,0.0004995004995004995,-0.00708352375326186,-0.0052284371101890895
2.0,0.26530612244897955,0.3469387755102041,0.0004995004995004995,0.0004995004995004995,-0.00708352375326186,-0.0052284371101890895
2.0,0.26530612244897955,0.36734693877551017,0.0004995004995004995,0.0004995004995004995,-0.00708352375326186,-0.0052284371101890895
2.0,0.26530612244897955,0.3877551020408163,0.0004995004995004995,0.0004995004995004995,-0.00708352375326186,-0.0052284371101890895
2.0,0.26530612244897955,0.4081632653061224,0.0004995004995004995,0.0005440253496060857,-0.00708352375326186,-0.005183912260083504
2.0,0.26530612244897955,0.42857142857142855,0.0004995004995004995,0.0006521924114037778,-0.00708352375326186,-0.005075745198285812
2.0,0.26530612244897955,0.44897959183673464,0.0004995004995004995,0.0007852778037220075,-0.00708352375326186,-0.004942659805967582
2.0,0.26530612244897955,0.4693877551020408,0.0004995004995004995,0.0009402215150420864,-0.00708352375326186,-0.0047877160946475025
2.0,0.26530612244897955,0.4897959183673469,0.0004995004995004995,0.0011133236617670852,-0.00708352375326186,-0.004614613947922504
2.0,0.26530612244897955,0.5102040816326531,0.0004995004995004995,0.0013001246790850167,-0.00708352375326186,-0.004427812930604572
2.0,0.26530612244897955,0.5306122448979591,0.0004995004995004995,0.0014952090884874003,-0.00708352375326186,-0.004232728521202189
2.0,0.26530612244897955,0.5510204081632653,0.0004995004995004995,0.001692317114816006,-0.00708352375326186,-0.004035620494873583
2.0,0.26530612244897955,0.5714285714285714,0.0004995004995004995,0.001884518024761651,-0.00708352375326186,-0.0038434195849279384
2.0,0.26530612244897955,0.5918367346938775,0.0004995004995004995,0.002064967969638166,-0.00708352375326186,-0.0036629696400514236
2.0,0.26530612244897955,0.6122448979591836,0.0005110005046937644,0.0022276406810152927,-0.007072023748068596,-0.0035002969286742967
2.0,0.26530612244897955,0.6326530612244897,0.0006884919482130366,0.002368587743648867,-0.006894532304549323,-0.0033593498660407224
2.0,0.26530612244897955,0.6530612244897959,0.0009458891923555536,0.002486491305227428,-0.006637135060406807,-0.0032414463044621615
2.0,0.26530612244897955,0.673469387755102,0.0012970348090181065,0.0025826559521217422,-0.006285989443744254,-0.003145281657567847
2.0,0.26530612244897955,0.6938775510204082,0.0017538490626929114,0.002660094626571516,-0.005829175190069449,-0.0030678429831180734
2.0,0.26530612244897955,0.7142857142857142,0.0023239297342932444,0.00272254254323491,-0.0052590945184691155,-0.0030053950664546795
2.0,0.26530612244897955,0.7346938775510203,0.0030097096503248783,0.0027737161770891713,-0.004573314602437482,-0.002954221432600418
2.0,0.26530612244897955,0.7551020408163265,0.003809255848969591,0.002816694053147347,-0.0037737684037927694,-0.0029112435565422424
2.0,0.26530612244897955,0.7755102040816326,0.0047168282256027025,0.002853834863056773,-0.002866196027159658,-0.0028741027466328162
2.0,0.26530612244897955,0.7959183673469387,0.005725372012655631,0.0028867624256611354,-0.0018576522401067292,-0.002841175184028454
2.0,0.26530612244897955,0.8163265306122448,0.00682644284015411,0.0029169694737889757,-0.0007565814126082506,-0.0028109681359006137
2.0,0.26530612244897955,0.836734693877551,0.008011729947937724,0.002945122545857391,0.00042870569517536317,-0.0027828150638321983
2.0,0.26530612244897955,0.8571428571428571,0.009273149787446406,0.00297210732712399,0.001690125534684046,-0.0027558302825655993
2.0,0.26530612244897955,0.8775510204081632,0.010602815932323817,0.002998014240458901,0.0030197916795614566,-0.0027299233692306885
2.0,0.26530612244897955,0.8979591836734693,0.011995338670388253,0.0030233324333221586,0.004412314417625893,-0.0027046051763674308
2.0,0.26530612244897955,0.9183673469387754,0.013443101866132252,0.0030481509389137127,0.005860077613369891,-0.0026797866707758767
2.0,0.26530612244897955,0.9387755102040816,0.014940586321402067,0.0030726769046669233,0.0073575620686397065,-0.002655260705022666
2.0,0.26530612244897955,0.9591836734693877,0.01648199271677147,0.0030968809501407285,0.008898968464009109,-0.002631056659548861
2.0,0.26530612244897955,0.9795918367346939,0.018065186228693044,0.003121058387329236,0.010482161975930684,-0.0026068792223603535
2.0,0.26530612244897955,1.0,0.019681808937892405,0.0031449949016539385,0.012098784685130044,-0.002582942708035651
2.0,0.2857142857142857,0.0,0.0004995004995004995,0.0004995004995004995,-0.00708352375326186,-0.0052284371101890895
2.0,0.2857142857142857,0.02040816326530612,0.0004995004995004995,0.0004995004995004995,-0.00708352375326186,-0.0052284371101890895
2.0,0.2857142857142857,0.04081632653061224,0.0004995004995004995,0.0004995004995004995,-0.00708352375326186,-0.0052284371101890895
2.0,0.2857142857142857,0.061224489795918366,0.0004995004995004995,0.0004995004995004995,-0.00708352375326186,-0.0052284371101890895
2.0,0.2857142857142857,0.08163265306122448,0.0004995004995004995,0.0004995004995004995,-0.00708352375326186,-0.0052284371101890895
2.0,0.2857142857142857,0.1020408163265306,0.0004995004995004995,0.0004995004995004995,-0.00708352375326186,-0.0052284371101890895
2.0,0.2857142857142857,0.12244897959183673,0.0004995004995004995,0.0004995004995004995,-0.00708352375326186,-0.0052284371101890895
2.0,0.2857142857142857,0.14285714285714285,0.0004995004995004995,0.0004995004995004995,-0.00708352375326186,-0.0052284371101890895
2.0,0.2857142857142857,0.16326530612244897,0.0004995004995004995,0.0004995004995004995,-0.00708352375326186,-0.0052284371101890895
2.0,0.2857142857142857,0.18367346938775508,0.0004995004995004995,0.0004995004995004995,-0.00708352375326186,-0.0052284371101890895
2.0,0.2857142857142857,0.2040816326530612,0.0004995004995004995,0.0004995004995004995,-0.00708352375326186,-0.0052284371101890895
2.0,0.2857142857142857,0.22448979591836732,0.0004995004995004995,0.0004995004995004995,-0.00708352375326186,-0.0052284371101890895
2.0,0.2857142857142857,0.24489795918367346,0.0004995004995004995,0.0004995004995004995,-0.00708352375326186,-0.0052284371101890895
2.0,0.2857142857142857,0.26530612244897955,0.0004995004995004995,0.0004995004995004995,-0.00708352375326186,-0.0052284371101890895
2.0,0.2857142857142857,0.2857142857142857,0.0004995004995004995,0.0004995004995004995,-0.00708352375326186,-0.0052284371101890895
2.0,0.2857142857142857,0.3061224489795918,0.0004995004995004995,0.0004995004995004995,-0.00708352375326186,-0.0052284371101890895
2.0,0.2857142857142857,0.32653061224489793,0.0004995004995004995,0.0004995004995004995,-0.00708352375326186,-0.0052284371101890895
2.0,0.2857142857142857,0.3469387755102041,0.0004995004995004995,0.0004995004995004995,-0.00708352375326186,-0.0052284371101890895
2.0,0.2857142857142857,0.36734693877551017,0.0004995004995004995,0.0004995004995004995,-0.00708352375326186,-0.0052284371101890895
2.0,0.2857142857142857,0.3877551020408163,0.0004995004995004995,0.0004995004995004995,-0.00708352375326186,-0.0052284371101890895
2.0,0.2857142857142857,0.4081632653061224,0.0004995004995004995,0.0005430176511930837,-0.00708352375326186,-0.005184919958496506
2.0,0.2857142857142857,0.42857142857142855,0.0004995004995004995,0.0006503776487945816,-0.00708352375326186,-0.005077559960895008
2.0,0.2857142857142857,0.44897959183673464,0.0004995004995004995,0.0007822616905520287,-0.00708352375326186,-0.00494567591913756
2.0,0.2857142857142857,0.4693877551020408,0.0004995004995004995,0.0009354326946514545,-0.00708352375326186,-0.004792504915038135
2.0,0.2857142857142857,0.4897959183673469,0.0004995004995004995,0.001105965146851726,-0.00708352375326186,-0.004621972462837864
2.0,0.2857142857142857,0.5102040816326531,0.0004995004995004995,0.0012890329957800592,-0.00708352375326186,-0.0044389046139095304
2.0,0.2857142857142857,0.5306122448979591,0.0004995004995004995,0.0014788596196317096,-0.00708352375326186,-0.00424907799005788
2.0,0.2857142857142857,0.5510204081632653,0.0004995004995004995,0.0016688335187889083,-0.00708352375326186,-0.004059104090900681
2.0,0.2857142857142857,0.5714285714285714,0.0004995004995004995,0.001851838460266422,-0.00708352375326186,-0.0038760991494231675
2.0,0.2857142857142857,0.5918367346938775,0.0004995004995004995,0.0020210424140889166,-0.00708352375326186,-0.003706895195600673
2.0,0.2857142857142857,0.6122448979591836,0.0005648668481444625,0.002171052312829418,-0.007018157404617898,-0.0035568852968601715
2.0,0.2857142857142857,0.6326530612244897,0.0007734843036750295,0.0022989387994440443,-0.006809539949087331,-0.003428998810245545
2.0,0.2857142857142857,0.6530612244897959,0.001070510070933519,0.0024045666215386893,-0.0065125141818288415,-0.0033233709881509
2.0,0.2857142857142857,0.673469387755102,0.0014700544892128039,0.0024901361345236557,-0.006112969763549556,-0.0032378014751659337
2.0,0.2857142857142857,0.6938775510204082,0.0019827310639161507,0.002559137885898264,-0.00560029318884621,-0.0031687997237913254
2.0,0.2857142857142857,0.7142857142857142,0.0026138770565600263,0.0026154535186820906,-0.004969147196202334,-0.003112484091007499
2.0,0.2857142857142857,0.7346938775510203,0.003363611362423843,0.0026623533842886037,-0.004219412890338517,-0.0030655842254009857
2.0,0.2857142857142857,0.7551020408163265,0.00422758725783541,0.0027025010479496585,-0.0033554369949269506,-0.003025436561739931
2.0,0.2857142857142857,0.7755102040816326,0.005198703139410759,0.002737921986617681,-0.0023843211133516016,-0.0029900156230719083
2.0,0.2857142857142857,0.7959183673469387,0.006268819562157999,0.002770029581937301,-0.0013142046906043613,-0.0029579080277522883
2.0,0.2857142857142857,0.8163265306122448,0.007429082485793818,0.002799842842413886,-0.00015394176696854195,-0.0029280947672757035
2.0,0.2857142857142857,0.836734693877551,0.008670926249689608,0.0028280341597031336,0.0010879019969272478,-0.0028999034499864558
2.0,0.2857142857142857,0.8571428571428571,0.009986196203164616,0.0028551430625600033,0.002403171950402256,-0.002872794547129586
2.0,0.2857142857142857,0.8775510204081632,0.011367781303498933,0.002881442777537401,0.0037847570507365726,-0.0028464948321521885
2.0,0.2857142857142857,0.8979591836734693,0.012808829782454036,0.0029069777620960363,0.005225805529691676,-0.002820959847593553
2.0,0.2857142857142857,0.9183673469387754,0.014303614120977495,0.0029323258747066174,0.006720589868215134,-0.002795611734982972
2.0,0.2857142857142857,0.9387755102040816,0.015845579618956482,0.0029572151897946115,0.008262555366194121,-0.002770722419894978
2.0,0.2857142857142857,0.9591836734693877,0.017430474460914724,0.0029821175553418526,0.009847450208152364,-0.0027458200543477368
2.0,0.2857142857142857,0.9795918367346939,0.019054682557193815,0.0030066110764857463,0.011471658304431455,-0.002721326533203843
2.0,0.2857142857142857,1.0,0.02071284293076186,0.0030309609149966254,0.013129818677999498,-0.002696976694692964
2.0,0.3061224489795918,0.0,0.0004995004995004995,0.0004995004995004995,-0.00708352375326186,-0.0052284371101890895
2.0,0.3061224489795918,0.02040816326530612,0.0004995004995004995,0.0004995004995004995,-0.00708352375326186,-0.0052284371101890895
2.0,0.3061224489795918,0.04081632653061224,0.0004995004995004995,0.0004995004995004995,-0.00708352375326186,-0.0052284371101890895
2.0,0.3061224489795918,0.061224489795918366,0.0004995004995004995,0.0004995004995004995,-0.00708352375326186,-0.0052284371101890895
2.0,0.3061224489795918,0.08163265306122448,0.0004995004995004995,0.0004995004995004995,-0.00708352375326186,-0.0052284371101890895
2.0,0.3061224489795918,0.1020408163265306,0.0004995004995004995,0.0004995004995004995,-0.00708352375326186,-0.0052284371101890895
2.0,0.3061224489795918,0.12244897959183673,0.0004995004995004995,0.0004995004995004995,-0.00708352375326186,-0.0052284371101890895
2.0,0.3061224489795918,0.14285714285714285,0.0004995004995004995,0.0004995004995004995,-0.00708352375326186,-0.0052284371101890895
2.0,0.3061224489795918,0.16326530612244897,0.0004995004995004995,0.0004995004995004995,-0.00708352375326186,-0.0052284371101890895
2.0,0.3061224489795918,0.18367346938775508,0.0004995004995004995,0.0004995004995004995,-0.00708352375326186,-0.0052284371101890895
2.0,0.3061224489795918,0.2040816326530612,0.0004995004995004995,0.0004995004995004995,-0.00708352375326186,-0.0052284371101890895
2.0,0.3061224489795918,0.22448979591836732,0.0004995004995004995,0.0004995004995004995,-0.00708352375326186,-0.0052284371101890895
2.0,0.3061224489795918,0.24489795918367346,0.0004995004995004995,0.0004995004995004995,-0.00708352375326186,-0.0052284371101890895
2.0,0.3061224489795918,0.26530612244897955,0.0004995004995004995,0.0004995004995004995,-0.00708352375326186,-0.0052284371101890895
2.0,0.3061224489795918,0.2857142857142857,0.0004995004995004995,0.0004995004995004995,-0.00708352375326186,-0.0052284371101890895
2.0,0.3061224489795918,0.3061224489795918,0.0004995004995004995,0.0004995004995004995,-0.00708352375326186,-0.0052284371101890895
2.0,0.3061224489795918,0.32653061224489793,0.0004995004995004995,0.0004995004995004995,-0.00708352375326186,-0.0052284371101890895
2.0,0.3061224489795918,0.3469387755102041,0.0004995004995004995,0.0004995004995004995,-0.00708352375326186,-0.0052284371101890895
2.0,0.3061224489795918,0.36734693877551017,0.0004995004995004995,0.0004995004995004995,-0.00708352375326186,-0.0052284371101890895
2.0,0.3061224489795918,0.3877551020408163,0.0004995004995004995,0.0004995004995004995,-0.00708352375326186,-0.0052284371101890895
2.0,0.3061224489795918,0.4081632653061224,0.0004995004995004995,0.0005419797586266799,-0.00708352375326186,-0.005185957851062909
2.0,0.3061224489795918,0.42857142857142855,0.0004995004995004995,0.0006484928544625043,-0.00708352375326186,-0.005079444755227085
2.0,0.3061224489795918,0.44897959183673464,0.0004995004995004995,0.0007791093105458236,-0.00708352375326186,-0.004948828299143766
2.0,0.3061224489795918,0.4693877551020408,0.0004995004995004995,0.0009303994241774663,-0.00708352375326186,-0.0047975381855121235
2.0,0.3061224489795918,0.4897959183673469,0.0004995004995004995,0.001098173110069137,-0.00708352375326186,-0.004629764499620452
2.0,0.3061224489795918,0.5102040816326531,0.0004995004995004995,0.0012772528051383555,-0.00708352375326186,-0.004450684804551234
2.0,0.3061224489795918,0.5306122448979591,0.0004995004995004995,0.00146150116694203,-0.00708352375326186,-0.004266436442747559
2.0,0.3061224489795918,0.5510204081632653,0.0004995004995004995,0.0016439498072978362,-0.00708352375326186,-0.004083987802391753
2.0,0.3061224489795918,0.5714285714285714,0.0004995004995004995,0.0018173746230851667,-0.00708352375326186,-0.0039105629866044225
2.0,0.3061224489795918,0.5918367346938775,0.0004995004995004995,0.0019752079527282284,-0.00708352375326186,-0.003752729656961361
2.0,0.3061224489795918,0.6122448979591836,0.0006284430813503897,0.0021128730075711043,-0.006954581171411971,-0.003615064602118485
2.0,0.3061224489795918,0.6326530612244897,0.0008716044640822626,0.00222853053236224,-0.0067114197886800975,-0.0034994070773273493
2.0,0.3061224489795918,0.6530612244897959,0.0012121502376437276,0.0023231267324395235,-0.006370874015118632,-0.003404810877250066
2.0,0.3061224489795918,0.673469387755102,0.0016637053725892183,0.002399687822838043,-0.0059193188801731425,-0.0033282497868515463
2.0,0.3061224489795918,0.6938775510204082,0.002234993722433639,0.0024618909327021876,-0.005348030530328721,-0.0032660466769874018
2.0,0.3061224489795918,0.7142857142857142,0.00292881151005981,0.0025133260005835555,-0.00465421274270255,-0.003214611609106034
2.0,0.3061224489795918,0.7346938775510203,0.003742761673800993,0.0025569733003992473,-0.0038402625789613672,-0.003170964309290342
2.0,0.3061224489795918,0.7551020408163265,0.004670640370311131,0.0025951610862427503,-0.0029123838824512294,-0.003132776523446839
2.0,0.3061224489795918,0.7755102040816326,0.005704090875837738,0.0026294200223676146,-0.0018789333769246228,-0.0030985175873219748
2.0,0.3061224489795918,0.7959183673469387,0.006833968248633202,0.002660992370589865,-0.0007490560041291585,-0.0030669452390997246
2.0,0.3061224489795918,0.8163265306122448,0.008051664554831493,0.0026906762403327324,0.00046864030206913293,-0.003037261369356857
2.0,0.3061224489795918,0.836734693877551,0.009348347542008424,0.0027189787974806925,0.0017653232892460638,-0.003008958812208897
2.0,0.3061224489795918,0.8571428571428571,0.010715692642488462,0.0027463395535099063,0.003132668389726102,-0.002981598056179683
2.0,0.3061224489795918,0.8775510204081632,0.0121475567786106,0.0027729193498108834,0.00456453252584824,-0.002955018259878706
2.0,0.3061224489795918,0.8979591836734693,0.013635322461060959,0.00279906402111185,0.006052298208298598,-0.0029288735885777393
2.0,0.3061224489795918,0.9183673469387754,0.015175520988133944,0.002824746841172322,0.007592496735371584,-0.0029031907685172676
2.0,0.3061224489795918,0.9387755102040816,0.016760915154696875,0.0028500060945603955,0.009177890901934514,-0.002877931515129194
2.0,0.3061224489795918,0.9591836734693877,0.018389298997924946,0.002875185174863991,0.010806274745162586,-0.0028527524348255983
2.0,0.3061224489795918,0.9795918367346939,0.020050821298833663,0.0029000010072505154,0.012467797046071302,-0.002827936602439074
2.0,0.3061224489795918,1.0,0.021747471856824664,0.0029246898720674793,0.014164447604062304,-0.00280324773762211
2.0,0.32653061224489793,0.0,0.0004995004995004995,0.0004995004995004995,-0.00708352375326186,-0.0052284371101890895
2.0,0.32653061224489793,0.02040816326530612,0.0004995004995004995,0.0004995004995004995,-0.00708352375326186,-0.0052284371101890895
2.0,0.32653061224489793,0.04081632653061224,0.0004995004995004995,0.0004995004995004995,-0.00708352375326186,-0.0052284371101890895
2.0,0.32653061224489793,0.061224489795918366,0.0004995004995004995,0.0004995004995004995,-0.00708352375326186,-0.0052284371101890895
2.0,0.32653061224489793,0.08163265306122448,0.0004995004995004995,0.0004995004995004995,-0.00708352375326186,-0.0052284371101890895
2.0,0.32653061224489793,0.1020408163265306,0.0004995004995004995,0.0004995004995004995,-0.00708352375326186,-0.0052284371101890895
2.0,0.32653061224489793,0.12244897959183673,0.0004995004995004995,0.0004995004995004995,-0.00708352375326186,-0.0052284371101890895
2.0,0.32653061224489793,0.14285714285714285,0.0004995004995004995,0.0004995004995004995,-0.00708352375326186,-0.0052284371101890895
2.0,0.32653061224489793,0.16326530612244897,0.0004995004995004995,0.0004995004995004995,-0.00708352375326186,-0.0052284371101890895
2.0,0.32653061224489793,0.18367346938775508,0.0004995004995004995,0.0004995004995004995,-0.00708352375326186,-0.0052284371101890895
2.0,0.32653061224489793,0.2040816326530612,0.0004995004995004995,0.0004995004995004995,-0.00708352375326186,-0.0052284371101890895
2.0,0.32653061224489793,0.22448979591836732,0.0004995004995004995,0.0004995004995004995,-0.00708352375326186,-0.0052284371101890895
2.0,0.32653061224489793,0.24489795918367346,0.0004995004995004995,0.0004995004995004995,-0.00708352375326186,-0.0052284371101890895
2.0,0.32653061224489793,0.26530612244897955,0.0004995004995004995,0.0004995004995004995,-0.00708352375326186,-0.0052284371101890895
2.0,0.32653061224489793,0.2857142857142857,0.0004995004995004995,0.0004995004995004995,-0.00708352375326186,-0.0052284371101890895
2.0,0.32653061224489793,0.3061224489795918,0.0004995004995004995,0.0004995004995004995,-0.00708352375326186,-0.0052284371101890895
2.0,0.32653061224489793,0.32653061224489793,0.0004995004995004995,0.0004995004995004995,-0.00708352375326186,-0.0052284371101890895
2.0,0.32653061224489793,0.3469387755102041,0.0004995004995004995,0.0004995004995004995,-0.00708352375326186,-0.0052284371101890895
2.0,0.32653061224489793,0.36734693877551017,0.0004995004995004995,0.0004995004995004995,-0.00708352375326186,-0.0052284371101890895
2.0,0.32653061224489793,0.3877551020408163,0.0004995004995004995,0.0004995004995004995,-0.00708352375326186,-0.0052284371101890895
2.0,0.32653061224489793,0.4081632653061224,0.0004995004995004995,0.0005409092920441061,-0.00708352375326186,-0.0051870283176454835
2.0,0.32653061224489793,0.42857142857142855,0.0004995004995004995,0.0006465360415060198,-0.00708352375326186,-0.00508140156818357
2.0,0.32653061224489793,0.44897959183673464,0.0004995004995004995,0.0007758134278521415,-0.00708352375326186,-0.004952124181837448
2.0,0.32653061224489793,0.4693877551020408,0.0004995004995004995,0.000925106462655159,-0.00708352375326186,-0.00480283114703443
2.0,0.32653061224489793,0.4897959183673469,0.0004995004995004995,0.0010899343378880234,-0.00708352375326186,-0.0046380032718015655
2.0,0.32653061224489793,0.5102040816326531,0.0004995004995004995,0.0012647563889967137,-0.00708352375326186,-0.0044631812206928755
2.0,0.32653061224489793,0.5306122448979591,0.0004995004995004995,0.0014430866343132039,-0.00708352375326186,-0.004284850975376385
2.0,0.32653061224489793,0.5510204081632653,0.0004995004995004995,0.0016176603242176076,-0.00708352375326186,-0.004110277285471982
2.0,0.32653061224489793,0.5714285714285714,0.0004995004995004995,0.0017812493175511281,-0.00708352375326186,-0.003946688292138461
2.0,0.32653061224489793,0.5918367346938775,0.0005121569491144106,0.0019277629473774833,-0.0070708673036479494,-0.003800174662312106
2.0,0.32653061224489793,0.6122448979591836,0.0007027120944698259,0.0020535636315712137,-0.006880312158292535,-0.0036743739781183757
2.0,0.32653061224489793,0.6326530612244897,0.0009840545398696198,0.002157998606335694,-0.006598969712892741,-0.0035699390033538956
2.0,0.32653061224489793,0.6530612244897959,0.0013719632738914537,0.002243029621880052,-0.006211060978870907,-0.0034849079878095375
2.0,0.32653061224489793,0.673469387755102,0.0018787647560856656,0.0023120421798742043,-0.005704259496676694,-0.003415895429815385
2.0,0.32653061224489793,0.6938775510204082,0.002510795148827941,0.0023688009988531906,-0.005072229103934419,-0.003359136610836399
2.0,0.32653061224489793,0.7142857142857142,0.0032681549249893643,0.0024164920309903974,-0.004314869327772996,-0.003311445578699192
2.0,0.32653061224489793,0.7346938775510203,0.0041461726816814995,0.002457734238913008,-0.003436851571080861,-0.0032702033707765815
2.0,0.32653061224489793,0.7551020408163265,0.005136826684900902,0.002494513019873301,-0.002446197567861458,-0.003233424589816288
2.0,0.32653061224489793,0.7755102040816326,0.006231186432849671,0.002527989798313611,-0.0013518378199126897,-0.0031999478113759784
2.0,0.32653061224489793,0.7959183673469387,0.007419595577003776,0.002559313204942956,-0.0001634286757585847,-0.0031686244047466334
2.0,0.32653061224489793,0.8163265306122448,0.008692580113151833,0.0025889414362277458,0.0011095558603894731,-0.0031389961734618436
2.0,0.32653061224489793,0.836734693877551,0.010042425216544786,0.0026174240046650103,0.002459400963782426,-0.003110513605024579
2.0,0.32653061224489793,0.8571428571428571,0.011460296919877228,0.0026450292212170483,0.003877272667114868,-0.003082908388472541
2.0,0.32653061224489793,0.8775510204081632,0.012940841803705427,0.002671939039897875,0.005357817550943066,-0.0030559985697917146
2.0,0.32653061224489793,0.8979591836734693,0.014475059208467684,0.002698247715389479,0.006892034955705324,-0.0030296898943001104
2.0,0.32653061224489793,0.9183673469387754,0.01605887108227018,0.0027243669647760435,0.008475846829507819,-0.003003570644913546
2.0,0.32653061224489793,0.9387755102040816,0.017687740535791627,0.002750096999375549,0.010104716283029266,-0.0029778406103140405
2.0,0.32653061224489793,0.9591836734693877,0.019354718508397446,0.002775484817606472,0.011771694255635085,-0.0029524527920831174
2.0,0.32653061224489793,0.9795918367346939,0.021057856898604253,0.002800594466779614,0.013474832645841893,-0.0029273431429099753
2.0,0.32653061224489793,1.0,0.02279095771611556,0.002825484155679505,0.0152079334633532,-0.0029024534540100845
2.0,0.3469387755102041,0.0,0.0004995004995004995,0.0004995004995004995,-0.00708352375326186,-0.0052284371101890895
2.0,0.3469387755102041,0.02040816326530612,0.0004995004995004995,0.0004995004995004995,-0.00708352375326186,-0.0052284371101890895
2.0,0.3469387755102041,0.04081632653061224,0.0004995004995004995,0.0004995004995004995,-0.00708352375326186,-0.0052284371101890895
2.0,0.3469387755102041,0.061224489795918366,0.0004995004995004995,0.0004995004995004995,-0.00708352375326186,-0.0052284371101890895
2.0,0.3469387755102041,0.08163265306122448,0.0004995004995004995,0.0004995004995004995,-0.00708352375326186,-0.0052284371101890895
2.0,0.3469387755102041,0.1020408163265306,0.0004995004995004995,0.0004995004995004995,-0.00708352375326186,-0.0052284371101890895
2.0,0.3469387755102041,0.12244897959183673,0.0004995004995004995,0.0004995004995004995,-0.00708352375326186,-0.0052284371101890895
2.0,0.3469387755102041,0.14285714285714285,0.0004995004995004995,0.0004995004995004995,-0.00708352375326186,-0.0052284371101890895
2.0,0.3469387755102041,0.16326530612244897,0.0004995004995004995,0.0004995004995004995,-0.00708352375326186,-0.0052284371101890895
2.0,0.3469387755102041,0.18367346938775508,0.0004995004995004995,0.0004995004995004995,-0.00708352375326186,-0.0052284371101890895
2.0,0.3469387755102041,0.2040816326530612,0.0004995004995004995,0.0004995004995004995,-0.00708352375326186,-0.0052284371101890895
2.0,0.3469387755102041,0.22448979591836732,0.0004995004995004995,0.0004995004995004995,-0.00708352375326186,-0.0052284371101890895
2.0,0.3469387755102041,0.24489795918367346,0.0004995004995004995,0.0004995004995004995,-0.00708352375326186,-0.0052284371101890895
2.0,0.3469387755102041,0.26530612244897955,0.0004995004995004995,0.0004995004995004995,-0.00708352375326186,-0.0052284371101890895
2.0,0.3469387755102041,0.2857142857142857,0.0004995004995004995,0.0004995004995004995,-0.00708352375326186,-0.0052284371101890895
2.0,0.3469387755102041,0.3061224489795918,0.0004995004995004995,0.0004995004995004995,-0.00708352375326186,-0.0052284371101890895
2.0,0.3469387755102041,0.32653061224489793,0.0004995004995004995,0.0004995004995004995,-0.00708352375326186,-0.0052284371101890895
2.0,0.3469387755102041,0.3469387755102041,0.0004995004995004995,0.0004995004995004995,-0.00708352375326186,-0.0052284371101890895
2.0,0.3469387755102041,0.36734693877551017,0.0004995004995004995,0.0004995004995004995,-0.00708352375326186,-0.0052284371101890895
2.0,0.3469387755102041,0.3877551020408163,0.0004995004995004995,0.0004995004995004995,-0.00708352375326186,-0.0052284371101890895
2.0,0.3469387755102041,0.4081632653061224,0.0004995004995004995,0.0005398067157846452,-0.00708352375326186,-0.005188130893904944
2.0,0.3469387755102041,0.42857142857142855,0.0004995004995004995,0.0006445039235428542,-0.00708352375326186,-0.005083433686146735
2.0,0.3469387755102041,0.44897959183673464,0.0004995004995004995,0.0007723713234757584,-0.00708352375326186,-0.004955566286213831
2.0,0.3469387755102041,0.4693877551020408,0.0004995004995004995,0.0009195432184430783,-0.00708352375326186,-0.0048083943912465114
2.0,0.3469387755102041,0.4897959183673469,0.0004995004995004995,0.001081241672596662,-0.00708352375326186,-0.004646695937092927
2.0,0.3469387755102041,0.5102040816326531,0.0004995004995004995,0.0012515493541295664,-0.00708352375326186,-0.004476388255560023
2.0,0.3469387755102041,0.5306122448979591,0.0004995004995004995,0.0014236308236960063,-0.00708352375326186,-0.0043043067859935835
2.0,0.3469387755102041,0.5510204081632653,0.0004995004995004995,0.0015899990116733326,-0.00708352375326186,-0.004137938598016257
2.0,0.3469387755102041,0.5714285714285714,0.0004995004995004995,0.0017435984951866615,-0.00708352375326186,-0.003984339114502928
2.0,0.3469387755102041,0.5918367346938775,0.0005654167077852367,0.0018790140429315594,-0.007017607544977124,-0.00384892356675803
2.0,0.3469387755102041,0.6122448979591836,0.0007887583979091616,0.0019936963697525564,-0.0067942658548531985,-0.003734241239937033
2.0,0.3469387755102041,0.6326530612244897,0.001112094096886007,0.002088077213671471,-0.006470930155876353,-0.0036398603960181184
2.0,0.3469387755102041,0.6530612244897959,0.001550941953967717,0.0021649117919481805,-0.006032082298794643,-0.003563025817741409
2.0,0.3469387755102041,0.673469387755102,0.0021157604256161803,0.0022277527983539883,-0.00546726382714618,-0.003500184811335601
2.0,0.3469387755102041,0.6938775510204082,0.00281005177714765,0.002280181517529351,-0.00477297247561471,-0.0034477560921602384
2.0,0.3469387755102041,0.7142857142857142,0.0036312594698180954,0.002325062298843663,-0.003951764782944265,-0.0034028753108459263
2.0,0.3469387755102041,0.7346938775510203,0.0045725671087131015,0.0023645811216635574,-0.003010457144049259,-0.003363356488026032
2.0,0.3469387755102041,0.7551020408163265,0.005625021226669011,0.0024003257303246033,-0.0019580030260933495,-0.003327611879364986
2.0,0.3469387755102041,0.7755102040816326,0.006778392794403515,0.0024334129474401045,-0.0008046314583588458,-0.003294524662249485
2.0,0.3469387755102041,0.7959183673469387,0.008023716571698838,0.0024644394342871836,0.0004406923189364774,-0.003263498175402406
2.0,0.3469387755102041,0.8163265306122448,0.009350631821394296,0.0024941929022376293,0.0017676075686319358,-0.00323374470745196
2.0,0.3469387755102041,0.836734693877551,0.010751729100403236,0.0025227981445001507,0.0031687048476408755,-0.0032051394651894387
2.0,0.3469387755102041,0.8571428571428571,0.012219128401617194,0.002550633795724023,0.004636104148854833,-0.003177303813965566
2.0,0.3469387755102041,0.8775510204081632,0.013746263412784588,0.0025779300782800387,0.006163239160022227,-0.0031500075314095507
2.0,0.3469387755102041,0.8979591836734693,0.015325781282692944,0.002604634081182748,0.0077427570299305835,-0.0031233035285068416
2.0,0.3469387755102041,0.9183673469387754,0.01695282575752632,0.0026307242824043517,0.00936980150476396,-0.0030972133272852377
2.0,0.3469387755102041,0.9387755102040816,0.018622007196692575,0.0026568449084729043,0.011038982943930215,-0.003071092701216685
2.0,0.3469387755102041,0.9591836734693877,0.020327691044956797,0.002682433829035608,0.012744666792194437,-0.0030455037806539813
2.0,0.3469387755102041,0.9795918367346939,0.02206775135809639,0.0027077420287339427,0.014484727105334029,-0.0030201955809556467
2.0,0.3469387755102041,1.0,0.02383825010519805,0.002732657975446355,0.01625522585243569,-0.0029952796342432343
2.0,0.36734693877551017,0.0,0.0004995004995004995,0.0004995004995004995,-0.00708352375326186,-0.0052284371101890895
2.0,0.36734693877551017,0.02040816326530612,0.0004995004995004995,0.0004995004995004995,-0.00708352375326186,-0.0052284371101890895
2.0,0.36734693877551017,0.04081632653061224,0.0004995004995004995,0.0004995004995004995,-0.00708352375326186,-0.0052284371101890895
2.0,0.36734693877551017,0.061224489795918366,0.0004995004995004995,0.0004995004995004995,-0.00708352375326186,-0.0052284371101890895
2.0,0.36734693877551017,0.08163265306122448,0.0004995004995004995,0.0004995004995004995,-0.00708352375326186,-0.0052284371101890895
2.0,0.36734693877551017,0.1020408163265306,0.0004995004995004995,0.0004995004995004995,-0.00708352375326186,-0.0052284371101890895
2.0,0.36734693877551017,0.12244897959183673,0.0004995004995004995,0.0004995004995004995,-0.00708352375326186,-0.0052284371101890895
2.0,0.36734693877551017,0.14285714285714285,0.0004995004995004995,0.0004995004995004995,-0.00708352375326186,-0.0052284371101890895
2.0,0.36734693877551017,0.16326530612244897,0.0004995004995004995,0.0004995004995004995,-0.00708352375326186,-0.0052284371101890895
2.0,0.36734693877551017,0.18367346938775508,0.0004995004995004995,0.0004995004995004995,-0.00708352375326186,-0.0052284371101890895
2.0,0.36734693877551017,0.2040816326530612,0.0004995004995004995,0.0004995004995004995,-0.00708352375326186,-0.0052284371101890895
2.0,0.36734693877551017,0.22448979591836732,0.0004995004995004995,0.0004995004995004995,-0.00708352375326186,-0.0052284371101890895
2.0,0.36734693877551017,0.24489795918367346,0.0004995004995004995,0.0004995004995004995,-0.00708352375326186,-0.0052284371101890895
2.0,0.36734693877551017,0.26530612244897955,0.0004995004995004995,0.0004995004995004995,-0.00708352375326186,-0.0052284371101890895
2.0,0.36734693877551017,0.2857142857142857,0.0004995004995004995,0.0004995004995004995,-0.00708352375326186,-0.0052284371101890895
2.0,0.36734693877551017,0.3061224489795918,0.0004995004995004995,0.0004995004995004995,-0.00708352375326186,-0.0052284371101890895
2.0,0.36734693877551017,0.32653061224489793,0.0004995004995004995,0.0004995004995004995,-0.00708352375326186,-0.0052284371101890895
2.0,0.36734693877551017,0.3469387755102041,0.0004995004995004995,0.0004995004995004995,-0.00708352375326186,-0.0052284371101890895
2.0,0.36734693877551017,0.36734693877551017,0.0004995004995004995,0.0004995004995004995,-0.00708352375326186,-0.0052284371101890895
2.0,0.36734693877551017,0.3877551020408163,0.0004995004995004995,0.0004995004995004995,-0.00708352375326186,-0.0052284371101890895
2.0,0.36734693877551017,0.4081632653061224,0.0004995004995004995,0.0005386709584962224,-0.00708352375326186,-0.005189266651193367
2.0,0.36734693877551017,0.42857142857142855,0.0004995004995004995,0.0006423931909614884,-0.00708352375326186,-0.005085544418728101
2.0,0.36734693877551017,0.44897959183673464,0.0004995004995004995,0.0007687718284806451,-0.00708352375326186,-0.0049591657812089445
2.0,0.36734693877551017,0.4693877551020408,0.0004995004995004995,0.0009137051650007267,-0.00708352375326186,-0.004814232444688863
2.0,0.36734693877551017,0.4897959183673469,0.0004995004995004995,0.0010720649562816335,-0.00708352375326186,-0.004655872653407956
2.0,0.36734693877551017,0.5102040816326531,0.0004995004995004995,0.001237596141660646,-0.00708352375326186,-0.004490341468028944
2.0,0.36734693877551017,0.5306122448979591,0.0004995004995004995,0.0014031088378541733,-0.00708352375326186,-0.004324828771835416
2.0,0.36734693877551017,0.5510204081632653,0.0004995004995004995,0.0015610411724613564,-0.00708352375326186,-0.004166896437228233
2.0,0.36734693877551017,0.5714285714285714,0.0004995004995004995,0.001704632673993295,-0.00708352375326186,-0.004023304935696295
2.0,0.36734693877551017,0.5918367346938775,0.0006281505634677181,0.0018293700652243596,-0.0069548736892946425,-0.0038985675444652298
2.0,0.36734693877551017,0.6122448979591836,0.000887735173095853,0.001933805524617132,-0.006695289079666507,-0.0037941320850724573
2.0,0.36734693877551017,0.6326530612244897,0.001256828623183233,0.002019388925026355,-0.006326195629579127,-0.0037085486846632344
2.0,0.36734693877551017,0.6530612244897959,0.001749909078181752,0.0020893384882206246,-0.0058331151745806085,-0.003638599121468965
2.0,0.36734693877551017,0.673469387755102,0.0023748745678528298,0.0021472448468325806,-0.005208149684909531,-0.003580692762857009
2.0,0.36734693877551017,0.6938775510204082,0.003132239182570335,0.002196318511830035,-0.0044507850701920254,-0.0035316190978595544
2.0,0.36734693877551017,0.7142857142857142,0.0040171202723025745,0.0022390684013007638,-0.003565903980459786,-0.0034888692083888256
2.0,0.36734693877551017,0.7346938775510203,0.005020857472680822,0.0022772821618932673,-0.0025621667800815387,-0.003450655447796322
2.0,0.36734693877551017,0.7551020408163265,0.006133345671152139,0.002312312235257169,-0.0014496785816102212,-0.0034156253744324202
2.0,0.36734693877551017,0.7755102040816326,0.0073445936398826165,0.0023450623335049756,-0.0002384306128797439,-0.003382875276184614
2.0,0.36734693877551017,0.7959183673469387,0.008644901877688942,0.0023760841206752425,0.001061877624926582,-0.003351853489014347
2.0,0.36734693877551017,0.8163265306122448,0.01002425845281225,0.0024059224282038114,0.0024412342000498903,-0.003322015181485778
2.0,0.36734693877551017,0.836734693877551,0.011475024654275343,0.0024347150271429776,0.003892000401512982,-0.003293222582546612
2.0,0.36734693877551017,0.8571428571428571,0.012990528617652057,0.0024628218589924783,0.005407504364889697,-0.003265115750697111
2.0,0.36734693877551017,0.8775510204081632,0.014562713189284442,0.002490237391474222,0.006979688936522082,-0.0032377002182153673
2.0,0.36734693877551017,0.8979591836734693,0.016186196549253018,0.0025171754879502652,0.008603172296490658,-0.003210762121739324
2.0,0.36734693877551017,0.9183673469387754,0.01785474119209087,0.0025435087727658113,0.010271716939328511,-0.003184428836923778
2.0,0.36734693877551017,0.9387755102040816,0.019561995542775493,0.002569723324193655,0.011978971290013133,-0.0031582142854959345
2.0,0.36734693877551017,0.9591836734693877,0.02130940325400509,0.002595469729925993,0.013726379001242729,-0.0031324678797635965
2.0,0.36734693877551017,0.9795918367346939,0.023086196942231935,0.0026208262200536304,0.015503172689469574,-0.003107111389635959
2.0,0.36734693877551017,1.0,0.024891441626051676,0.002645795383781995,0.017308417373289316,-0.0030821422259075942
2.0,0.3877551020408163,0.0,0.0004995004995004995,0.0004995004995004995,-0.00708352375326186,-0.0052284371101890895
2.0,0.3877551020408163,0.02040816326530612,0.0004995004995004995,0.0004995004995004995,-0.00708352375326186,-0.0052284371101890895
2.0,0.3877551020408163,0.04081632653061224,0.0004995004995004995,0.0004995004995004995,-0.00708352375326186,-0.0052284371101890895
2.0,0.3877551020408163,0.061224489795918366,0.0004995004995004995,0.0004995004995004995,-0.00708352375326186,-0.0052284371101890895
2.0,0.3877551020408163,0.08163265306122448,0.0004995004995004995,0.0004995004995004995,-0.00708352375326186,-0.0052284371101890895
2.0,0.3877551020408163,0.1020408163265306,0.0004995004995004995,0.0004995004995004995,-0.00708352375326186,-0.0052284371101890895
2.0,0.3877551020408163,0.12244897959183673,0.0004995004995004995,0.0004995004995004995,-0.00708352375326186,-0.0052284371101890895
2.0,0.3877551020408163,0.14285714285714285,0.0004995004995004995,0.0004995004995004995,-0.00708352375326186,-0.0052284371101890895
2.0,0.3877551020408163,0.16326530612244897,0.0004995004995004995,0.0004995004995004995,-0.00708352375326186,-0.0052284371101890895
2.0,0.3877551020408163,0.18367346938775508,0.0004995004995004995,0.0004995004995004995,-0.00708352375326186,-0.0052284371101890895
2.0,0.3877551020408163,0.2040816326530612,0.0004995004995004995,0.0004995004995004995,-0.00708352375326186,-0.0052284371101890895
2.0,0.3877551020408163,0.22448979591836732,0.0004995004995004995,0.0004995004995004995,-0.00708352375326186,-0.0052284371101890895
2.0,0.3877551020408163,0.24489795918367346,0.0004995004995004995,0.0004995004995004995,-0.00708352375326186,-0.0052284371101890895
2.0,0.3877551020408163,0.26530612244897955,0.0004995004995004995,0.0004995004995004995,-0.00708352375326186,-0.0052284371101890895
2.0,0.3877551020408163,0.2857142857142857,0.0004995004995004995,0.0004995004995004995,-0.00708352375326186,-0.0052284371101890895
2.0,0.3877551020408163,0.3061224489795918,0.0004995004995004995,0.0004995004995004995,-0.00708352375326186,-0.0052284371101890895
2.0,0.3877551020408163,0.32653061224489793,0.0004995004995004995,0.0004995004995004995,-0.00708352375326186,-0.0052284371101890895
2.0,0.3877551020408163,0.3469387755102041,0.0004995004995004995,0.0004995004995004995,-0.00708352375326186,-0.0052284371101890895
2.0,0.3877551020408163,0.36734693877551017,0.0004995004995004995,0.0004995004995004995,-0.00708352375326186,-0.0052284371101890895
2.0,0.3877551020408163,0.3877551020408163,0.0004995004995004995,0.0004995004995004995,-0.00708352375326186,-0.0052284371101890895
2.0,0.3877551020408163,0.4081632653061224,0.0004995004995004995,0.0005375004797776553,-0.00708352375326186,-0.0051904371299119345
2.0,0.3877551020408163,0.42857142857142855,0.0004995004995004995,0.0006402019283712278,-0.00708352375326186,-0.0050877356813183615
2.0,0.3877551020408163,0.44897959183673464,0.0004995004995004995,0.0007650104935267793,-0.00708352375326186,-0.00496292711616281
2.0,0.3877551020408163,0.4693877551020408,0.0004995004995004995,0.0009075666827359375,-0.00708352375326186,-0.004820370926953652
2.0,0.3877551020408163,0.4897959183673469,0.0004995004995004995,0.0010623814925619299,-0.00708352375326186,-0.0046655561171276595
2.0,0.3877551020408163,0.5102040816326531,0.0004995004995004995,0.0012228755867117482,-0.00708352375326186,-0.004505062022977841
2.0,0.3877551020408163,0.5306122448979591,0.0004995004995004995,0.0013815735857082355,-0.00708352375326186,-0.0043463640239813535
2.0,0.3877551020408163,0.5510204081632653,0.0004995004995004995,0.0015308912108106083,-0.00708352375326186,-0.004197046398878981
2.0,0.3877551020408163,0.5714285714285714,0.0005031902031304371,0.0016646266178726768,-0.007079834049631924,-0.004063310991816912
2.0,0.3877551020408163,0.5918367346938775,0.0007012976287806131,0.0017792613873367628,-0.006881726623981748,-0.003948676222352827
2.0,0.3877551020408163,0.6122448979591836,0.0010007760647874593,0.0018744626876775667,-0.006582248187974901,-0.0038534749220120227
2.0,0.3877551020408163,0.6326530612244897,0.00141923379910032,0.0019524804405648875,-0.006163790453662041,-0.003775457169124702
2.0,0.3877551020408163,0.6530612244897959,0.0019693536123926566,0.002016750598102113,-0.005613670640369704,-0.0037111870115874765
2.0,0.3877551020408163,0.673469387755102,0.0026559810002517443,0.0020707165895009205,-0.004927043252510616,-0.003657221020188669
2.0,0.3877551020408163,0.6938775510204082,0.003476821134701989,0.0021171697675551803,-0.0041062031180603715,-0.003610767842134409
2.0,0.3877551020408163,0.7142857142857142,0.004424513085153443,0.0021583156904285217,-0.0031585111676089173,-0.0035696219192610677
2.0,0.3877551020408163,0.7346938775510203,0.005489421806624142,0.0021955675021560804,-0.0020936024461382183,-0.003532370107533509
2.0,0.3877551020408163,0.7551020408163265,0.006660762186701115,0.0022301843428530624,-0.0009222620660612451,-0.003497753266836527
2.0,0.3877551020408163,0.7755102040816326,0.007928156180981197,0.0022626636975068993,0.0003451319282188371,-0.00346527391218269
2.0,0.3877551020408163,0.7959183673469387,0.009281838321883356,0.002293682126332708,0.0016988140691209953,-0.003434255483356881
2.0,0.3877551020408163,0.8163265306122448,0.01071211473477323,0.0023236233709301524,0.0031290904820108698,-0.003404314238759437
2.0,0.3877551020408163,0.836734693877551,0.012211488778433501,0.0023525739105929545,0.004628464525671141,-0.003375363699096635
2.0,0.3877551020408163,0.8571428571428571,0.013773422343056008,0.002380706106597832,0.006190398090293647,-0.0033472315030917575
2.0,0.3877551020408163,0.8775510204081632,0.015388887018886202,0.0024082450671967575,0.007805862766123842,-0.003319692542492832
2.0,0.3877551020408163,0.8979591836734693,0.017054924309382234,0.0024354318928452804,0.009471900056619874,-0.003292505716844309
2.0,0.3877551020408163,0.9183673469387754,0.01876317245811386,0.0024619329806349526,0.0111801482053515,-0.003266004629054637
2.0,0.3877551020408163,0.9387755102040816,0.02051293621294145,0.002488215738238855,0.012929911960179091,-0.0032397218714507346
2.0,0.3877551020408163,0.9591836734693877,0.022293058513859626,0.0025140137675864586,0.014710034261097266,-0.0032139238421031308
2.0,0.3877551020408163,0.9795918367346939,0.024107678446863456,0.0025392784768150196,0.016524654194101096,-0.00318865913287457
2.0,0.3877551020408163,1.0,0.025947147638297252,0.0025647107382821893,0.018364123385534892,-0.0031632268714074
2.0,0.4081632653061224,0.0,0.0004995004995004995,0.0004995004995004995,-0.00708352375326186,-0.0052284371101890895
2.0,0.4081632653061224,0.02040816326530612,0.0004995004995004995,0.0004995004995004995,-0.00708352375326186,-0.0052284371101890895
2.0,0.4081632653061224,0.04081632653061224,0.0004995004995004995,0.0004995004995004995,-0.00708352375326186,-0.0052284371101890895
2.0,0.4081632653061224,0.061224489795918366,0.0004995004995004995,0.0004995004995004995,-0.00708352375326186,-0.0052284371101890895
2.0,0.4081632653061224,0.08163265306122448,0.0004995004995004995,0.0004995004995004995,-0.00708352375326186,-0.0052284371101890895
2.0,0.4081632653061224,0.1020408163265306,0.0004995004995004995,0.0004995004995004995,-0.00708352375326186,-0.0052284371101890895
2.0,0.4081632653061224,0.12244897959183673,0.0004995004995004995,0.0004995004995004995,-0.00708352375326186,-0.0052284371101890895
2.0,0.4081632653061224,0.14285714285714285,0.0004995004995004995,0.0004995004995004995,-0.00708352375326186,-0.0052284371101890895
2.0,0.4081632653061224,0.16326530612244897,0.0004995004995004995,0.0004995004995004995,-0.00708352375326186,-0.0052284371101890895
2.0,0.4081632653061224,0.18367346938775508,0.0004995004995004995,0.0004995004995004995,-0.00708352375326186,-0.0052284371101890895
2.0,0.4081632653061224,0.2040816326530612,0.0004995004995004995,0.0004995004995004995,-0.00708352375326186,-0.0052284371101890895
2.0,0.4081632653061224,0.22448979591836732,0.0004995004995004995,0.0004995004995004995,-0.00708352375326186,-0.0052284371101890895
2.0,0.4081632653061224,0.24489795918367346,0.0004995004995004995,0.0004995004995004995,-0.00708352375326186,-0.0052284371101890895
2.0,0.4081632653061224,0.26530612244897955,0.0004995004995004995,0.0004995004995004995,-0.00708352375326186,-0.0052284371101890895
2.0,0.4081632653061224,0.2857142857142857,0.0004995004995004995,0.0004995004995004995,-0.00708352375326186,-0.0052284371101890895
2.0,0.4081632653061224,0.3061224489795918,0.0004995004995004995,0.0004995004995004995,-0.00708352375326186,-0.0052284371101890895
2.0,0.4081632653061224,0.32653061224489793,0.0004995004995004995,0.0004995004995004995,-0.00708352375326186,-0.0052284371101890895
2.0,0.4081632653061224,0.3469387755102041,0.0004995004995004995,0.0004995004995004995,-0.00708352375326186,-0.0052284371101890895
2.0,0.4081632653061224,0.36734693877551017,0.0004995004995004995,0.0004995004995004995,-0.00708352375326186,-0.0052284371101890895
2.0,0.4081632653061224,0.3877551020408163,0.0004995004995004995,0.0004995004995004995,-0.00708352375326186,-0.0052284371101890895
2.0,0.4081632653061224,0.4081632653061224,0.0004995004995004995,0.0005362957157379109,-0.00708352375326186,-0.005191641893951679
2.0,0.4081632653061224,0.42857142857142855,0.0004995004995004995,0.0006379291779914157,-0.00708352375326186,-0.005090008431698174
2.0,0.4081632653061224,0.44897959183673464,0.0004995004995004995,0.000761078775343386,-0.00708352375326186,-0.0049668588343462034
2.0,0.4081632653061224,0.4693877551020408,0.0004995004995004995,0.0009011068716091965,-0.00708352375326186,-0.004826830738080393
2.0,0.4081632653061224,0.4897959183673469,0.0004995004995004995,0.0010522076078469094,-0.00708352375326186,-0.00467573000184268
2.0,0.4081632653061224,0.5102040816326531,0.0004995004995004995,0.0012074238614363723,-0.00708352375326186,-0.004520513748253217
2.0,0.4081632653061224,0.5306122448979591,0.0004995004995004995,0.0013590414519378585,-0.00708352375326186,-0.004368896157751731
2.0,0.4081632653061224,0.5510204081632653,0.0004995004995004995,0.0014997138696483318,-0.00708352375326186,-0.004228223740041257
2.0,0.4081632653061224,0.5714285714285714,0.0005539202277656568,0.0016238822777080166,-0.007029104024996704,-0.004104055331981573
2.0,0.4081632653061224,0.5918367346938775,0.0007858780799176803,0.001729143403997832,-0.00679714617284468,-0.003998794205691757
2.0,0.4081632653061224,0.6122448979591836,0.0011289366337487617,0.0018161878779022673,-0.006454087619013599,-0.0039117497317873225
2.0,0.4081632653061224,0.6326530612244897,0.0016001250304139834,0.00188781586341462,-0.005982899222348377,-0.0038401217462749695
2.0,0.4081632653061224,0.6530612244897959,0.0022094993172887935,0.0019474518192069798,-0.005373524935473567,-0.0037804857904826096
2.0,0.4081632653061224,0.673469387755102,0.00295874293886908,0.00199828644061,-0.00462428131389328,-0.0037296511690795894
2.0,0.4081632653061224,0.6938775510204082,0.003842808783639653,0.0020427465102375608,-0.0037402154691227076,-0.0036851910994520286
2.0,0.4081632653061224,0.7142857142857142,0.0048526192052734335,0.002082647093198382,-0.002730405047488927,-0.0036452905164912073
2.0,0.4081632653061224,0.7346938775510203,0.005977338936289458,0.00211925496405227,-0.0016056853164729025,-0.0036086826456373194
2.0,0.4081632653061224,0.7551020408163265,0.007205814926856551,0.0021534342071534594,-0.00037720932590580916,-0.00357450340253613
2.0,0.4081632653061224,0.7755102040816326,0.00852767956756479,0.00218582222402282,0.0009446553148024298,-0.0035421153856667695
2.0,0.4081632653061224,0.7959183673469387,0.00993330422997291,0.0022167781865307296,0.002350279977210549,-0.0035111594231588598
2.0,0.4081632653061224,0.8163265306122448,0.011413100986405677,0.0022467496979088467,0.003830076733643316,-0.0034811879117807427
2.0,0.4081632653061224,0.836734693877551,0.01295987766465324,0.002275765136788367,0.00537685341189088,-0.0034521724729012224
2.0,0.4081632653061224,0.8571428571428571,0.014566811243803351,0.002304114610092568,0.006983786991040991,-0.0034238229995970215
2.0,0.4081632653061224,0.8775510204081632,0.016225600825627202,0.0023317732942196674,0.008642576572864841,-0.003396164315469922
2.0,0.4081632653061224,0.8979591836734693,0.017931893439317247,0.002358992080077649,0.010348869186554886,-0.0033689455296119406
2.0,0.4081632653061224,0.9183673469387754,0.01968186845278845,0.0023855392825087294,0.01209884420002609,-0.00334239832718086
2.0,0.4081632653061224,0.9387755102040816,0.021467804998087647,0.002411831365365327,0.013884780745325287,-0.0033161062443242623
2.0,0.4081632653061224,0.9591836734693877,0.02328781241948754,0.002437566615598631,0.01570478816672518,-0.0032903709940909583
2.0,0.4081632653061224,0.9795918367346939,0.025135834673427275,0.002463275426573051,0.017552810420664915,-0.003264662183116538
2.0,0.4081632653061224,1.0,0.027010056920795396,0.0024882343986950555,0.019427032668033035,-0.003239703210994534
2.0,0.42857142857142855,0.0,0.0004995004995004995,0.0004995004995004995,-0.00708352375326186,-0.0052284371101890895
2.0,0.42857142857142855,0.02040816326530612,0.0004995004995004995,0.0004995004995004995,-0.00708352375326186,-0.0052284371101890895
2.0,0.42857142857142855,0.04081632653061224,0.0004995004995004995,0.0004995004995004995,-0.00708352375326186,-0.0052284371101890895
2.0,0.42857142857142855,0.061224489795918366,0.0004995004995004995,0.0004995004995004995,-0.00708352375326186,-0.0052284371101890895
2.0,0.42857142857142855,0.08163265306122448,0.0004995004995004995,0.0004995004995004995,-0.00708352375326186,-0.0052284371101890895
2.0,0.42857142857142855,0.1020408163265306,0.0004995004995004995,0.0004995004995004995,-0.00708352375326186,-0.0052284371101890895
2.0,0.42857142857142855,0.12244897959183673,0.0004995004995004995,0.0004995004995004995,-0.00708352375326186,-0.0052284371101890895
2.0,0.42857142857142855,0.14285714285714285,0.0004995004995004995,0.0004995004995004995,-0.00708352375326186,-0.0052284371101890895
2.0,0.42857142857142855,0.16326530612244897,0.0004995004995004995,0.0004995004995004995,-0.00708352375326186,-0.0052284371101890895
2.0,0.42857142857142855,0.18367346938775508,0.0004995004995004995,0.0004995004995004995,-0.00708352375326186,-0.0052284371101890895
2.0,0.42857142857142855,0.2040816326530612,0.0004995004995004995,0.0004995004995004995,-0.00708352375326186,-0.0052284371101890895
2.0,0.42857142857142855,0.22448979591836732,0.0004995004995004995,0.0004995004995004995,-0.00708352375326186,-0.0052284371101890895
2.0,0.42857142857142855,0.24489795918367346,0.0004995004995004995,0.0004995004995004995,-0.00708352375326186,-0.0052284371101890895
2.0,0.42857142857142855,0.26530612244897955,0.0004995004995004995,0.0004995004995004995,-0.00708352375326186,-0.0052284371101890895
2.0,0.42857142857142855,0.2857142857142857,0.0004995004995004995,0.0004995004995004995,-0.00708352375326186,-0.0052284371101890895
2.0,0.42857142857142855,0.3061224489795918,0.0004995004995004995,0.0004995004995004995,-0.00708352375326186,-0.0052284371101890895
2.0,0.42857142857142855,0.32653061224489793,0.0004995004995004995,0.0004995004995004995,-0.00708352375326186,-0.0052284371101890895
2.0,0.42857142857142855,0.3469387755102041,0.0004995004995004995,0.0004995004995004995,-0.00708352375326186,-0.0052284371101890895
2.0,0.42857142857142855,0.36734693877551017,0.0004995004995004995,0.0004995004995004995,-0.00708352375326186,-0.0052284371101890895
2.0,0.42857142857142855,0.3877551020408163,0.0004995004995004995,0.0004995004995004995,-0.00708352375326186,-0.0052284371101890895
2.0,0.42857142857142855,0.4081632653061224,0.0004995004995004995,0.0005350547005410863,-0.00708352375326186,-0.005192882909148503
2.0,0.42857142857142855,0.42857142857142855,0.0004995004995004995,0.0006355712180673785,-0.00708352375326186,-0.005092366391622211
2.0,0.42857142857142855,0.44897959183673464,0.0004995004995004995,0.0007569784537572392,-0.00708352375326186,-0.00497095915593235
2.0,0.42857142857142855,0.4693877551020408,0.0004995004995004995,0.0008943494281348534,-0.00708352375326186,-0.004833588181554736
2.0,0.42857142857142855,0.4897959183673469,0.0004995004995004995,0.001041521284866091,-0.00708352375326186,-0.0046864163248234985
2.0,0.42857142857142855,0.5102040816326531,0.0004995004995004995,0.0011911999913577003,-0.00708352375326186,-0.004536737618331889
2.0,0.42857142857142855,0.5306122448979591,0.0004995004995004995,0.0013355894167854973,-0.00708352375326186,-0.004392348192904092
2.0,0.42857142857142855,0.5510204081632653,0.0004995004995004995,0.0014676648920010928,-0.00708352375326186,-0.004260272717688496
2.0,0.42857142857142855,0.5714285714285714,0.000613711869771403,0.0015827216825368812,-0.006969312382990958,-0.004145215927152708
2.0,0.42857142857142855,0.5918367346938775,0.000882919655725271,0.0016794688021774772,-0.006700104597037089,-0.004048468807512112
2.0,0.42857142857142855,0.6122448979591836,0.0012732013709859285,0.0017594145318029768,-0.006309822881776432,-0.003968523077886613
2.0,0.42857142857142855,0.6326530612244897,0.0018000215471610792,0.0018257225714122917,-0.005783002705601281,-0.0039022150382772977
2.0,0.42857142857142855,0.6530612244897959,0.00247026201801091,0.0018816189775479838,-0.005112762234751451,-0.0038463186321416056
2.0,0.42857142857142855,0.673469387755102,0.0032824959069946555,0.0019299497240953707,-0.004300528345767705,-0.0037979878855942187
2.0,0.42857142857142855,0.6938775510204082,0.004229159286450073,0.0019728521779495264,-0.003353864966312287,-0.003755085431740063
2.0,0.42857142857142855,0.7142857142857142,0.005299759184964109,0.002011807090556237,-0.002283265067798251,-0.0037161305191333524
2.0,0.42857142857142855,0.7346938775510203,0.006483000095265004,0.002047849158654263,-0.001100024157497356,-0.0036800884510353265
2.0,0.42857142857142855,0.7551020408163265,0.007767142427342817,0.002081732350880266,0.00018411817458045647,-0.0036462052588093234
2.0,0.42857142857142855,0.7755102040816326,0.009142025514339621,0.0021140516297947845,0.0015590012615772607,-0.003613885979894805
2.0,0.42857142857142855,0.7959183673469387,0.010598197550469698,0.0021450647899790053,0.0030151732977073374,-0.003582872819710584
2.0,0.42857142857142855,0.8163265306122448,0.012126241781549573,0.0021750225499122143,0.004543217528787212,-0.003552915059777375
2.0,0.42857142857142855,0.836734693877551,0.013719129697977468,0.002204123834423601,0.006136105445215107,-0.0035238137752659883
2.0,0.42857142857142855,0.8571428571428571,0.015369598827689082,0.002232525885661918,0.007786574574926722,-0.0034954117240276715
2.0,0.42857142857142855,0.8775510204081632,0.017071397762208503,0.002260221465204073,0.009488373509446143,-0.0034677161444855165
2.0,0.42857142857142855,0.8979591836734693,0.018818578465213072,0.0022874449118423473,0.011235554212450712,-0.003440492697847242
2.0,0.42857142857142855,0.9183673469387754,0.020606066964673715,0.002314023069933205,0.013023042711911355,-0.0034139145397563842
2.0,0.42857142857142855,0.9387755102040816,0.022428663515413554,0.002340282221155273,0.014845639262651193,-0.0033876553885343165
2.0,0.42857142857142855,0.9591836734693877,0.024281794948802872,0.002366233934264609,0.01669877069604051,-0.0033617036754249804
2.0,0.42857142857142855,0.9795918367346939,0.026164606350554825,0.002391606425662532,0.018581582097792464,-0.0033363311840270576
2.0,0.42857142857142855,1.0,0.028070381868319026,0.002416750805639396,0.020487357615556666,-0.0033111868040501934
2.0,0.44897959183673464,0.0,0.0004995004995004995,0.0004995004995004995,-0.00708352375326186,-0.0052284371101890895
2.0,0.44897959183673464,0.02040816326530612,0.0004995004995004995,0.0004995004995004995,-0.00708352375326186,-0.0052284371101890895
2.0,0.44897959183673464,0.04081632653061224,0.0004995004995004995,0.0004995004995004995,-0.00708352375326186,-0.0052284371101890895
2.0,0.44897959183673464,0.061224489795918366,0.0004995004995004995,0.0004995004995004995,-0.00708352375326186,-0.0052284371101890895
2.0,0.44897959183673464,0.08163265306122448,0.0004995004995004995,0.0004995004995004995,-0.00708352375326186,-0.0052284371101890895
2.0,0.44897959183673464,0.1020408163265306,0.0004995004995004995,0.0004995004995004995,-0.00708352375326186,-0.0052284371101890895
2.0,0.44897959183673464,0.12244897959183673,0.0004995004995004995,0.0004995004995004995,-0.00708352375326186,-0.0052284371101890895
2.0,0.44897959183673464,0.14285714285714285,0.0004995004995004995,0.0004995004995004995,-0.00708352375326186,-0.0052284371101890895
2.0,0.44897959183673464,0.16326530612244897,0.0004995004995004995,0.0004995004995004995,-0.00708352375326186,-0.0052284371101890895
2.0,0.44897959183673464,0.18367346938775508,0.0004995004995004995,0.0004995004995004995,-0.00708352375326186,-0.0052284371101890895
2.0,0.44897959183673464,0.2040816326530612,0.0004995004995004995,0.0004995004995004995,-0.00708352375326186,-0.0052284371101890895
2.0,0.44897959183673464,0.22448979591836732,0.0004995004995004995,0.0004995004995004995,-0.00708352375326186,-0.0052284371101890895
2.0,0.44897959183673464,0.24489795918367346,0.0004995004995004995,0.0004995004995004995,-0.00708352375326186,-0.0052284371101890895
2.0,0.44897959183673464,0.26530612244897955,0.0004995004995004995,0.0004995004995004995,-0.00708352375326186,-0.0052284371101890895
2.0,0.44897959183673464,0.2857142857142857,0.0004995004995004995,0.0004995004995004995,-0.00708352375326186,-0.0052284371101890895
2.0,0.44897959183673464,0.3061224489795918,0.0004995004995004995,0.0004995004995004995,-0.00708352375326186,-0.0052284371101890895
2.0,0.44897959183673464,0.32653061224489793,0.0004995004995004995,0.0004995004995004995,-0.00708352375326186,-0.0052284371101890895
2.0,0.44897959183673464,0.3469387755102041,0.0004995004995004995,0.0004995004995004995,-0.00708352375326186,-0.0052284371101890895
2.0,0.44897959183673464,0.36734693877551017,0.0004995004995004995,0.0004995004995004995,-0.00708352375326186,-0.0052284371101890895
2.0,0.44897959183673464,0.3877551020408163,0.0004995004995004995,0.0004995004995004995,-0.00708352375326186,-0.0052284371101890895
2.0,0.44897959183673464,0.4081632653061224,0.0004995004995004995,0.0005337796081904975,-0.00708352375326186,-0.005194158001499092
2.0,0.44897959183673464,0.42857142857142855,0.0004995004995004995,0.0006331239254173804,-0.00708352375326186,-0.005094813684272209
2.0,0.44897959183673464,0.44897959183673464,0.0004995004995004995,0.0007526982727593542,-0.00708352375326186,-0.004975239336930235
2.0,0.44897959183673464,0.4693877551020408,0.0004995004995004995,0.0008872748691702187,-0.00708352375326186,-0.0048406627405193706
2.0,0.44897959183673464,0.4897959183673469,0.0004995004995004995,0.0010303184576185287,-0.00708352375326186,-0.004697619152071061
2.0,0.44897959183673464,0.5102040816326531,0.0004995004995004995,0.001174273247048267,-0.00708352375326186,-0.004553664362641322
2.0,0.44897959183673464,0.5306122448979591,0.0004995004995004995,0.0013113403956380248,-0.00708352375326186,-0.004416597214051564
2.0,0.44897959183673464,0.5510204081632653,0.0004995004995004995,0.0014349774881215543,-0.00708352375326186,-0.004292960121568035
2.0,0.44897959183673464,0.5714285714285714,0.0006834148549609755,0.001541526986295826,-0.006899609397801385,-0.0041864106233937635
2.0,0.44897959183673464,0.5918367346938775,0.0009934594445535365,0.0016306449258409565,-0.006589564808208824,-0.004097292683848633
2.0,0.44897959183673464,0.6122448979591836,0.0014343820157744587,0.0017045538310656188,-0.006148642236987902,-0.004023383778623971
2.0,0.44897959183673464,0.6326530612244897,0.0020192253353662833,0.0017664303875322578,-0.0055637989173960775,-0.003961507222157332
2.0,0.44897959183673464,0.6530612244897959,0.0027514515414465623,0.001819319544881362,-0.004831572711315798,-0.003908618064808227
2.0,0.44897959183673464,0.673469387755102,0.0036265580879749054,0.001865685744803823,-0.003956466164787455,-0.0038622518648857664
2.0,0.44897959183673464,0.6938775510204082,0.004634992537410194,0.0019073295553686288,-0.0029480317153521667,-0.0038206080543209606
2.0,0.44897959183673464,0.7142857142857142,0.005765049469141764,0.001945497503616815,-0.0018179747836205963,-0.0037824401060727745
2.0,0.44897959183673464,0.7346938775510203,0.0070052532156691695,0.0019811891855071747,-0.0005777710370931909,-0.0037467484241824147
2.0,0.44897959183673464,0.7551020408163265,0.008343599944362772,0.0020148268386692217,0.0007605756916004118,-0.0037131107710203677
2.0,0.44897959183673464,0.7755102040816326,0.009770099624084495,0.002046961765239782,0.0021870753713221346,-0.0036809758444498073
2.0,0.44897959183673464,0.7959183673469387,0.011275499998393692,0.0020779949615528947,0.0036924757456313316,-0.0036499426481366947
2.0,0.44897959183673464,0.8163265306122448,0.012850527027021547,0.002107902804855375,0.005267502774259187,-0.0036200348048342143
2.0,0.44897959183673464,0.836734693877551,0.014488380065802553,0.0021370682091133688,0.006905355813040193,-0.0035908694005762206
2.0,0.44897959183673464,0.8571428571428571,0.016180785407745375,0.0021654550073515982,0.008597761154983015,-0.003562482602337991
2.0,0.44897959183673464,0.8775510204081632,0.017924212518265214,0.0021931446712586773,0.010341188265502853,-0.003534792938430912
2.0,0.44897959183673464,0.8979591836734693,0.019710471269648984,0.002220386567420337,0.012127447016886624,-0.0035075510422692526
2.0,0.44897959183673464,0.9183673469387754,0.02153467025838217,0.0022470313463131006,0.013951646005619808,-0.0034809062633764888
2.0,0.44897959183673464,0.9387755102040816,0.023395858252740983,0.002273260027878053,0.015812833999978623,-0.003454677581811536
2.0,0.44897959183673464,0.9591836734693877,0.02528627053982273,0.002298960924283269,0.01770324628706037,-0.0034289766854063205
2.0,0.44897959183673464,0.9795918367346939,0.027202578770551673,0.0023243154868200226,0.019619554517789312,-0.0034036221228695668
2.0,0.44897959183673464,1.0,0.029140875203762042,0.0023491257458108455,0.02155785095099968,-0.003378811863878744
2.0,0.4693877551020408,0.0,0.0004995004995004995,0.0004995004995004995,-0.00708352375326186,-0.0052284371101890895
2.0,0.4693877551020408,0.02040816326530612,0.0004995004995004995,0.0004995004995004995,-0.00708352375326186,-0.0052284371101890895
2.0,0.4693877551020408,0.04081632653061224,0.0004995004995004995,0.0004995004995004995,-0.00708352375326186,-0.0052284371101890895
2.0,0.4693877551020408,0.061224489795918366,0.0004995004995004995,0.0004995004995004995,-0.00708352375326186,-0.0052284371101890895
2.0,0.4693877551020408,0.08163265306122448,0.0004995004995004995,0.0004995004995004995,-0.00708352375326186,-0.0052284371101890895
2.0,0.4693877551020408,0.1020408163265306,0.0004995004995004995,0.0004995004995004995,-0.00708352375326186,-0.0052284371101890895
2.0,0.4693877551020408,0.12244897959183673,0.0004995004995004995,0.0004995004995004995,-0.00708352375326186,-0.0052284371101890895
2.0,0.4693877551020408,0.14285714285714285,0.0004995004995004995,0.0004995004995004995,-0.00708352375326186,-0.0052284371101890895
2.0,0.4693877551020408,0.16326530612244897,0.0004995004995004995,0.0004995004995004995,-0.00708352375326186,-0.0052284371101890895
2.0,0.4693877551020408,0.18367346938775508,0.0004995004995004995,0.0004995004995004995,-0.00708352375326186,-0.0052284371101890895
2.0,0.4693877551020408,0.2040816326530612,0.0004995004995004995,0.0004995004995004995,-0.00708352375326186,-0.0052284371101890895
2.0,0.4693877551020408,0.22448979591836732,0.0004995004995004995,0.0004995004995004995,-0.00708352375326186,-0.0052284371101890895
2.0,0.4693877551020408,0.24489795918367346,0.0004995004995004995,0.0004995004995004995,-0.00708352375326186,-0.0052284371101890895
2.0,0.4693877551020408,0.26530612244897955,0.0004995004995004995,0.0004995004995004995,-0.00708352375326186,-0.0052284371101890895
2.0,0.4693877551020408,0.2857142857142857,0.0004995004995004995,0.0004995004995004995,-0.00708352375326186,-0.0052284371101890895
2.0,0.4693877551020408,0.3061224489795918,0.0004995004995004995,0.0004995004995004995,-0.00708352375326186,-0.0052284371101890895
2.0,0.4693877551020408,0.32653061224489793,0.0004995004995004995,0.0004995004995004995,-0.00708352375326186,-0.0052284371101890895
2.0,0.4693877551020408,0.3469387755102041,0.0004995004995004995,0.0004995004995004995,-0.00708352375326186,-0.0052284371101890895
2.0,0.4693877551020408,0.36734693877551017,0.0004995004995004995,0.0004995004995004995,-0.00708352375326186,-0.0052284371101890895
2.0,0.4693877551020408,0.3877551020408163,0.0004995004995004995,0.0004995004995004995,-0.00708352375326186,-0.0052284371101890895
2.0,0.4693877551020408,0.4081632653061224,0.0004995004995004995,0.0005324679892736325,-0.00708352375326186,-0.005195469620415957
2.0,0.4693877551020408,0.42857142857142855,0.0004995004995004995,0.000630589592856895,-0.00708352375326186,-0.005097348016832695
2.0,0.4693877551020408,0.44897959183673464,0.0004995004995004995,0.0007482414696449094,-0.00708352375326186,-0.00497969614004468
2.0,0.4693877551020408,0.4693877551020408,0.0004995004995004995,0.0008798572661936829,-0.00708352375326186,-0.0048480803434959065
2.0,0.4693877551020408,0.4897959183673469,0.0004995004995004995,0.0010185971845360687,-0.00708352375326186,-0.004709340425153521
2.0,0.4693877551020408,0.5102040816326531,0.0004995004995004995,0.0011566873049818906,-0.00708352375326186,-0.004571250304707699
2.0,0.4693877551020408,0.5306122448979591,0.0004995004995004995,0.0012864025429078147,-0.00708352375326186,-0.0044415350667817745
2.0,0.4693877551020408,0.5510204081632653,0.0005308867375879409,0.001401930720295418,-0.00705213751517442,-0.0043260068893941715
2.0,0.4693877551020408,0.5714285714285714,0.0007639625100497194,0.0015006344280284673,-0.006819061742712641,-0.004227303181661122
2.0,0.4693877551020408,0.5918367346938775,0.0011184391887082005,0.0015830726832713996,-0.00646458506405416,-0.00414486492641819
2.0,0.4693877551020408,0.6122448979591836,0.0016130742281244372,0.0016518461855029119,-0.0059699500246379236,-0.0040760914241866775
2.0,0.4693877551020408,0.6326530612244897,0.002257793315750409,0.0017100802858254437,-0.005325230937011951,-0.004017857323864145
2.0,0.4693877551020408,0.6530612244897959,0.0030525094342218053,0.0017605126116882713,-0.004530514818540555,-0.003967424998001318
2.0,0.4693877551020408,0.673469387755102,0.00398997322020447,0.001805309388719267,-0.0035930510325578903,-0.003922628220970323
2.0,0.4693877551020408,0.6938775510204082,0.0050589565793890436,0.0018459666221955701,-0.002524067673373317,-0.003881970987494019
2.0,0.4693877551020408,0.7142857142857142,0.006247314500898516,0.001883556523045713,-0.0013357097518638446,-0.003844381086643876
2.0,0.4693877551020408,0.7346938775510203,0.007542994079243166,0.0019188248733848215,-4.00301735191946e-05,-0.003809112736304768
2.0,0.4693877551020408,0.7551020408163265,0.008934070403502144,0.001952245833388738,0.0013510461507397833,-0.003775691776300851
2.0,0.4693877551020408,0.7755102040816326,0.01041087565541654,0.0019843366995758544,0.00282785140265418,-0.003743600910113735
2.0,0.4693877551020408,0.7959183673469387,0.011964286396103443,0.0020151827785260383,0.004381262143341082,-0.003712754831163551
2.0,0.4693877551020408,0.8163265306122448,0.013585243726908672,0.0020451568658119918,0.006002219474146312,-0.0036827807438775976
2.0,0.4693877551020408,0.836734693877551,0.015266726897017899,0.002074197738281707,0.007683702644255538,-0.0036537398714078825
2.0,0.4693877551020408,0.8571428571428571,0.017000977873242708,0.0021025727711900684,0.009417953620480347,-0.003625364838499521
2.0,0.4693877551020408,0.8775510204081632,0.018782718154332644,0.0021301861407493745,0.011199693901570284,-0.003597751468940215
2.0,0.4693877551020408,0.8979591836734693,0.020608635426020382,0.0021573988265749665,0.013025611173258022,-0.003570538783114623
2.0,0.4693877551020408,0.9183673469387754,0.022472374993399796,0.0021840061720411223,0.014889350740637436,-0.003543931437648467
2.0,0.4693877551020408,0.9387755102040816,0.024366484628264587,0.002210035219101677,0.016783460375502227,-0.0035179023905879125
2.0,0.4693877551020408,0.9591836734693877,0.0262886551056154,0.002235695645317232,0.01870563085285304,-0.0034922419643723572
2.0,0.4693877551020408,0.9795918367346939,0.028238451084708828,0.002260928637086751,0.020655426831946468,-0.0034670089726028383
2.0,0.4693877551020408,1.0,0.030211593718409493,0.0022858618411701116,0.022628569465647133,-0.003442075768519478
2.0,0.4897959183673469,0.0,0.0004995004995004995,0.0004995004995004995,-0.00708352375326186,-0.0052284371101890895
2.0,0.4897959183673469,0.02040816326530612,0.0004995004995004995,0.0004995004995004995,-0.00708352375326186,-0.0052284371101890895
2.0,0.4897959183673469,0.04081632653061224,0.0004995004995004995,0.0004995004995004995,-0.00708352375326186,-0.0052284371101890895
2.0,0.4897959183673469,0.061224489795918366,0.0004995004995004995,0.0004995004995004995,-0.00708352375326186,-0.0052284371101890895
2.0,0.4897959183673469,0.08163265306122448,0.0004995004995004995,0.0004995004995004995,-0.00708352375326186,-0.0052284371101890895
2.0,0.4897959183673469,0.1020408163265306,0.0004995004995004995,0.0004995004995004995,-0.00708352375326186,-0.0052284371101890895
2.0,0.4897959183673469,0.12244897959183673,0.0004995004995004995,0.0004995004995004995,-0.00708352375326186,-0.0052284371101890895
2.0,0.4897959183673469,0.14285714285714285,0.0004995004995004995,0.0004995004995004995,-0.00708352375326186,-0.0052284371101890895
2.0,0.4897959183673469,0.16326530612244897,0.0004995004995004995,0.0004995004995004995,-0.00708352375326186,-0.0052284371101890895
2.0,0.4897959183673469,0.18367346938775508,0.0004995004995004995,0.0004995004995004995,-0.00708352375326186,-0.0052284371101890895
2.0,0.4897959183673469,0.2040816326530612,0.0004995004995004995,0.0004995004995004995,-0.00708352375326186,-0.0052284371101890895
2.0,0.4897959183673469,0.22448979591836732,0.0004995004995004995,0.0004995004995004995,-0.00708352375326186,-0.0052284371101890895
2.0,0.4897959183673469,0.24489795918367346,0.0004995004995004995,0.0004995004995004995,-0.00708352375326186,-0.0052284371101890895
2.0,0.4897959183673469,0.26530612244897955,0.0004995004995004995,0.0004995004995004995,-0.00708352375326186,-0.0052284371101890895
2.0,0.4897959183673469,0.2857142857142857,0.0004995004995004995,0.0004995004995004995,-0.00708352375326186,-0.0052284371101890895
2.0,0.4897959183673469,0.3061224489795918,0.0004995004995004995,0.0004995004995004995,-0.00708352375326186,-0.0052284371101890895
2.0,0.4897959183673469,0.32653061224489793,0.0004995004995004995,0.0004995004995004995,-0.00708352375326186,-0.0052284371101890895
2.0,0.4897959183673469,0.3469387755102041,0.0004995004995004995,0.0004995004995004995,-0.00708352375326186,-0.0052284371101890895
2.0,0.4897959183673469,0.36734693877551017,0.0004995004995004995,0.0004995004995004995,-0.00708352375326186,-0.0052284371101890895
2.0,0.4897959183673469,0.3877551020408163,0.0004995004995004995,0.0004995004995004995,-0.00708352375326186,-0.0052284371101890895
2.0,0.4897959183673469,0.4081632653061224,0.0004995004995004995,0.0005311192566369812,-0.00708352375326186,-0.005196818353052609
2.0,0.4897959183673469,0.42857142857142855,0.0004995004995004995,0.0006279639858474004,-0.00708352375326186,-0.005099973623842189
2.0,0.4897959183673469,0.44897959183673464,0.0004995004995004995,0.0007435942984043091,-0.00708352375326186,-0.00498434331128528
2.0,0.4897959183673469,0.4693877551020408,0.0004995004995004995,0.0008721293759090824,-0.00708352375326186,-0.004855808233780507
2.0,0.4897959183673469,0.4897959183673469,0.0004995004995004995,0.001006392825246693,-0.00708352375326186,-0.004721544784442896
2.0,0.4897959183673469,0.5102040816326531,0.0004995004995004995,0.0011384780155815637,-0.00708352375326186,-0.0045894595941080255
2.0,0.4897959183673469,0.5306122448979591,0.0004995004995004995,0.0012609493408744944,-0.00708352375326186,-0.004466988268815095
2.0,0.4897959183673469,0.5510204081632653,0.0005856940618806207,0.001368792446474402,-0.00699733019088174,-0.004359145163215188
2.0,0.4897959183673469,0.5714285714285714,0.0008562908030686851,0.0014603772066091735,-0.006726733449693675,-0.004267560403080416
2.0,0.4897959183673469,0.5918367346938775,0.001258704821179013,0.0015370056480575474,-0.006324319431583347,-0.0041909319616320415
2.0,0.4897959183673469,0.6122448979591836,0.0018096897194582286,0.00160146831778564,-0.0057733345333041315,-0.00412646929190395
2.0,0.4897959183673469,0.6326530612244897,0.0025155261787521387,0.0016567181428960025,-0.005067498074010222,-0.004071219466793587
2.0,0.4897959183673469,0.6530612244897959,0.003372776552637698,0.0017051706348021611,-0.0042102477001246625,-0.004022766974887428
2.0,0.4897959183673469,0.673469387755102,0.004371688732201021,0.001748665655541361,-0.0032113355205613398,-0.003979271954148229
2.0,0.4897959183673469,0.6938775510204082,0.005500166598267068,0.0017884781963311953,-0.0020828576544952926,-0.003939459413358394
2.0,0.4897959183673469,0.7142857142857142,0.006745331078618582,0.0018255183670016102,-0.000837693174143778,-0.003902419242687979
2.0,0.4897959183673469,0.7346938775510203,0.008095158191726098,0.0018604902841157438,0.000512133938963738,-0.0038674473255738456
2.0,0.4897959183673469,0.7551020408163265,0.009537596945210712,0.0018937287267125897,0.001954572692448352,-0.0038342088829769997
2.0,0.4897959183673469,0.7755102040816326,0.011063534039937184,0.0019256814309234337,0.0034805097871748233,-0.003802256178766156
2.0,0.4897959183673469,0.7959183673469387,0.012663755449733298,0.00195645704459534,0.005080731196970938,-0.0037714805650942494
2.0,0.4897959183673469,0.8163265306122448,0.014329519035287437,0.0019862645824727325,0.0067464947825250764,-0.003741673027216857
2.0,0.4897959183673469,0.836734693877551,0.01605315845122974,0.0020152294317116234,0.008470134198467379,-0.003712708177977966
2.0,0.4897959183673469,0.8571428571428571,0.01782976345188016,0.0020435639667084667,0.0102467391991178,-0.0036843736429811227
2.0,0.4897959183673469,0.8775510204081632,0.019651755378527924,0.0020710099596239206,0.012068731125765564,-0.0036569276500656688
2.0,0.4897959183673469,0.8979591836734693,0.021514725648849466,0.002098110993206363,0.013931701396087105,-0.0036298266164832265
2.0,0.4897959183673469,0.9183673469387754,0.023410656263249542,0.0021245273174880087,0.015827632010487182,-0.0036034102922015807
2.0,0.4897959183673469,0.9387755102040816,0.025342298867613154,0.002150624715994069,0.017759274614850794,-0.0035773128936955204
2.0,0.4897959183673469,0.9591836734693877,0.02730022210232267,0.0021761686970973946,0.01971719784956031,-0.003551768912592195
2.0,0.4897959183673469,0.9795918367346939,0.02927994578151438,0.0022012867946556913,0.02169692152875202,-0.003526650815033898
2.0,0.4897959183673469,1.0,0.03128055393786708,0.0022258403775132283,0.023697529685104718,-0.003502097232176361
2.0,0.5102040816326531,0.0,0.0004995004995004995,0.0004995004995004995,-0.00708352375326186,-0.0052284371101890895
2.0,0.5102040816326531,0.02040816326530612,0.0004995004995004995,0.0004995004995004995,-0.00708352375326186,-0.0052284371101890895
2.0,0.5102040816326531,0.04081632653061224,0.0004995004995004995,0.0004995004995004995,-0.00708352375326186,-0.0052284371101890895
2.0,0.5102040816326531,0.061224489795918366,0.0004995004995004995,0.0004995004995004995,-0.00708352375326186,-0.0052284371101890895
2.0,0.5102040816326531,0.08163265306122448,0.0004995004995004995,0.0004995004995004995,-0.00708352375326186,-0.0052284371101890895
2.0,0.5102040816326531,0.1020408163265306,0.0004995004995004995,0.0004995004995004995,-0.00708352375326186,-0.0052284371101890895
2.0,0.5102040816326531,0.12244897959183673,0.0004995004995004995,0.0004995004995004995,-0.00708352375326186,-0.0052284371101890895
2.0,0.5102040816326531,0.14285714285714285,0.0004995004995004995,0.0004995004995004995,-0.00708352375326186,-0.0052284371101890895
2.0,0.5102040816326531,0.16326530612244897,0.0004995004995004995,0.0004995004995004995,-0.00708352375326186,-0.0052284371101890895
2.0,0.5102040816326531,0.18367346938775508,0.0004995004995004995,0.0004995004995004995,-0.00708352375326186,-0.0052284371101890895
2.0,0.5102040816326531,0.2040816326530612,0.0004995004995004995,0.0004995004995004995,-0.00708352375326186,-0.0052284371101890895
2.0,0.5102040816326531,0.22448979591836732,0.0004995004995004995,0.0004995004995004995,-0.00708352375326186,-0.0052284371101890895
2.0,0.5102040816326531,0.24489795918367346,0.0004995004995004995,0.0004995004995004995,-0.00708352375326186,-0.0052284371101890895
2.0,0.5102040816326531,0.26530612244897955,0.0004995004995004995,0.0004995004995004995,-0.00708352375326186,-0.0052284371101890895
2.0,0.5102040816326531,0.2857142857142857,0.0004995004995004995,0.0004995004995004995,-0.00708352375326186,-0.0052284371101890895
2.0,0.5102040816326531,0.3061224489795918,0.0004995004995004995,0.0004995004995004995,-0.00708352375326186,-0.0052284371101890895
2.0,0.5102040816326531,0.32653061224489793,0.0004995004995004995,0.0004995004995004995,-0.00708352375326186,-0.0052284371101890895
2.0,0.5102040816326531,0.3469387755102041,0.0004995004995004995,0.0004995004995004995,-0.00708352375326186,-0.0052284371101890895
2.0,0.5102040816326531,0.36734693877551017,0.0004995004995004995,0.0004995004995004995,-0.00708352375326186,-0.0052284371101890895
2.0,0.5102040816326531,0.3877551020408163,0.0004995004995004995,0.0004995004995004995,-0.00708352375326186,-0.0052284371101890895
2.0,0.5102040816326531,0.4081632653061224,0.0004995004995004995,0.0005297349424502186,-0.00708352375326186,-0.00519820266723937
2.0,0.5102040816326531,0.42857142857142855,0.0004995004995004995,0.000625245936460958,-0.00708352375326186,-0.005102691673228631
2.0,0.5102040816326531,0.44897959183673464,0.0004995004995004995,0.0007387604888636273,-0.00708352375326186,-0.004989177120825962
2.0,0.5102040816326531,0.4693877551020408,0.0004995004995004995,0.0008640751558317062,-0.00708352375326186,-0.004863862453857884
2.0,0.5102040816326531,0.4897959183673469,0.0004995004995004995,0.0009937289609397723,-0.00708352375326186,-0.004734208648749817
2.0,0.5102040816326531,0.5102040816326531,0.0004995004995004995,0.0011197388999593285,-0.00708352375326186,-0.004608198709730261
2.0,0.5102040816326531,0.5306122448979591,0.0004995004995004995,0.0012351536601159225,-0.00708352375326186,-0.004492783949573666
2.0,0.5102040816326531,0.5510204081632653,0.0006497389141282605,0.0013358424805716062,-0.0069332853386341,-0.004392095129117983
2.0,0.5102040816326531,0.5714285714285714,0.0009613505450022116,0.0014210669303590467,-0.006621673707760149,-0.004306870679330542
2.0,0.5102040816326531,0.5918367346938775,0.0014149218169948103,0.001492699990330797,-0.0061681024357675505,-0.004235237619358793
2.0,0.5102040816326531,0.6122448979591836,0.002024355083632406,0.001553544253695359,-0.005558669169129954,-0.004174393355994231
2.0,0.5102040816326531,0.6326530612244897,0.0027920026006204475,0.0016063209907977711,-0.004791021652141913,-0.004121616618891818
2.0,0.5102040816326531,0.6530612244897959,0.0037113956513682494,0.0016531084739737766,-0.003871628601394111,-0.004074829135715813
2.0,0.5102040816326531,0.673469387755102,0.004771021761746584,0.0016955493628341579,-0.0028120024910157767,-0.0040323882468554315
2.0,0.5102040816326531,0.6938775510204082,0.0059575883602821875,0.0017346607565667108,-0.0016254358924801728,-0.003993276853122878
2.0,0.5102040816326531,0.7142857142857142,0.007258113854445545,0.001771255229846093,-0.0003249103983168156,-0.0039566823798434965
2.0,0.5102040816326531,0.7346938775510203,0.00866074818597476,0.0018059078916330927,0.001077723933212399,-0.003922029718056497
2.0,0.5102040816326531,0.7551020408163265,0.010153311173666949,0.0018389704800561698,0.0025702869209045884,-0.0038889671296334196
2.0,0.5102040816326531,0.7755102040816326,0.011727284958166124,0.0018706712790018318,0.0041442607054037635,-0.0038572663306877574
2.0,0.5102040816326531,0.7959183673469387,0.013373079815496151,0.0019013668862138508,0.005790055562733791,-0.0038265707234757386
2.0,0.5102040816326531,0.8163265306122448,0.015082450932853922,0.0019309864149023592,0.007499426680091561,-0.0037969511947872304
2.0,0.5102040816326531,0.836734693877551,0.016847224170518326,0.001959887884556176,0.009264199917755966,-0.0037680497251334133
2.0,0.5102040816326531,0.8571428571428571,0.018664370513959794,0.0019881093110003384,0.011081346261197434,-0.003739828298689251
2.0,0.5102040816326531,0.8775510204081632,0.020524811914316477,0.0020155529562633084,0.012941787661554117,-0.003712384653426281
2.0,0.5102040816326531,0.8979591836734693,0.02242243523230157,0.0020424224158468673,0.014839410979539211,-0.003685515193842722
2.0,0.5102040816326531,0.9183673469387754,0.02435908648344687,0.002068830077614213,0.01677606223068451,-0.0036591075320753764
2.0,0.5102040816326531,0.9387755102040816,0.02632292850375479,0.0020946338733350625,0.01873990425099243,-0.003633303736354527
2.0,0.5102040816326531,0.9591836734693877,0.028313081693114778,0.0021199932432284046,0.020730057440352417,-0.003607944366461185
2.0,0.5102040816326531,0.9795918367346939,0.030326245321543044,0.0021446591120814337,0.022743221068780684,-0.0035832784976081557
2.0,0.5102040816326531,1.0,0.03235419054156451,0.0021692743237543537,0.024771166288802153,-0.0035586632859352357
2.0,0.5306122448979591,0.0,0.0004995004995004995,0.0004995004995004995,-0.00708352375326186,-0.0052284371101890895
2.0,0.5306122448979591,0.02040816326530612,0.0004995004995004995,0.0004995004995004995,-0.00708352375326186,-0.0052284371101890895
2.0,0.5306122448979591,0.04081632653061224,0.0004995004995004995,0.0004995004995004995,-0.00708352375326186,-0.0052284371101890895
2.0,0.5306122448979591,0.061224489795918366,0.0004995004995004995,0.0004995004995004995,-0.00708352375326186,-0.0052284371101890895
2.0,0.5306122448979591,0.08163265306122448,0.0004995004995004995,0.0004995004995004995,-0.00708352375326186,-0.0052284371101890895
2.0,0.5306122448979591,0.1020408163265306,0.0004995004995004995,0.0004995004995004995,-0.00708352375326186,-0.0052284371101890895
2.0,0.5306122448979591,0.12244897959183673,0.0004995004995004995,0.0004995004995004995,-0.00708352375326186,-0.0052284371101890895
2.0,0.5306122448979591,0.14285714285714285,0.0004995004995004995,0.0004995004995004995,-0.00708352375326186,-0.0052284371101890895
2.0,0.5306122448979591,0.16326530612244897,0.0004995004995004995,0.0004995004995004995,-0.00708352375326186,-0.0052284371101890895
2.0,0.5306122448979591,0.18367346938775508,0.0004995004995004995,0.0004995004995004995,-0.00708352375326186,-0.0052284371101890895
2.0,0.5306122448979591,0.2040816326530612,0.0004995004995004995,0.0004995004995004995,-0.00708352375326186,-0.0052284371101890895
2.0,0.5306122448979591,0.22448979591836732,0.0004995004995004995,0.0004995004995004995,-0.00708352375326186,-0.0052284371101890895
2.0,0.5306122448979591,0.24489795918367346,0.0004995004995004995,0.0004995004995004995,-0.00708352375326186,-0.0052284371101890895
2.0,0.5306122448979591,0.26530612244897955,0.0004995004995004995,0.0004995004995004995,-0.00708352375326186,-0.0052284371101890895
2.0,0.5306122448979591,0.2857142857142857,0.0004995004995004995,0.0004995004995004995,-0.00708352375326186,-0.0052284371101890895
2.0,0.5306122448979591,0.3061224489795918,0.0004995004995004995,0.0004995004995004995,-0.00708352375326186,-0.0052284371101890895
2.0,0.5306122448979591,0.32653061224489793,0.0004995004995004995,0.0004995004995004995,-0.00708352375326186,-0.0052284371101890895
2.0,0.5306122448979591,0.3469387755102041,0.0004995004995004995,0.0004995004995004995,-0.00708352375326186,-0.0052284371101890895
2.0,0.5306122448979591,0.36734693877551017,0.0004995004995004995,0.0004995004995004995,-0.00708352375326186,-0.0052284371101890895
2.0,0.5306122448979591,0.3877551020408163,0.0004995004995004995,0.0004995004995004995,-0.00708352375326186,-0.0052284371101890895
2.0,0.5306122448979591,0.4081632653061224,0.0004995004995004995,0.000528313851056772,-0.00708352375326186,-0.005199623758632818
2.0,0.5306122448979591,0.42857142857142855,0.0004995004995004995,0.000622437355192968,-0.00708352375326186,-0.0051055002544966215
2.0,0.5306122448979591,0.44897959183673464,0.0004995004995004995,0.0007337468800973385,-0.00708352375326186,-0.004994190729592251
2.0,0.5306122448979591,0.4693877551020408,0.0004995004995004995,0.0008557120051004583,-0.00708352375326186,-0.004872225604589131
2.0,0.5306122448979591,0.4897959183673469,0.0004995004995004995,0.0009806436715432635,-0.00708352375326186,-0.004747293938146326
2.0,0.5306122448979591,0.5102040816326531,0.0004995004995004995,0.0011005922093457357,-0.00708352375326186,-0.004627345400343853
2.0,0.5306122448979591,0.5306122448979591,0.0004995004995004995,0.0012092182617604928,-0.00708352375326186,-0.004518719347929096
2.0,0.5306122448979591,0.5510204081632653,0.0007238473445217919,0.0013032994519401606,-0.0068591769082405685,-0.004424638157749429
2.0,0.5306122448979591,0.5714285714285714,0.0010799501690430735,0.0013829199232094306,-0.006503074083719287,-0.004345017686480159
2.0,0.5306122448979591,0.5918367346938775,0.0015875942353532127,0.0014503017292715869,-0.005995430017409147,-0.0042776358804180025
2.0,0.5306122448979591,0.6122448979591836,0.0022569869393837035,0.00150812001072046,-0.005326037313378657,-0.004219817598969129
2.0,0.5306122448979591,0.6326530612244897,0.00308678715326223,0.0015588416290672302,-0.0044962370995001305,-0.004169095980622359
2.0,0.5306122448979591,0.6530612244897959,0.004067662622281095,0.0016042401942727648,-0.003515361630481265,-0.004123697415416825
2.0,0.5306122448979591,0.673469387755102,0.005186793483436477,0.001645746209035019,-0.0023962307693258834,-0.004082191400654571
2.0,0.5306122448979591,0.6938775510204082,0.006430093594229391,0.0016842380717932992,-0.0011529306585329694,-0.0040436995378962904
2.0,0.5306122448979591,0.7142857142857142,0.007784819398982394,0.0017204298936053816,0.00020179514622003375,-0.004007507716084208
2.0,0.5306122448979591,0.7346938775510203,0.009238863964818171,0.0017547767929514961,0.0016558397120558111,-0.003973160816738094
2.0,0.5306122448979591,0.7551020408163265,0.010780564070800053,0.0017875568809181978,0.0031975398180376924,-0.003940380728771392
2.0,0.5306122448979591,0.7755102040816326,0.012401388090010552,0.0018191275367123788,0.004818363837248192,-0.003908810072977211
2.0,0.5306122448979591,0.7959183673469387,0.01409150283514753,0.0018495990808187427,0.0065084785823851694,-0.0038783385288708467
2.0,0.5306122448979591,0.8163265306122448,0.015843198859739654,0.001879076313313243,0.008260174606977293,-0.0038488612963763465
2.0,0.5306122448979591,0.836734693877551,0.017650801338639294,0.0019078855472206067,0.010067777085876934,-0.0038200520624689827
2.0,0.5306122448979591,0.8571428571428571,0.019504992644440847,0.0019358973587204576,0.011921968391678486,-0.0037920402509691318
2.0,0.5306122448979591,0.8775510204081632,0.021403519693871755,0.0019632739756155156,0.013820495441109394,-0.0037646636340740738
2.0,0.5306122448979591,0.8979591836734693,0.023340421761558747,0.001990001404629537,0.015757397508796386,-0.0037379362050600526
2.0,0.5306122448979591,0.9183673469387754,0.025307346643755523,0.0020160785881451274,0.017724322390993162,-0.003711859021544462
2.0,0.5306122448979591,0.9387755102040816,0.02730190737844651,0.002041785388033311,0.01971888312568415,-0.0036861522216562782
2.0,0.5306122448979591,0.9591836734693877,0.029324394493143946,0.0020668232981863083,0.021741370240381586,-0.003661114311503281
2.0,0.5306122448979591,0.9795918367346939,0.0313713086876214,0.002091674583102597,0.023788284434859037,-0.0036362630265869924
2.0,0.5306122448979591,1.0,0.03343332318086386,0.0021159851208296357,0.0258502989281015,-0.0036119524888599537
2.0,0.5510204081632653,0.0,0.0004995004995004995,0.0004995004995004995,-0.00708352375326186,-0.0052284371101890895
2.0,0.5510204081632653,0.02040816326530612,0.0004995004995004995,0.0004995004995004995,-0.00708352375326186,-0.0052284371101890895
2.0,0.5510204081632653,0.04081632653061224,0.0004995004995004995,0.0004995004995004995,-0.00708352375326186,-0.0052284371101890895
2.0,0.5510204081632653,0.061224489795918366,0.0004995004995004995,0.0004995004995004995,-0.00708352375326186,-0.0052284371101890895
2.0,0.5510204081632653,0.08163265306122448,0.0004995004995004995,0.0004995004995004995,-0.00708352375326186,-0.0052284371101890895
2.0,0.5510204081632653,0.1020408163265306,0.0004995004995004995,0.0004995004995004995,-0.00708352375326186,-0.0052284371101890895
2.0,0.5510204081632653,0.12244897959183673,0.0004995004995004995,0.0004995004995004995,-0.00708352375326186,-0.0052284371101890895
2.0,0.5510204081632653,0.14285714285714285,0.0004995004995004995,0.0004995004995004995,-0.00708352375326186,-0.0052284371101890895
2.0,0.5510204081632653,0.16326530612244897,0.0004995004995004995,0.0004995004995004995,-0.00708352375326186,-0.0052284371101890895
2.0,0.5510204081632653,0.18367346938775508,0.0004995004995004995,0.0004995004995004995,-0.00708352375326186,-0.0052284371101890895
2.0,0.5510204081632653,0.2040816326530612,0.0004995004995004995,0.0004995004995004995,-0.00708352375326186,-0.0052284371101890895
2.0,0.5510204081632653,0.22448979591836732,0.0004995004995004995,0.0004995004995004995,-0.00708352375326186,-0.0052284371101890895
2.0,0.5510204081632653,0.24489795918367346,0.0004995004995004995,0.0004995004995004995,-0.00708352375326186,-0.0052284371101890895
2.0,0.5510204081632653,0.26530612244897955,0.0004995004995004995,0.0004995004995004995,-0.00708352375326186,-0.0052284371101890895
2.0,0.5510204081632653,0.2857142857142857,0.0004995004995004995,0.0004995004995004995,-0.00708352375326186,-0.0052284371101890895
2.0,0.5510204081632653,0.3061224489795918,0.0004995004995004995,0.0004995004995004995,-0.00708352375326186,-0.0052284371101890895
2.0,0.5510204081632653,0.32653061224489793,0.0004995004995004995,0.0004995004995004995,-0.00708352375326186,-0.0052284371101890895
2.0,0.5510204081632653,0.3469387755102041,0.0004995004995004995,0.0004995004995004995,-0.00708352375326186,-0.0052284371101890895
2.0,0.5510204081632653,0.36734693877551017,0.0004995004995004995,0.0004995004995004995,-0.00708352375326186,-0.0052284371101890895
2.0,0.5510204081632653,0.3877551020408163,0.0004995004995004995,0.0004995004995004995,-0.00708352375326186,-0.0052284371101890895
2.0,0.5510204081632653,0.4081632653061224,0.0004995004995004995,0.0005268566543568288,-0.00708352375326186,-0.00520108095533276
2.0,0.5510204081632653,0.42857142857142855,0.0004995004995004995,0.0006195381608868781,-0.00708352375326186,-0.005108399448802712
2.0,0.5510204081632653,0.44897959183673464,0.0004995004995004995,0.0007285437014156128,-0.00708352375326186,-0.004999393908273976
2.0,0.5510204081632653,0.4693877551020408,0.0004995004995004995,0.000847050106674699,-0.00708352375326186,-0.004880887503014891
2.0,0.5510204081632653,0.4897959183673469,0.0004995004995004995,0.0009671617767834217,-0.00708352375326186,-0.004760775832906168
2.0,0.5510204081632653,0.5102040816326531,0.0004995004995004995,0.0010811432403777018,-0.00708352375326186,-0.004646794369311888
2.0,0.5510204081632653,0.5306122448979591,0.0005462212050274427,0.0011833260553550345,-0.007036803047734918,-0.0045446115543345544
2.0,0.5510204081632653,0.5510204081632653,0.0008088827356013642,0.0012714209370455773,-0.006774141517160996,-0.004456516672644012
2.0,0.5510204081632653,0.5714285714285714,0.0012128691696298229,0.0013461538000840096,-0.006370155083132538,-0.00438178380960558
2.0,0.5510204081632653,0.5918367346938775,0.0017769976948345477,0.0014098965351672548,-0.005806026557927812,-0.004318041074522334
2.0,0.5510204081632653,0.6122448979591836,0.0025074047984041826,0.0014651819363071328,-0.005075619454358178,-0.004262755673382457
2.0,0.5510204081632653,0.6326530612244897,0.003399089756534782,0.0015141247672553892,-0.004183934496227578,-0.0042138128424342005
2.0,0.5510204081632653,0.6530612244897959,0.00444050251451322,0.001558359200866984,-0.0031425217382491403,-0.004169578408822605
2.0,0.5510204081632653,0.673469387755102,0.005617947237231696,0.001599070961589084,-0.0019650770155306644,-0.004128866648100506
2.0,0.5510204081632653,0.6938775510204082,0.006916821619701535,0.0016370200419102304,-0.0006662026330608254,-0.0040909175677793595
2.0,0.5510204081632653,0.7142857142857142,0.008324559737551767,0.0016727657533188382,0.0007415354847894063,-0.004055171856370751
2.0,0.5510204081632653,0.7346938775510203,0.009828726007860797,0.001706790464879331,0.002245701755098436,-0.0040211471448102585
2.0,0.5510204081632653,0.7551020408163265,0.011418446238653486,0.0017393812489049066,0.003835421985891126,-0.003988556360784682
2.0,0.5510204081632653,0.7755102040816326,0.013085223870494583,0.0017707382252222896,0.005502199617732222,-0.0039571993844673
2.0,0.5510204081632653,0.7959183673469387,0.014818173082789203,0.0018009389442565876,0.007235148830026843,-0.003926998665433001
2.0,0.5510204081632653,0.8163265306122448,0.01661245381927846,0.001830288751170784,0.0090294295665161,-0.0038976488585188056
2.0,0.5510204081632653,0.836734693877551,0.018460231904495666,0.001858947146217495,0.010877207651733306,-0.003868990463472094
2.0,0.5510204081632653,0.8571428571428571,0.02035423742648875,0.0018866110448265377,0.012771213173726391,-0.0038413265648630517
2.0,0.5510204081632653,0.8775510204081632,0.022288927609189792,0.0019138195543493227,0.014705903356427432,-0.0038141180553402667
2.0,0.5510204081632653,0.8979591836734693,0.02425804797049454,0.0019402825653557882,0.01667502371773218,-0.0037876550443338014
2.0,0.5510204081632653,0.9183673469387754,0.026261928231647615,0.00196643448603471,0.018678903978885254,-0.0037615031236548795
2.0,0.5510204081632653,0.9387755102040816,0.0282927453254445,0.0019917552531641884,0.02070972107268214,-0.003736182356525401
2.0,0.5510204081632653,0.9591836734693877,0.03034531776095879,0.0020168543391876595,0.02276229350819643,-0.00371108327050193
2.0,0.5510204081632653,0.9795918367346939,0.032415462721479986,0.0020413450473388906,0.024832438468717626,-0.003686592562350699
2.0,0.5510204081632653,1.0,0.0345117252965585,0.0020653987743937388,0.02692870104379614,-0.0036625388352958506
2.0,0.5714285714285714,0.0,0.0004995004995004995,0.0004995004995004995,-0.00708352375326186,-0.0052284371101890895
2.0,0.5714285714285714,0.02040816326530612,0.0004995004995004995,0.0004995004995004995,-0.00708352375326186,-0.0052284371101890895
2.0,0.5714285714285714,0.04081632653061224,0.0004995004995004995,0.0004995004995004995,-0.00708352375326186,-0.0052284371101890895
2.0,0.5714285714285714,0.061224489795918366,0.0004995004995004995,0.0004995004995004995,-0.00708352375326186,-0.0052284371101890895
2.0,0.5714285714285714,0.08163265306122448,0.0004995004995004995,0.0004995004995004995,-0.00708352375326186,-0.0052284371101890895
2.0,0.5714285714285714,0.1020408163265306,0.0004995004995004995,0.0004995004995004995,-0.00708352375326186,-0.0052284371101890895
2.0,0.5714285714285714,0.12244897959183673,0.0004995004995004995,0.0004995004995004995,-0.00708352375326186,-0.0052284371101890895
2.0,0.5714285714285714,0.14285714285714285,0.0004995004995004995,0.0004995004995004995,-0.00708352375326186,-0.0052284371101890895
2.0,0.5714285714285714,0.16326530612244897,0.0004995004995004995,0.0004995004995004995,-0.00708352375326186,-0.0052284371101890895
2.0,0.5714285714285714,0.18367346938775508,0.0004995004995004995,0.0004995004995004995,-0.00708352375326186,-0.0052284371101890895
2.0,0.5714285714285714,0.2040816326530612,0.0004995004995004995,0.0004995004995004995,-0.00708352375326186,-0.0052284371101890895
2.0,0.5714285714285714,0.22448979591836732,0.0004995004995004995,0.0004995004995004995,-0.00708352375326186,-0.0052284371101890895
2.0,0.5714285714285714,0.24489795918367346,0.0004995004995004995,0.0004995004995004995,-0.00708352375326186,-0.0052284371101890895
2.0,0.5714285714285714,0.26530612244897955,0.0004995004995004995,0.0004995004995004995,-0.00708352375326186,-0.0052284371101890895
2.0,0.5714285714285714,0.2857142857142857,0.0004995004995004995,0.0004995004995004995,-0.00708352375326186,-0.0052284371101890895
2.0,0.5714285714285714,0.3061224489795918,0.0004995004995004995,0.0004995004995004995,-0.00708352375326186,-0.0052284371101890895
2.0,0.5714285714285714,0.32653061224489793,0.0004995004995004995,0.0004995004995004995,-0.00708352375326186,-0.0052284371101890895
2.0,0.5714285714285714,0.3469387755102041,0.0004995004995004995,0.0004995004995004995,-0.00708352375326186,-0.0052284371101890895
2.0,0.5714285714285714,0.36734693877551017,0.0004995004995004995,0.0004995004995004995,-0.00708352375326186,-0.0052284371101890895
2.0,0.5714285714285714,0.3877551020408163,0.0004995004995004995,0.0004995004995004995,-0.00708352375326186,-0.0052284371101890895
2.0,0.5714285714285714,0.4081632653061224,0.0004995004995004995,0.0005253650143944473,-0.00708352375326186,-0.005202572595295142
2.0,0.5714285714285714,0.42857142857142855,0.0004995004995004995,0.0006165489684771173,-0.00708352375326186,-0.005111388641212472
2.0,0.5714285714285714,0.44897959183673464,0.0004995004995004995,0.0007231747691245831,-0.00708352375326186,-0.005004762840565006
2.0,0.5714285714285714,0.4693877551020408,0.0004995004995004995,0.0008381130254341239,-0.00708352375326186,-0.004889824584255465
2.0,0.5714285714285714,0.4897959183673469,0.0004995004995004995,0.0009533718250785845,-0.00708352375326186,-0.004774565784611005
2.0,0.5714285714285714,0.5102040816326531,0.0004995004995004995,0.001061534640752435,-0.00708352375326186,-0.0046664029689371545
2.0,0.5714285714285714,0.5306122448979591,0.0006026271908511527,0.0011576939738321462,-0.006980397061911208,-0.004570243635857443
2.0,0.5714285714285714,0.5510204081632653,0.0009056710670684266,0.0012404102140365445,-0.006677353185693934,-0.004487527395653045
2.0,0.5714285714285714,0.5714285714285714,0.0013606859572614578,0.0013109094590661396,-0.006222338295500902,-0.004417028150623449
2.0,0.5714285714285714,0.5918367346938775,0.001983199791947885,0.0013715372926970026,-0.005599824460814475,-0.0043564003169925865
2.0,0.5714285714285714,0.6122448979591836,0.002775138426429353,0.0014246561676309367,-0.004807885826333007,-0.004303281442058653
2.0,0.5714285714285714,0.6326530612244897,0.0037282707959497554,0.001472114572230078,-0.003854753456812605,-0.004255823037459512
2.0,0.5714285714285714,0.6530612244897959,0.004829308003260445,0.0015153288557666414,-0.0027537162495019155,-0.004212608753922948
2.0,0.5714285714285714,0.673469387755102,0.006063752795038393,0.00155526545811753,-0.0015192714577239672,-0.004172672151572059
2.0,0.5714285714285714,0.6938775510204082,0.007417051234343942,0.0015927134790855496,-0.00016597301841841852,-0.00413522413060404
2.0,0.5714285714285714,0.7142857142857142,0.008876458676782589,0.0016280291128174824,0.0012934344240202282,-0.004099908496872107
2.0,0.5714285714285714,0.7346938775510203,0.010429587009187717,0.0016617648857900347,0.0028465627564253568,-0.004066172723899555
2.0,0.5714285714285714,0.7551020408163265,0.012066232741257626,0.001694008545722068,0.004483208488495266,-0.004033929063967522
2.0,0.5714285714285714,0.7755102040816326,0.013778071466504345,0.0017251920692836478,0.006195047213741985,-0.004002745540405942
2.0,0.5714285714285714,0.7959183673469387,0.015554366436409381,0.0017551775326867729,0.00797134218364702,-0.003972760077002816
2.0,0.5714285714285714,0.8163265306122448,0.017389864047179567,0.0017843792222353464,0.009806839794417207,-0.003943558387454243
2.0,0.5714285714285714,0.836734693877551,0.019274044503111216,0.0018127923095457286,0.011691020250348856,-0.003915145300143861
2.0,0.5714285714285714,0.8571428571428571,0.021205444224013794,0.0018403929065737414,0.013622419971251434,-0.0038875447031158483
2.0,0.5714285714285714,0.8775510204081632,0.023177467999867096,0.0018673313133215565,0.015594443747104735,-0.003860606296368033
2.0,0.5714285714285714,0.8979591836734693,0.0251843104269608,0.0018936877155052087,0.01760128617419844,-0.0038342498941843807
2.0,0.5714285714285714,0.9183673469387754,0.027220746091523917,0.0019192694370523005,0.019637721838761557,-0.003808668172637289
2.0,0.5714285714285714,0.9387755102040816,0.02928274242276963,0.0019446724862682517,0.02169971817000727,-0.0037832651234213375
2.0,0.5714285714285714,0.9591836734693877,0.03136753499334312,0.0019693535195314514,0.023784510740580758,-0.003758584090158138
2.0,0.5714285714285714,0.9795918367346939,0.03346708369578897,0.0019935457030607288,0.02588405944302661,-0.0037343919066288606
2.0,0.5714285714285714,1.0,0.03558963105159449,0.0020173742856529108,0.02800660679883213,-0.0037105633240366786
2.0,0.5918367346938775,0.0,0.0004995004995004995,0.0004995004995004995,-0.00708352375326186,-0.0052284371101890895
2.0,0.5918367346938775,0.02040816326530612,0.0004995004995004995,0.0004995004995004995,-0.00708352375326186,-0.0052284371101890895
2.0,0.5918367346938775,0.04081632653061224,0.0004995004995004995,0.0004995004995004995,-0.00708352375326186,-0.0052284371101890895
2.0,0.5918367346938775,0.061224489795918366,0.0004995004995004995,0.0004995004995004995,-0.00708352375326186,-0.0052284371101890895
2.0,0.5918367346938775,0.08163265306122448,0.0004995004995004995,0.0004995004995004995,-0.00708352375326186,-0.0052284371101890895
2.0,0.5918367346938775,0.1020408163265306,0.0004995004995004995,0.0004995004995004995,-0.00708352375326186,-0.0052284371101890895
2.0,0.5918367346938775,0.12244897959183673,0.0004995004995004995,0.0004995004995004995,-0.00708352375326186,-0.0052284371101890895
2.0,0.5918367346938775,0.14285714285714285,0.0004995004995004995,0.0004995004995004995,-0.00708352375326186,-0.0052284371101890895
2.0,0.5918367346938775,0.16326530612244897,0.0004995004995004995,0.0004995004995004995,-0.00708352375326186,-0.0052284371101890895
2.0,0.5918367346938775,0.18367346938775508,0.0004995004995004995,0.0004995004995004995,-0.00708352375326186,-0.0052284371101890895
2.0,0.5918367346938775,0.2040816326530612,0.0004995004995004995,0.0004995004995004995,-0.00708352375326186,-0.0052284371101890895
2.0,0.5918367346938775,0.22448979591836732,0.0004995004995004995,0.0004995004995004995,-0.00708352375326186,-0.0052284371101890895
2.0,0.5918367346938775,0.24489795918367346,0.0004995004995004995,0.0004995004995004995,-0.00708352375326186,-0.0052284371101890895
2.0,0.5918367346938775,0.26530612244897955,0.0004995004995004995,0.0004995004995004995,-0.00708352375326186,-0.0052284371101890895
2.0,0.5918367346938775,0.2857142857142857,0.0004995004995004995,0.0004995004995004995,-0.00708352375326186,-0.0052284371101890895
2.0,0.5918367346938775,0.3061224489795918,0.0004995004995004995,0.0004995004995004995,-0.00708352375326186,-0.0052284371101890895
2.0,0.5918367346938775,0.32653061224489793,0.0004995004995004995,0.0004995004995004995,-0.00708352375326186,-0.0052284371101890895
2.0,0.5918367346938775,0.3469387755102041,0.0004995004995004995,0.0004995004995004995,-0.00708352375326186,-0.0052284371101890895
2.0,0.5918367346938775,0.36734693877551017,0.0004995004995004995,0.0004995004995004995,-0.00708352375326186,-0.0052284371101890895
2.0,0.5918367346938775,0.3877551020408163,0.0004995004995004995,0.0004995004995004995,-0.00708352375326186,-0.0052284371101890895
2.0,0.5918367346938775,0.4081632653061224,0.0004995004995004995,0.0005238395061844053,-0.00708352375326186,-0.005204098103505184
2.0,0.5918367346938775,0.42857142857142855,0.0004995004995004995,0.0006134722273551579,-0.00708352375326186,-0.005114465382334432
2.0,0.5918367346938775,0.44897959183673464,0.0004995004995004995,0.0007176273211908792,-0.00708352375326186,-0.00501031028849871
2.0,0.5918367346938775,0.4693877551020408,0.0004995004995004995,0.0008289255238524863,-0.00708352375326186,-0.004899012085837103
2.0,0.5918367346938775,0.4897959183673469,0.0004995004995004995,0.0009393449830602381,-0.00708352375326186,-0.004788592626629351
2.0,0.5918367346938775,0.5102040816326531,0.0004995004995004995,0.001041891811385644,-0.00708352375326186,-0.004686045798303945
2.0,0.5918367346938775,0.5306122448979591,0.0006681763073550881,0.0011324894912170325,-0.0069148479454072724,-0.004595448118472557
2.0,0.5918367346938775,0.5510204081632653,0.001015006425954377,0.0012104162413903421,-0.006568017826807984,-0.004517521368299247
2.0,0.5918367346938775,0.5714285714285714,0.0015238100934340055,0.0012772304717475426,-0.006059214159328355,-0.004450707137942047
2.0,0.5918367346938775,0.5918367346938775,0.002206108690293517,0.0013351957759807998,-0.0053769155624688435,-0.00439274183370879
2.0,0.5918367346938775,0.6122448979591836,0.0030596512003439507,0.0013864431155328337,-0.00452337305241841,-0.004341494494156756
2.0,0.5918367346938775,0.6326530612244897,0.004073461308223766,0.001432611444732761,-0.003509562944538594,-0.004295326164956828
2.0,0.5918367346938775,0.6530612244897959,0.005233050200226921,0.0014749123635563774,-0.002349974052535439,-0.004253025246133212
2.0,0.5918367346938775,0.673469387755102,0.006523246482120538,0.0015142035812516334,-0.0010597777706418225,-0.004213734028437956
2.0,0.5918367346938775,0.6938775510204082,0.00792982772834412,0.0015511203260474813,0.00034680347558175943,-0.004176817283642108
2.0,0.5918367346938775,0.7142857142857142,0.009439760549505006,0.0015860958232008135,0.0018567362967426455,-0.004141841786488775
2.0,0.5918367346938775,0.7346938775510203,0.011040807315851914,0.0016194570696103304,0.0034577830630895534,-0.0041084805400792585
2.0,0.5918367346938775,0.7551020408163265,0.012723501838573188,0.0016514828643543846,0.005140477585810828,-0.004076454745335205
2.0,0.5918367346938775,0.7755102040816326,0.014479298394815175,0.001682314219312081,0.006896274142052815,-0.004045623390377508
2.0,0.5918367346938775,0.7959183673469387,0.01629806104477953,0.0017120997328671408,0.00871503679201717,-0.004015837876822448
2.0,0.5918367346938775,0.8163265306122448,0.018172710114545472,0.0017411004129046083,0.010589685861783112,-0.003986837196784981
2.0,0.5918367346938775,0.836734693877551,0.020097890380652076,0.001769157598561846,0.012514866127889716,-0.003958780011127743
2.0,0.5918367346938775,0.8571428571428571,0.022066345629032987,0.0017965992316077957,0.014483321376270626,-0.003931338378081794
2.0,0.5918367346938775,0.8775510204081632,0.02407228079296807,0.0018232814321835393,0.01648925654020571,-0.00390465617750605
2.0,0.5918367346938775,0.8979591836734693,0.026112320123211692,0.0018492926813137712,0.018529295870449332,-0.003878644928375818
2.0,0.5918367346938775,0.9183673469387754,0.028178549052097032,0.0018749586281965912,0.020595524799334672,-0.003852978981492998
2.0,0.5918367346938775,0.9387755102040816,0.03027189077013141,0.0018998787605524503,0.02268886651736905,-0.003828058849137139
2.0,0.5918367346938775,0.9591836734693877,0.03238927357288785,0.001924210591273637,0.02480624932012549,-0.0038037270184159526
2.0,0.5918367346938775,0.9795918367346939,0.03452131666429356,0.0019481655567128628,0.0269382924115312,-0.0037797720529767266
2.0,0.5918367346938775,1.0,0.036667498571701866,0.001971786811654361,0.029084474318939506,-0.0037561507980352284
2.0,0.6122448979591836,0.0,0.0004995004995004995,0.0004995004995004995,-0.00708352375326186,-0.0052284371101890895
2.0,0.6122448979591836,0.02040816326530612,0.0004995004995004995,0.0004995004995004995,-0.00708352375326186,-0.0052284371101890895
2.0,0.6122448979591836,0.04081632653061224,0.0004995004995004995,0.0004995004995004995,-0.00708352375326186,-0.0052284371101890895
2.0,0.6122448979591836,0.061224489795918366,0.0004995004995004995,0.0004995004995004995,-0.00708352375326186,-0.0052284371101890895
2.0,0.6122448979591836,0.08163265306122448,0.0004995004995004995,0.0004995004995004995,-0.00708352375326186,-0.0052284371101890895
2.0,0.6122448979591836,0.1020408163265306,0.0004995004995004995,0.0004995004995004995,-0.00708352375326186,-0.0052284371101890895
2.0,0.6122448979591836,0.12244897959183673,0.0004995004995004995,0.0004995004995004995,-0.00708352375326186,-0.0052284371101890895
2.0,0.6122448979591836,0.14285714285714285,0.0004995004995004995,0.0004995004995004995,-0.00708352375326186,-0.0052284371101890895
2.0,0.6122448979591836,0.16326530612244897,0.0004995004995004995,0.0004995004995004995,-0.00708352375326186,-0.0052284371101890895
2.0,0.6122448979591836,0.18367346938775508,0.0004995004995004995,0.0004995004995004995,-0.00708352375326186,-0.0052284371101890895
2.0,0.6122448979591836,0.2040816326530612,0.0004995004995004995,0.0004995004995004995,-0.00708352375326186,-0.0052284371101890895
2.0,0.6122448979591836,0.22448979591836732,0.0004995004995004995,0.0004995004995004995,-0.00708352375326186,-0.0052284371101890895
2.0,0.6122448979591836,0.24489795918367346,0.0004995004995004995,0.0004995004995004995,-0.00708352375326186,-0.0052284371101890895
2.0,0.6122448979591836,0.26530612244897955,0.0004995004995004995,0.0004995004995004995,-0.00708352375326186,-0.0052284371101890895
2.0,0.6122448979591836,0.2857142857142857,0.0004995004995004995,0.0004995004995004995,-0.00708352375326186,-0.0052284371101890895
2.0,0.6122448979591836,0.3061224489795918,0.0004995004995004995,0.0004995004995004995,-0.00708352375326186,-0.0052284371101890895
2.0,0.6122448979591836,0.32653061224489793,0.0004995004995004995,0.0004995004995004995,-0.00708352375326186,-0.0052284371101890895
2.0,0.6122448979591836,0.3469387755102041,0.0004995004995004995,0.0004995004995004995,-0.00708352375326186,-0.0052284371101890895
2.0,0.6122448979591836,0.36734693877551017,0.0004995004995004995,0.0004995004995004995,-0.00708352375326186,-0.0052284371101890895
2.0,0.6122448979591836,0.3877551020408163,0.0004995004995004995,0.0004995004995004995,-0.00708352375326186,-0.0052284371101890895
2.0,0.6122448979591836,0.4081632653061224,0.0004995004995004995,0.0005222803939023661,-0.00708352375326186,-0.005205657215787223
2.0,0.6122448979591836,0.42857142857142855,0.0004995004995004995,0.0006103118506970508,-0.00708352375326186,-0.005117625758992539
2.0,0.6122448979591836,0.44897959183673464,0.0004995004995004995,0.0007119264812752329,-0.00708352375326186,-0.005016011128414356
2.0,0.6122448979591836,0.4693877551020408,0.0004995004995004995,0.0008195328675677817,-0.00708352375326186,-0.0049084047421218075
2.0,0.6122448979591836,0.4897959183673469,0.0004995004995004995,0.0009251632244536366,-0.00708352375326186,-0.004802774385235953
2.0,0.6122448979591836,0.5102040816326531,0.0004995004995004995,0.0010223684384165856,-0.00708352375326186,-0.004705569171273004
2.0,0.6122448979591836,0.5306122448979591,0.0007436251691643793,0.0011078667673731233,-0.006839399083597981,-0.004620070842316466
2.0,0.6122448979591836,0.5510204081632653,0.0011375457228221027,0.0011815686468399427,-0.006445478529940258,-0.004546368962849647
2.0,0.6122448979591836,0.5714285714285714,0.001702467345288848,0.0012451707994349816,-0.0058805569074735125,-0.004482766810254607
2.0,0.6122448979591836,0.5918367346938775,0.0024454364220790545,0.0013008532342482075,-0.005137587830683306,-0.004427084375441382
2.0,0.6122448979591836,0.6122448979591836,0.0033602893303006248,0.001350466263329554,-0.004222734922461736,-0.004377471346360035
2.0,0.6122448979591836,0.6326530612244897,0.004434001632199762,0.0013954673691455761,-0.0031490226205625983,-0.004332470240544013
2.0,0.6122448979591836,0.6530612244897959,0.005650841069756764,0.001436944231367591,-0.0019321831830055964,-0.004290993378321999
2.0,0.6122448979591836,0.673469387755102,0.006995620534413324,0.001475621542682248,-0.0005874037183490367,-0.004252316067007341
2.0,0.6122448979591836,0.6938775510204082,0.008454337788561549,0.0015120250938983751,0.0008713135357991883,-0.004215912515791214
2.0,0.6122448979591836,0.7142857142857142,0.010013717878661291,0.0015466048189484152,0.002430693625898931,-0.004181332790741174
2.0,0.6122448979591836,0.7346938775510203,0.011661820385635905,0.001579662093515471,0.004078796132873545,-0.004148275516174118
2.0,0.6122448979591836,0.7551020408163265,0.013389777179524009,0.001611386903308237,0.005806752926761648,-0.004116550706381353
2.0,0.6122448979591836,0.7755102040816326,0.015188211455047307,0.0016419193065394702,0.007605187202284947,-0.004086018303150119
2.0,0.6122448979591836,0.7959183673469387,0.017048046585359463,0.0016714911911168355,0.009465022332597103,-0.004056446418572754
2.0,0.6122448979591836,0.8163265306122448,0.0189614823710276,0.0017002126387254991,0.011378458118265239,-0.00402772497096409
2.0,0.6122448979591836,0.836734693877551,0.02092399584129649,0.0017280367910597247,0.013340971588534131,-0.003999900818629864
2.0,0.6122448979591836,0.8571428571428571,0.022927458000638355,0.0017551460997895685,0.015344433747875995,-0.003972791509900021
2.0,0.6122448979591836,0.8775510204081632,0.02497109238286372,0.0017816716965516975,0.01738806813010136,-0.003946265913137892
2.0,0.6122448979591836,0.8979591836734693,0.027041149318054784,0.0018075165562112133,0.019458125065292424,-0.0039204210534783766
2.0,0.6122448979591836,0.9183673469387754,0.029143694824755532,0.0018327619304722943,0.021560670571993172,-0.003895175679217295
2.0,0.6122448979591836,0.9387755102040816,0.03126647448749477,0.0018573321668766299,0.02368345023473241,-0.0038706054428129595
2.0,0.6122448979591836,0.9591836734693877,0.03341085505606954,0.0018816611740676355,0.02582783080330718,-0.003846276435621954
2.0,0.6122448979591836,0.9795918367346939,0.03557530297092786,0.0019054040332126976,0.0279922787181655,-0.0038225335764768918
2.0,0.6122448979591836,1.0,0.037745635672599614,0.0019285714345529993,0.030162611419837254,-0.0037993661751365903
2.0,0.6326530612244897,0.0,0.0004995004995004995,0.0004995004995004995,-0.00708352375326186,-0.0052284371101890895
2.0,0.6326530612244897,0.02040816326530612,0.0004995004995004995,0.0004995004995004995,-0.00708352375326186,-0.0052284371101890895
2.0,0.6326530612244897,0.04081632653061224,0.0004995004995004995,0.0004995004995004995,-0.00708352375326186,-0.0052284371101890895
2.0,0.6326530612244897,0.061224489795918366,0.0004995004995004995,0.0004995004995004995,-0.00708352375326186,-0.0052284371101890895
2.0,0.6326530612244897,0.08163265306122448,0.0004995004995004995,0.0004995004995004995,-0.00708352375326186,-0.0052284371101890895
2.0,0.6326530612244897,0.1020408163265306,0.0004995004995004995,0.0004995004995004995,-0.00708352375326186,-0.0052284371101890895
2.0,0.6326530612244897,0.12244897959183673,0.0004995004995004995,0.0004995004995004995,-0.00708352375326186,-0.0052284371101890895
2.0,0.6326530612244897,0.14285714285714285,0.0004995004995004995,0.0004995004995004995,-0.00708352375326186,-0.0052284371101890895
2.0,0.6326530612244897,0.16326530612244897,0.0004995004995004995,0.0004995004995004995,-0.00708352375326186,-0.0052284371101890895
2.0,0.6326530612244897,0.18367346938775508,0.0004995004995004995,0.0004995004995004995,-0.00708352375326186,-0.0052284371101890895
2.0,0.6326530612244897,0.2040816326530612,0.0004995004995004995,0.0004995004995004995,-0.00708352375326186,-0.0052284371101890895
2.0,0.6326530612244897,0.22448979591836732,0.0004995004995004995,0.0004995004995004995,-0.00708352375326186,-0.0052284371101890895
2.0,0.6326530612244897,0.24489795918367346,0.0004995004995004995,0.0004995004995004995,-0.00708352375326186,-0.0052284371101890895
2.0,0.6326530612244897,0.26530612244897955,0.0004995004995004995,0.0004995004995004995,-0.00708352375326186,-0.0052284371101890895
2.0,0.6326530612244897,0.2857142857142857,0.0004995004995004995,0.0004995004995004995,-0.00708352375326186,-0.0052284371101890895
2.0,0.6326530612244897,0.3061224489795918,0.0004995004995004995,0.0004995004995004995,-0.00708352375326186,-0.0052284371101890895
2.0,0.6326530612244897,0.32653061224489793,0.0004995004995004995,0.0004995004995004995,-0.00708352375326186,-0.0052284371101890895
2.0,0.6326530612244897,0.3469387755102041,0.0004995004995004995,0.0004995004995004995,-0.00708352375326186,-0.0052284371101890895
2.0,0.6326530612244897,0.36734693877551017,0.0004995004995004995,0.0004995004995004995,-0.00708352375326186,-0.0052284371101890895
2.0,0.6326530612244897,0.3877551020408163,0.0004995004995004995,0.0004995004995004995,-0.00708352375326186,-0.0052284371101890895
2.0,0.6326530612244897,0.4081632653061224,0.0004995004995004995,0.000520690034245986,-0.00708352375326186,-0.005207247575443603
2.0,0.6326530612244897,0.42857142857142855,0.0004995004995004995,0.0006070691786111396,-0.00708352375326186,-0.00512086843107845
2.0,0.6326530612244897,0.44897959183673464,0.0004995004995004995,0.0007060837661779361,-0.00708352375326186,-0.0050218538435116535
2.0,0.6326530612244897,0.4693877551020408,0.0004995004995004995,0.0008099646636408741,-0.00708352375326186,-0.0049179729460487156
2.0,0.6326530612244897,0.4897959183673469,0.0004995004995004995,0.0009109068393725193,-0.00708352375326186,-0.0048170307703170705
2.0,0.6326530612244897,0.5102040816326531,0.0005461817034150209,0.0010030798305155275,-0.00703684254934734,-0.004724857779174062
2.0,0.6326530612244897,0.5306122448979591,0.0008297769352763004,0.0010839662096376584,-0.00675324731748606,-0.004643971400051931
2.0,0.6326530612244897,0.5510204081632653,0.0012738543069833307,0.0011539266203229562,-0.00630916994577903,-0.004574010989366634
2.0,0.6326530612244897,0.5714285714285714,0.001896727197322078,0.0012147420210956324,-0.0056862970554402825,-0.004513195588593957
2.0,0.6326530612244897,0.5918367346938775,0.002700774867257773,0.001268425829491264,-0.004882249385504587,-0.004459511780198325
2.0,0.6326530612244897,0.6122448979591836,0.003676501072902948,0.0013166055382842817,-0.003906523179859412,-0.0044113320714053075
2.0,0.6326530612244897,0.6326530612244897,0.004809009983389193,0.0013605874735228105,-0.002774014269373167,-0.004367350136166779
2.0,0.6326530612244897,0.6530612244897959,0.006082050911552069,0.0014012409194821614,-0.001500973341210291,-0.004326696690207428
2.0,0.6326530612244897,0.673469387755102,0.007480335775076001,0.0014393475452352362,-0.0001026884776863593,-0.004288590064454353
2.0,0.6326530612244897,0.6938775510204082,0.008989902891426944,0.001475260601542233,0.0014068786386645833,-0.004252677008147356
2.0,0.6326530612244897,0.7142857142857142,0.010597757275853492,0.0015094667294583619,0.0030147330230911318,-0.0042184708802312275
2.0,0.6326530612244897,0.7346938775510203,0.012292127645556858,0.001542122419699568,0.0047091033927944975,-0.004185815189990021
2.0,0.6326530612244897,0.7551020408163265,0.014064484571575667,0.00157356991031227,0.006481460318813307,-0.004154367699377319
2.0,0.6326530612244897,0.7755102040816326,0.015903912859664707,0.0016038248996886142,0.008320888606902346,-0.004124112710000976
2.0,0.6326530612244897,0.7959183673469387,0.017803455633196838,0.0016331416102710712,0.010220431380434478,-0.0040947959994185185
2.0,0.6326530612244897,0.8163265306122448,0.019758461916885788,0.0016614791112854349,0.012175437664123427,-0.004066458498404155
2.0,0.6326530612244897,0.836734693877551,0.021757878053645378,0.001689152669627302,0.014174853800883017,-0.004038784940062288
2.0,0.6326530612244897,0.8571428571428571,0.02379839874992481,0.0017160227270687483,0.01621537449716245,-0.004011914882620841
2.0,0.6326530612244897,0.8775510204081632,0.025870604507620146,0.0017421214028085072,0.018287580254857785,-0.003985816206881082
2.0,0.6326530612244897,0.8979591836734693,0.027979750322817847,0.0017678170916705948,0.020396726070055486,-0.003960120518018995
2.0,0.6326530612244897,0.9183673469387754,0.030112453110611875,0.0017926400220665756,0.022529428857849514,-0.0039352975876230135
2.0,0.6326530612244897,0.9387755102040816,0.03226626095307212,0.001817255741077255,0.02468323670030976,-0.003910681868612334
2.0,0.6326530612244897,0.9591836734693877,0.034432842921123356,0.0018412579378130941,0.026849818668360996,-0.003886679671876495
2.0,0.6326530612244897,0.9795918367346939,0.03662940225910004,0.001864718572676939,0.029046378006337678,-0.00386321903701265
2.0,0.6326530612244897,1.0,0.03882439531198871,0.0018876143104070854,0.03124137105922635,-0.003840323299282504
2.0,0.6530612244897959,0.0,0.0004995004995004995,0.0004995004995004995,-0.00708352375326186,-0.0052284371101890895
2.0,0.6530612244897959,0.02040816326530612,0.0004995004995004995,0.0004995004995004995,-0.00708352375326186,-0.0052284371101890895
2.0,0.6530612244897959,0.04081632653061224,0.0004995004995004995,0.0004995004995004995,-0.00708352375326186,-0.0052284371101890895
2.0,0.6530612244897959,0.061224489795918366,0.0004995004995004995,0.0004995004995004995,-0.00708352375326186,-0.0052284371101890895
2.0,0.6530612244897959,0.08163265306122448,0.0004995004995004995,0.0004995004995004995,-0.00708352375326186,-0.0052284371101890895
2.0,0.6530612244897959,0.1020408163265306,0.0004995004995004995,0.0004995004995004995,-0.00708352375326186,-0.0052284371101890895
2.0,0.6530612244897959,0.12244897959183673,0.0004995004995004995,0.0004995004995004995,-0.00708352375326186,-0.0052284371101890895
2.0,0.6530612244897959,0.14285714285714285,0.0004995004995004995,0.0004995004995004995,-0.00708352375326186,-0.0052284371101890895
2.0,0.6530612244897959,0.16326530612244897,0.0004995004995004995,0.0004995004995004995,-0.00708352375326186,-0.0052284371101890895
2.0,0.6530612244897959,0.18367346938775508,0.0004995004995004995,0.0004995004995004995,-0.00708352375326186,-0.0052284371101890895
2.0,0.6530612244897959,0.2040816326530612,0.0004995004995004995,0.0004995004995004995,-0.00708352375326186,-0.0052284371101890895
2.0,0.6530612244897959,0.22448979591836732,0.0004995004995004995,0.0004995004995004995,-0.00708352375326186,-0.0052284371101890895
2.0,0.6530612244897959,0.24489795918367346,0.0004995004995004995,0.0004995004995004995,-0.00708352375326186,-0.0052284371101890895
2.0,0.6530612244897959,0.26530612244897955,0.0004995004995004995,0.0004995004995004995,-0.00708352375326186,-0.0052284371101890895
2.0,0.6530612244897959,0.2857142857142857,0.0004995004995004995,0.0004995004995004995,-0.00708352375326186,-0.0052284371101890895
2.0,0.6530612244897959,0.3061224489795918,0.0004995004995004995,0.0004995004995004995,-0.00708352375326186,-0.0052284371101890895
2.0,0.6530612244897959,0.32653061224489793,0.0004995004995004995,0.0004995004995004995,-0.00708352375326186,-0.0052284371101890895
2.0,0.6530612244897959,0.3469387755102041,0.0004995004995004995,0.0004995004995004995,-0.00708352375326186,-0.0052284371101890895
2.0,0.6530612244897959,0.36734693877551017,0.0004995004995004995,0.0004995004995004995,-0.00708352375326186,-0.0052284371101890895
2.0,0.6530612244897959,0.3877551020408163,0.0004995004995004995,0.0004995004995004995,-0.00708352375326186,-0.0052284371101890895
2.0,0.6530612244897959,0.4081632653061224,0.0004995004995004995,0.0005190698093509246,-0.00708352375326186,-0.005208867800338665
2.0,0.6530612244897959,0.42857142857142855,0.0004995004995004995,0.0006037552335696859,-0.00708352375326186,-0.005124182376119903
2.0,0.6530612244897959,0.44897959183673464,0.0004995004995004995,0.000700114425840931,-0.00708352375326186,-0.005027823183848658
2.0,0.6530612244897959,0.4693877551020408,0.0004995004995004995,0.0008002674695504257,-0.00708352375326186,-0.004927670140139164
2.0,0.6530612244897959,0.4897959183673469,0.0004995004995004995,0.0008966752634243806,-0.00708352375326186,-0.004831262346265209
2.0,0.6530612244897959,0.5102040816326531,0.0006014472896433817,0.0009841528201089485,-0.006981576963118978,-0.004743784789580641
2.0,0.6530612244897959,0.5306122448979591,0.0009272922155071027,0.0010608725702540328,-0.006655732037255257,-0.004667065039435557
2.0,0.6530612244897959,0.5510204081632653,0.001424300989962713,0.0011275509517007995,-0.006158723262799647,-0.00460038665798879
2.0,0.6530612244897959,0.5714285714285714,0.0021064776651122724,0.0011859260416002763,-0.005476546587650088,-0.004542011568089313
2.0,0.6530612244897959,0.5918367346938775,0.0029716348405641104,0.0012378287983260913,-0.00461138941219825,-0.0044901088113634986
2.0,0.6530612244897959,0.6122448979591836,0.004007422060857075,0.0012847180349870996,-0.0035756021919052857,-0.00444321957470249
2.0,0.6530612244897959,0.6326530612244897,0.0051977559350167134,0.001327748726190247,-0.002385268317745647,-0.0044001888834993425
2.0,0.6530612244897959,0.6530612244897959,0.006525990412873703,0.0013677066971561575,-0.0010570338398886575,-0.004360230912533432
2.0,0.6530612244897959,0.673469387755102,0.007976726002589096,0.0014052058124790654,0.0003937017498267352,-0.004322731797210524
2.0,0.6530612244897959,0.6938775510204082,0.009535937395674057,0.0014406944445655829,0.001952913142911697,-0.004287243165124006
2.0,0.6530612244897959,0.7142857142857142,0.011191347595655116,0.0014744030718142314,0.003608323342892756,-0.004253534537875358
2.0,0.6530612244897959,0.7346938775510203,0.012931167161024434,0.0015067255669345269,0.005348142908262073,-0.004221212042755063
2.0,0.6530612244897959,0.7551020408163265,0.014746921007142507,0.0015378746931082067,0.007163896754380146,-0.0041900629165813824
2.0,0.6530612244897959,0.7755102040816326,0.016627881238646794,0.0015678448594747428,0.009044856985884434,-0.004160092750214847
2.0,0.6530612244897959,0.7959183673469387,0.01856836889287043,0.0015968391364214983,0.010985344640108068,-0.004131098473268091
2.0,0.6530612244897959,0.8163265306122448,0.02055764369916087,0.001624932290712348,0.012974619446398508,-0.004103005318977241
2.0,0.6530612244897959,0.836734693877551,0.022594010592278987,0.001652205009126756,0.015010986339516627,-0.004075732600562833
2.0,0.6530612244897959,0.8571428571428571,0.024668649459925165,0.001678847471757818,0.017085625207162804,-0.004049090137931772
2.0,0.6530612244897959,0.8775510204081632,0.02677991702699007,0.0017048388190103502,0.01919689277422771,-0.004023098790679239
2.0,0.6530612244897959,0.8979591836734693,0.02891812435129253,0.0017299870805048594,0.02133510009853017,-0.00399795052918473
2.0,0.6530612244897959,0.9183673469387754,0.03108114266347139,0.0017548416602354486,0.02349811841070903,-0.003973095949454141
2.0,0.6530612244897959,0.9387755102040816,0.03326604073573058,0.0017790948687523853,0.025683016482968217,-0.003948842740937204
2.0,0.6530612244897959,0.9591836734693877,0.035463102215713624,0.0018027949931367522,0.027880077962951264,-0.003925142616552837
2.0,0.6530612244897959,0.9795918367346939,0.037683812580622277,0.0018259874524334573,0.030100788327859916,-0.003901950157256132
2.0,0.6530612244897959,1.0,0.039904030400698925,0.0018486078122056807,0.032321006147936565,-0.0038793297974839087
2.0,0.673469387755102,0.0,0.0004995004995004995,0.0004995004995004995,-0.00708352375326186,-0.0052284371101890895
2.0,0.673469387755102,0.02040816326530612,0.0004995004995004995,0.0004995004995004995,-0.00708352375326186,-0.0052284371101890895
2.0,0.673469387755102,0.04081632653061224,0.0004995004995004995,0.0004995004995004995,-0.00708352375326186,-0.0052284371101890895
2.0,0.673469387755102,0.061224489795918366,0.0004995004995004995,0.0004995004995004995,-0.00708352375326186,-0.0052284371101890895
2.0,0.673469387755102,0.08163265306122448,0.0004995004995004995,0.0004995004995004995,-0.00708352375326186,-0.0052284371101890895
2.0,0.673469387755102,0.1020408163265306,0.0004995004995004995,0.0004995004995004995,-0.00708352375326186,-0.0052284371101890895
2.0,0.673469387755102,0.12244897959183673,0.0004995004995004995,0.0004995004995004995,-0.00708352375326186,-0.0052284371101890895
2.0,0.673469387755102,0.14285714285714285,0.0004995004995004995,0.0004995004995004995,-0.00708352375326186,-0.0052284371101890895
2.0,0.673469387755102,0.16326530612244897,0.0004995004995004995,0.0004995004995004995,-0.00708352375326186,-0.0052284371101890895
2.0,0.673469387755102,0.18367346938775508,0.0004995004995004995,0.0004995004995004995,-0.00708352375326186,-0.0052284371101890895
2.0,0.673469387755102,0.2040816326530612,0.0004995004995004995,0.0004995004995004995,-0.00708352375326186,-0.0052284371101890895
2.0,0.673469387755102,0.22448979591836732,0.0004995004995004995,0.0004995004995004995,-0.00708352375326186,-0.0052284371101890895
2.0,0.673469387755102,0.24489795918367346,0.0004995004995004995,0.0004995004995004995,-0.00708352375326186,-0.0052284371101890895
2.0,0.673469387755102,0.26530612244897955,0.0004995004995004995,0.0004995004995004995,-0.00708352375326186,-0.0052284371101890895
2.0,0.673469387755102,0.2857142857142857,0.0004995004995004995,0.0004995004995004995,-0.00708352375326186,-0.0052284371101890895
2.0,0.673469387755102,0.3061224489795918,0.0004995004995004995,0.0004995004995004995,-0.00708352375326186,-0.0052284371101890895
2.0,0.673469387755102,0.32653061224489793,0.0004995004995004995,0.0004995004995004995,-0.00708352375326186,-0.0052284371101890895
2.0,0.673469387755102,0.3469387755102041,0.0004995004995004995,0.0004995004995004995,-0.00708352375326186,-0.0052284371101890895
2.0,0.673469387755102,0.36734693877551017,0.0004995004995004995,0.0004995004995004995,-0.00708352375326186,-0.0052284371101890895
2.0,0.673469387755102,0.3877551020408163,0.0004995004995004995,0.0004995004995004995,-0.00708352375326186,-0.0052284371101890895
2.0,0.673469387755102,0.4081632653061224,0.0004995004995004995,0.0005174224505658704,-0.00708352375326186,-0.005210515159123719
2.0,0.673469387755102,0.42857142857142855,0.0004995004995004995,0.0006003726180854506,-0.00708352375326186,-0.0051275649916041385
2.0,0.673469387755102,0.44897959183673464,0.0004995004995004995,0.0006940416903198857,-0.00708352375326186,-0.005033895919369704
2.0,0.673469387755102,0.4693877551020408,0.0004995004995004995,0.0007905001227117419,-0.00708352375326186,-0.004937437486977847
2.0,0.673469387755102,0.4897959183673469,0.0004995004995004995,0.0008825479487597024,-0.00708352375326186,-0.004845389660929887
2.0,0.673469387755102,0.5102040816326531,0.0006655080484308472,0.0009656936073577508,-0.006917516204331513,-0.004762244002331838
2.0,0.673469387755102,0.5306122448979591,0.0010368496807045702,0.0010386742549286544,-0.00654617457205779,-0.004689263354760935
2.0,0.673469387755102,0.5510204081632653,0.001589119727299913,0.0011024322781656147,-0.005993904525462447,-0.004625505331523975
2.0,0.673469387755102,0.5714285714285714,0.002331433404719044,0.0011586573778735389,-0.0052515908480433166,-0.004569280231816051
2.0,0.673469387755102,0.5918367346938775,0.0032574758444829308,0.0012089752960768915,-0.00432554840827943,-0.004518962313612698
2.0,0.673469387755102,0.6122448979591836,0.004352449674534148,0.0012547192967850714,-0.0032305745782282127,-0.0044732183129045176
2.0,0.673469387755102,0.6326530612244897,0.005599421994119487,0.0012968688308385619,-0.0019836022586428737,-0.004431068778851028
2.0,0.673469387755102,0.6530612244897959,0.006981833109846316,0.0013361223952280492,-0.0006011911429160445,-0.00439181521446154
2.0,0.673469387755102,0.673469387755102,0.008483919484537823,0.0013730514715571112,0.0009008952317754622,-0.004354886138132478
2.0,0.673469387755102,0.6938775510204082,0.010091807422330058,0.0014080433101092305,0.0025087831695676972,-0.004319894299580359
2.0,0.673469387755102,0.7142857142857142,0.011793949501662775,0.0014414320034419614,0.004210925248900415,-0.004286505606247628
2.0,0.673469387755102,0.7346938775510203,0.013578424683346784,0.0014733544754693944,0.005995400430584424,-0.004254583134220195
2.0,0.673469387755102,0.7551020408163265,0.015436438337533631,0.0015041435849301064,0.007853414084771271,-0.004223794024759483
2.0,0.673469387755102,0.7755102040816326,0.01735874827448501,0.0015337949107567727,0.009775724021722651,-0.004194142698932817
2.0,0.673469387755102,0.7959183673469387,0.019337000869161538,0.0015623765760581225,0.011753976616399178,-0.004165561033631467
2.0,0.673469387755102,0.8163265306122448,0.021366158319253876,0.001590298098665833,0.013783134066491516,-0.0041376395110237565
2.0,0.673469387755102,0.836734693877551,0.023437978024369314,0.0016173455381302234,0.015854953771606953,-0.004110592071559366
2.0,0.673469387755102,0.8571428571428571,0.025546612936739516,0.0016435988320455223,0.017963588683977155,-0.004084338777644067
2.0,0.673469387755102,0.8775510204081632,0.027688929823320288,0.0016692655098310067,0.020105905570557928,-0.0040586720998585825
2.0,0.673469387755102,0.8979591836734693,0.029856383963384234,0.0016942833372293453,0.022273359710621873,-0.004033654272460244
2.0,0.673469387755102,0.9183673469387754,0.032050090841901496,0.00171882160304442,0.024467066589139136,-0.004009116006645169
2.0,0.673469387755102,0.9387755102040816,0.034266257072501055,0.0017427483921091062,0.026683232819738695,-0.003985189217580483
2.0,0.673469387755102,0.9591836734693877,0.03649345901915348,0.0017661695590291857,0.028910434766391123,-0.003961768050660404
2.0,0.673469387755102,0.9795918367346939,0.038738749287217406,0.0017890975944731293,0.031155725034455045,-0.00393884001521646
2.0,0.673469387755102,1.0,0.0409845243491018,0.0018114305212148887,0.03340150009633944,-0.003916507088474701
2.0,0.6938775510204082,0.0,0.0004995004995004995,0.0004995004995004995,-0.00708352375326186,-0.0052284371101890895
2.0,0.6938775510204082,0.02040816326530612,0.0004995004995004995,0.0004995004995004995,-0.00708352375326186,-0.0052284371101890895
2.0,0.6938775510204082,0.04081632653061224,0.0004995004995004995,0.0004995004995004995,-0.00708352375326186,-0.0052284371101890895
2.0,0.6938775510204082,0.061224489795918366,0.0004995004995004995,0.0004995004995004995,-0.00708352375326186,-0.0052284371101890895
2.0,0.6938775510204082,0.08163265306122448,0.0004995004995004995,0.0004995004995004995,-0.00708352375326186,-0.0052284371101890895
2.0,0.6938775510204082,0.1020408163265306,0.0004995004995004995,0.0004995004995004995,-0.00708352375326186,-0.0052284371101890895
2.0,0.6938775510204082,0.12244897959183673,0.0004995004995004995,0.0004995004995004995,-0.00708352375326186,-0.0052284371101890895
2.0,0.6938775510204082,0.14285714285714285,0.0004995004995004995,0.0004995004995004995,-0.00708352375326186,-0.0052284371101890895
2.0,0.6938775510204082,0.16326530612244897,0.0004995004995004995,0.0004995004995004995,-0.00708352375326186,-0.0052284371101890895
2.0,0.6938775510204082,0.18367346938775508,0.0004995004995004995,0.0004995004995004995,-0.00708352375326186,-0.0052284371101890895
2.0,0.6938775510204082,0.2040816326530612,0.0004995004995004995,0.0004995004995004995,-0.00708352375326186,-0.0052284371101890895
2.0,0.6938775510204082,0.22448979591836732,0.0004995004995004995,0.0004995004995004995,-0.00708352375326186,-0.0052284371101890895
2.0,0.6938775510204082,0.24489795918367346,0.0004995004995004995,0.0004995004995004995,-0.00708352375326186,-0.0052284371101890895
2.0,0.6938775510204082,0.26530612244897955,0.0004995004995004995,0.0004995004995004995,-0.00708352375326186,-0.0052284371101890895
2.0,0.6938775510204082,0.2857142857142857,0.0004995004995004995,0.0004995004995004995,-0.00708352375326186,-0.0052284371101890895
2.0,0.6938775510204082,0.3061224489795918,0.0004995004995004995,0.0004995004995004995,-0.00708352375326186,-0.0052284371101890895
2.0,0.6938775510204082,0.32653061224489793,0.0004995004995004995,0.0004995004995004995,-0.00708352375326186,-0.0052284371101890895
2.0,0.6938775510204082,0.3469387755102041,0.0004995004995004995,0.0004995004995004995,-0.00708352375326186,-0.0052284371101890895
2.0,0.6938775510204082,0.36734693877551017,0.0004995004995004995,0.0004995004995004995,-0.00708352375326186,-0.0052284371101890895
2.0,0.6938775510204082,0.3877551020408163,0.0004995004995004995,0.0004995004995004995,-0.00708352375326186,-0.0052284371101890895
2.0,0.6938775510204082,0.4081632653061224,0.0004995004995004995,0.000515750341145707,-0.00708352375326186,-0.0052121872685438825
2.0,0.6938775510204082,0.42857142857142855,0.0004995004995004995,0.0005969315321453564,-0.00708352375326186,-0.005131006077544233
2.0,0.6938775510204082,0.44897959183673464,0.0004995004995004995,0.0006878870652077068,-0.00708352375326186,-0.005040050544481882
2.0,0.6938775510204082,0.4693877551020408,0.0004995004995004995,0.0007807102759336646,-0.00708352375326186,-0.004947227333755925
2.0,0.6938775510204082,0.4897959183673469,0.0004995004995004995,0.0008686164475782225,-0.00708352375326186,-0.004859321162111367
2.0,0.6938775510204082,0.5102040816326531,0.000739029757176727,0.0009477646005718935,-0.006843994495585633,-0.004780173009117696
2.0,0.6938775510204082,0.5306122448979591,0.0011589773639633766,0.0010173984449537567,-0.006424046888798983,-0.004710539164735832
2.0,0.6938775510204082,0.5510204081632653,0.0017683912839172302,0.0010785721355679185,-0.00581463296884513,-0.004649365474121671
2.0,0.6938775510204082,0.5714285714285714,0.0025713140510953436,0.0011328699437452112,-0.005011710201667017,-0.004595067665944378
2.0,0.6938775510204082,0.5918367346938775,0.0035576404052920655,0.0011817772919583557,-0.004025383847470295,-0.004546160317731234
2.0,0.6938775510204082,0.6122448979591836,0.004710966607957412,0.0012264515939401901,-0.002872057644804948,-0.004501486015749399
2.0,0.6938775510204082,0.6326530612244897,0.006013581643787341,0.0012677726038277262,-0.0015694426089750196,-0.004460165005861863
2.0,0.6938775510204082,0.6530612244897959,0.0074488827501051945,0.0013063527143124154,-0.00013414150265716584,-0.004421584895377174
2.0,0.6938775510204082,0.673469387755102,0.009001322997697198,0.0013427790093881124,0.001418298744934838,-0.004385158600301477
2.0,0.6938775510204082,0.6938775510204082,0.010657066192785603,0.001377295912504177,0.003074041940023243,-0.004350641697185412
2.0,0.6938775510204082,0.7142857142857142,0.01240509528941355,0.0014102603692841482,0.00482207103665119,-0.004317677240405441
2.0,0.6938775510204082,0.7346938775510203,0.014233451501271113,0.0014417879707252557,0.006650427248508752,-0.004286149638964334
2.0,0.6938775510204082,0.7551020408163265,0.016132091871379175,0.001472216111332811,0.008549067618616814,-0.004255721498356778
2.0,0.6938775510204082,0.7755102040816326,0.018094330603409075,0.001501495782721566,0.010511306350646715,-0.004226441826968024
2.0,0.6938775510204082,0.7959183673469387,0.02011160409841194,0.0015299241779089061,0.01252857984564958,-0.004198013431780683
2.0,0.6938775510204082,0.8163265306122448,0.022175023052135662,0.0015573884641426473,0.014591998799373302,-0.004170549145546942
2.0,0.6938775510204082,0.836734693877551,0.02428141216603249,0.0015841366901016324,0.016698387913270128,-0.004143800919587957
2.0,0.6938775510204082,0.8571428571428571,0.02642768089207763,0.001610212450241799,0.01884465663931527,-0.004117725159447791
2.0,0.6938775510204082,0.8775510204081632,0.0285979087875069,0.001635421671532944,0.02101488453474454,-0.004092515938156646
2.0,0.6938775510204082,0.8979591836734693,0.030798908546207128,0.001660318857888628,0.023215884293444768,-0.004067618751800961
2.0,0.6938775510204082,0.9183673469387754,0.03301966654683525,0.0016844936799551725,0.025436642294072886,-0.004043443929734417
2.0,0.6938775510204082,0.9387755102040816,0.03526711310057839,0.0017081226633056524,0.027684088847816028,-0.0040198149463839365
2.0,0.6938775510204082,0.9591836734693877,0.03752394967101627,0.0017312788793247377,0.02994092541825391,-0.003996658730364852
2.0,0.6938775510204082,0.9795918367346939,0.03979436396334757,0.0017539359203069221,0.03221133971058521,-0.003974001689382667
2.0,0.6938775510204082,1.0,0.04206604118994918,0.0017759542408649527,0.03448301693718682,-0.003951983368824637
2.0,0.7142857142857142,0.0,0.0004995004995004995,0.0004995004995004995,-0.00708352375326186,-0.0052284371101890895
2.0,0.7142857142857142,0.02040816326530612,0.0004995004995004995,0.0004995004995004995,-0.00708352375326186,-0.0052284371101890895
2.0,0.7142857142857142,0.04081632653061224,0.0004995004995004995,0.0004995004995004995,-0.00708352375326186,-0.0052284371101890895
2.0,0.7142857142857142,0.061224489795918366,0.0004995004995004995,0.0004995004995004995,-0.00708352375326186,-0.0052284371101890895
2.0,0.7142857142857142,0.08163265306122448,0.0004995004995004995,0.0004995004995004995,-0.00708352375326186,-0.0052284371101890895
2.0,0.7142857142857142,0.1020408163265306,0.0004995004995004995,0.0004995004995004995,-0.00708352375326186,-0.0052284371101890895
2.0,0.7142857142857142,0.12244897959183673,0.0004995004995004995,0.0004995004995004995,-0.00708352375326186,-0.0052284371101890895
2.0,0.7142857142857142,0.14285714285714285,0.0004995004995004995,0.0004995004995004995,-0.00708352375326186,-0.0052284371101890895
2.0,0.7142857142857142,0.16326530612244897,0.0004995004995004995,0.0004995004995004995,-0.00708352375326186,-0.0052284371101890895
2.0,0.7142857142857142,0.18367346938775508,0.0004995004995004995,0.0004995004995004995,-0.00708352375326186,-0.0052284371101890895
2.0,0.7142857142857142,0.2040816326530612,0.0004995004995004995,0.0004995004995004995,-0.00708352375326186,-0.0052284371101890895
2.0,0.7142857142857142,0.22448979591836732,0.0004995004995004995,0.0004995004995004995,-0.00708352375326186,-0.0052284371101890895
2.0,0.7142857142857142,0.24489795918367346,0.0004995004995004995,0.0004995004995004995,-0.00708352375326186,-0.0052284371101890895
2.0,0.7142857142857142,0.26530612244897955,0.0004995004995004995,0.0004995004995004995,-0.00708352375326186,-0.0052284371101890895
2.0,0.7142857142857142,0.2857142857142857,0.0004995004995004995,0.0004995004995004995,-0.00708352375326186,-0.0052284371101890895
2.0,0.7142857142857142,0.3061224489795918,0.0004995004995004995,0.0004995004995004995,-0.00708352375326186,-0.0052284371101890895
2.0,0.7142857142857142,0.32653061224489793,0.0004995004995004995,0.0004995004995004995,-0.00708352375326186,-0.0052284371101890895
2.0,0.7142857142857142,0.3469387755102041,0.0004995004995004995,0.0004995004995004995,-0.00708352375326186,-0.0052284371101890895
2.0,0.7142857142857142,0.36734693877551017,0.0004995004995004995,0.0004995004995004995,-0.00708352375326186,-0.0052284371101890895
2.0,0.7142857142857142,0.3877551020408163,0.0004995004995004995,0.0004995004995004995,-0.00708352375326186,-0.0052284371101890895
2.0,0.7142857142857142,0.4081632653061224,0.0004995004995004995,0.000514055679241982,-0.00708352375326186,-0.005213881930447607
2.0,0.7142857142857142,0.42857142857142855,0.0004995004995004995,0.0005934407227774269,-0.00708352375326186,-0.005134496886912162
2.0,0.7142857142857142,0.44897959183673464,0.0004995004995004995,0.0006816806906927421,-0.00708352375326186,-0.005046256918996847
2.0,0.7142857142857142,0.4693877551020408,0.0004995004995004995,0.0007709507320745553,-0.00708352375326186,-0.0049569868776150345
2.0,0.7142857142857142,0.4897959183673469,0.0005298144820814416,0.0008549462215171068,-0.007053209770680919,-0.004872991388172482
2.0,0.7142857142857142,0.5102040816326531,0.0008227226907894835,0.000930450676808457,-0.006760301561972877,-0.004797486932881133
2.0,0.7142857142857142,0.5306122448979591,0.0012940565298771272,0.0009970756406407256,-0.006288967722885233,-0.004730861969048864
2.0,0.7142857142857142,0.5510204081632653,0.001961992045607296,0.0010559432410082307,-0.005621032207155065,-0.0046719943686813585
2.0,0.7142857142857142,0.5714285714285714,0.002825586318743585,0.00110851460726855,-0.004757437934018775,-0.004619423002421039
2.0,0.7142857142857142,0.5918367346938775,0.003871518579933405,0.0011561328673298766,-0.0037115056728289552,-0.004571804742359712
2.0,0.7142857142857142,0.6122448979591836,0.005082255095873652,0.0011998106755458679,-0.0025007691568887085,-0.004528126934143721
2.0,0.7142857142857142,0.6326530612244897,0.006439565804935935,0.0012403466087431328,-0.0011434584478264252,-0.004487591000946456
2.0,0.7142857142857142,0.6530612244897959,0.007926540479774877,0.0012783191697545862,0.00034351622701251673,-0.004449618439935003
2.0,0.7142857142857142,0.673469387755102,0.00952847478345518,0.0013141376864781382,0.0019454505306928192,-0.004413799923211451
2.0,0.7142857142857142,0.6938775510204082,0.011231261184454198,0.0013482412142419617,0.0036482369316918374,-0.0043796963954476275
2.0,0.7142857142857142,0.7142857142857142,0.013024263505570365,0.0013807758307594741,0.005441239252808004,-0.004347161778930115
2.0,0.7142857142857142,0.7346938775510203,0.014895487383931061,0.001411892100562771,0.007312463131168701,-0.004316045509126818
2.0,0.7142857142857142,0.7551020408163265,0.01683550178137811,0.0014419352179181116,0.00925247752861575,-0.004286002391771478
2.0,0.7142857142857142,0.7755102040816326,0.018837037342889884,0.0014709541113030002,0.011254013090127524,-0.00425698349838659
2.0,0.7142857142857142,0.7959183673469387,0.020891984912716287,0.0014989894560844476,0.013308960659953926,-0.004228948153605142
2.0,0.7142857142857142,0.8163265306122448,0.022993590035792755,0.001526225523500973,0.015410565783030395,-0.004201712086188617
2.0,0.7142857142857142,0.836734693877551,0.025134672915878647,0.0015526092076995311,0.017551648663116287,-0.004175328401990058
2.0,0.7142857142857142,0.8571428571428571,0.027308672794302435,0.0015783352414717896,0.019725648541540075,-0.0041496023682178
2.0,0.7142857142857142,0.8775510204081632,0.02951557616871525,0.001603434913525286,0.021932551915952888,-0.004124502696164304
2.0,0.7142857142857142,0.8979591836734693,0.03174763582664498,0.0016279240803676472,0.024164611573882618,-0.004100013529321942
2.0,0.7142857142857142,0.9183673469387754,0.03399744576764748,0.0016517763581340552,0.02641442151488512,-0.004076161251555534
2.0,0.7142857142857142,0.9387755102040816,0.036268920606961276,0.0016751248218896677,0.028685896354198916,-0.004052812787799922
2.0,0.7142857142857142,0.9591836734693877,0.038554642195231206,0.0016980193467850536,0.030971617942468846,-0.004029918262904535
2.0,0.7142857142857142,0.9795918367346939,0.04085046220669043,0.0017203919199937161,0.03326743795392807,-0.004007545689695873
2.0,0.7142857142857142,1.0,0.04314827550071972,0.0017420696524192846,0.03556525124795736,-0.003985867957270305
2.0,0.7346938775510203,0.0,0.0004995004995004995,0.0004995004995004995,-0.00708352375326186,-0.0052284371101890895
2.0,0.7346938775510203,0.02040816326530612,0.0004995004995004995,0.0004995004995004995,-0.00708352375326186,-0.0052284371101890895
2.0,0.7346938775510203,0.04081632653061224,0.0004995004995004995,0.0004995004995004995,-0.00708352375326186,-0.0052284371101890895
2.0,0.7346938775510203,0.061224489795918366,0.0004995004995004995,0.0004995004995004995,-0.00708352375326186,-0.0052284371101890895
2.0,0.7346938775510203,0.08163265306122448,0.0004995004995004995,0.0004995004995004995,-0.00708352375326186,-0.0052284371101890895
2.0,0.7346938775510203,0.1020408163265306,0.0004995004995004995,0.0004995004995004995,-0.00708352375326186,-0.0052284371101890895
2.0,0.7346938775510203,0.12244897959183673,0.0004995004995004995,0.0004995004995004995,-0.00708352375326186,-0.0052284371101890895
2.0,0.7346938775510203,0.14285714285714285,0.0004995004995004995,0.0004995004995004995,-0.00708352375326186,-0.0052284371101890895
2.0,0.7346938775510203,0.16326530612244897,0.0004995004995004995,0.0004995004995004995,-0.00708352375326186,-0.0052284371101890895
2.0,0.7346938775510203,0.18367346938775508,0.0004995004995004995,0.0004995004995004995,-0.00708352375326186,-0.0052284371101890895
2.0,0.7346938775510203,0.2040816326530612,0.0004995004995004995,0.0004995004995004995,-0.00708352375326186,-0.0052284371101890895
2.0,0.7346938775510203,0.22448979591836732,0.0004995004995004995,0.0004995004995004995,-0.00708352375326186,-0.0052284371101890895
2.0,0.7346938775510203,0.24489795918367346,0.0004995004995004995,0.0004995004995004995,-0.00708352375326186,-0.0052284371101890895
2.0,0.7346938775510203,0.26530612244897955,0.0004995004995004995,0.0004995004995004995,-0.00708352375326186,-0.0052284371101890895
2.0,0.7346938775510203,0.2857142857142857,0.0004995004995004995,0.0004995004995004995,-0.00708352375326186,-0.0052284371101890895
2.0,0.7346938775510203,0.3061224489795918,0.0004995004995004995,0.0004995004995004995,-0.00708352375326186,-0.0052284371101890895
2.0,0.7346938775510203,0.32653061224489793,0.0004995004995004995,0.0004995004995004995,-0.00708352375326186,-0.0052284371101890895
2.0,0.7346938775510203,0.3469387755102041,0.0004995004995004995,0.0004995004995004995,-0.00708352375326186,-0.0052284371101890895
2.0,0.7346938775510203,0.36734693877551017,0.0004995004995004995,0.0004995004995004995,-0.00708352375326186,-0.0052284371101890895
2.0,0.7346938775510203,0.3877551020408163,0.0004995004995004995,0.0004995004995004995,-0.00708352375326186,-0.0052284371101890895
2.0,0.7346938775510203,0.4081632653061224,0.0004995004995004995,0.0005123441797533286,-0.00708352375326186,-0.005215593429936261
2.0,0.7346938775510203,0.42857142857142855,0.0004995004995004995,0.000589912217290796,-0.00708352375326186,-0.005138025392398793
2.0,0.7346938775510203,0.44897959183673464,0.0004995004995004995,0.0006754462037096402,-0.00708352375326186,-0.005052491405979949
2.0,0.7346938775510203,0.4693877551020408,0.0004995004995004995,0.0007612752112927134,-0.00708352375326186,-0.004966662398396876
2.0,0.7346938775510203,0.4897959183673469,0.0005811778397834666,0.0008416075304767132,-0.007001846412978894,-0.004886330079212876
2.0,0.7346938775510203,0.5102040816326531,0.00091716769874857,0.0009137812578337578,-0.00666585655401379,-0.004814156351855832
2.0,0.7346938775510203,0.5306122448979591,0.0014423359568157363,0.0009777072717206986,-0.006140688295946624,-0.004750230337968891
2.0,0.7346938775510203,0.5510204081632653,0.0021697766698714465,0.0010344900009075701,-0.005413247582890914,-0.0046934476087820195
2.0,0.7346938775510203,0.5714285714285714,0.0030937554626170494,0.001085507608267406,-0.004489268790145311,-0.004642430001422183
2.0,0.7346938775510203,0.5918367346938775,0.004198560615660499,0.0011319183922258056,-0.0033844636371018616,-0.004596019217463784
2.0,0.7346938775510203,0.6122448979591836,0.005465657759425832,0.0011746693857669988,-0.0021173664933365286,-0.004553268223922591
2.0,0.7346938775510203,0.6326530612244897,0.006876574190516474,0.0012144730410446833,-0.0007064500622458864,-0.004513464568644906
2.0,0.7346938775510203,0.6530612244897959,0.008414367321451201,0.001251823189820209,0.0008313430686888411,-0.00447611441986938
2.0,0.7346938775510203,0.673469387755102,0.010064826224385079,0.0012871463756192142,0.0024818019716227185,-0.004440791234070375
2.0,0.7346938775510203,0.6938775510204082,0.011813952986107403,0.0013207442366059237,0.004230928733345043,-0.004407193373083666
2.0,0.7346938775510203,0.7142857142857142,0.013650930934590242,0.001352865029731959,0.006067906681827882,-0.00437507257995763
2.0,0.7346938775510203,0.7346938775510203,0.01556388521041241,0.0013836383973259622,0.007980860957650049,-0.004344299212363627
2.0,0.7346938775510203,0.7551020408163265,0.017545483462259828,0.001413312033737052,0.009962459209497468,-0.004314625575952537
2.0,0.7346938775510203,0.7755102040816326,0.019585312336990554,0.0014419784391784141,0.012002288084228194,-0.004285959170511175
2.0,0.7346938775510203,0.7959183673469387,0.021676340970671965,0.0014696941634306357,0.014093316717909605,-0.0042582434462589535
2.0,0.7346938775510203,0.8163265306122448,0.023811931793933632,0.0014965714959018198,0.016228907541171272,-0.004231366113787769
2.0,0.7346938775510203,0.836734693877551,0.025989021546189605,0.0015227139435382332,0.018405997293427245,-0.004205223666151356
2.0,0.7346938775510203,0.8571428571428571,0.028195937583660617,0.0015480054818301859,0.020612913330898257,-0.0041799321278594035
2.0,0.7346938775510203,0.8775510204081632,0.030435545121836632,0.0015728996660469164,0.022852520869074272,-0.004155037943642673
2.0,0.7346938775510203,0.8979591836734693,0.0326970062949361,0.0015970253019262132,0.025113982042173737,-0.004130912307763376
2.0,0.7346938775510203,0.9183673469387754,0.03497604550371386,0.001620578529774212,0.0273930212509515,-0.004107359079915378
2.0,0.7346938775510203,0.9387755102040816,0.03727191553707413,0.0016436628113590604,0.02968889128431177,-0.004084274798330529
2.0,0.7346938775510203,0.9591836734693877,0.039585533585074995,0.0016662889171046948,0.032002509332312634,-0.004061648692584895
2.0,0.7346938775510203,0.9795918367346939,0.04190703360955039,0.0016883579174015706,0.03432400935678803,-0.004039579692288018
2.0,0.7346938775510203,1.0,0.04423092364938638,0.0017097967283306902,0.03664789939662402,-0.004018140881358899
2.0,0.7551020408163265,0.0,0.0004995004995004995,0.0004995004995004995,-0.00708352375326186,-0.0052284371101890895
2.0,0.7551020408163265,0.02040816326530612,0.0004995004995004995,0.0004995004995004995,-0.00708352375326186,-0.0052284371101890895
2.0,0.7551020408163265,0.04081632653061224,0.0004995004995004995,0.0004995004995004995,-0.00708352375326186,-0.0052284371101890895
2.0,0.7551020408163265,0.061224489795918366,0.0004995004995004995,0.0004995004995004995,-0.00708352375326186,-0.0052284371101890895
2.0,0.7551020408163265,0.08163265306122448,0.0004995004995004995,0.0004995004995004995,-0.00708352375326186,-0.0052284371101890895
2.0,0.7551020408163265,0.1020408163265306,0.0004995004995004995,0.0004995004995004995,-0.00708352375326186,-0.0052284371101890895
2.0,0.7551020408163265,0.12244897959183673,0.0004995004995004995,0.0004995004995004995,-0.00708352375326186,-0.0052284371101890895
2.0,0.7551020408163265,0.14285714285714285,0.0004995004995004995,0.0004995004995004995,-0.00708352375326186,-0.0052284371101890895
2.0,0.7551020408163265,0.16326530612244897,0.0004995004995004995,0.0004995004995004995,-0.00708352375326186,-0.0052284371101890895
2.0,0.7551020408163265,0.18367346938775508,0.0004995004995004995,0.0004995004995004995,-0.00708352375326186,-0.0052284371101890895
2.0,0.7551020408163265,0.2040816326530612,0.0004995004995004995,0.0004995004995004995,-0.00708352375326186,-0.0052284371101890895
2.0,0.7551020408163265,0.22448979591836732,0.0004995004995004995,0.0004995004995004995,-0.00708352375326186,-0.0052284371101890895
2.0,0.7551020408163265,0.24489795918367346,0.0004995004995004995,0.0004995004995004995,-0.00708352375326186,-0.0052284371101890895
2.0,0.7551020408163265,0.26530612244897955,0.0004995004995004995,0.0004995004995004995,-0.00708352375326186,-0.0052284371101890895
2.0,0.7551020408163265,0.2857142857142857,0.0004995004995004995,0.0004995004995004995,-0.00708352375326186,-0.0052284371101890895
2.0,0.7551020408163265,0.3061224489795918,0.0004995004995004995,0.0004995004995004995,-0.00708352375326186,-0.0052284371101890895
2.0,0.7551020408163265,0.32653061224489793,0.0004995004995004995,0.0004995004995004995,-0.00708352375326186,-0.0052284371101890895
2.0,0.7551020408163265,0.3469387755102041,0.0004995004995004995,0.0004995004995004995,-0.00708352375326186,-0.0052284371101890895
2.0,0.7551020408163265,0.36734693877551017,0.0004995004995004995,0.0004995004995004995,-0.00708352375326186,-0.0052284371101890895
2.0,0.7551020408163265,0.3877551020408163,0.0004995004995004995,0.0004995004995004995,-0.00708352375326186,-0.0052284371101890895
2.0,0.7551020408163265,0.4081632653061224,0.0004995004995004995,0.0005106175840329616,-0.00708352375326186,-0.005217320025656628
2.0,0.7551020408163265,0.42857142857142855,0.0004995004995004995,0.0005863550772880709,-0.00708352375326186,-0.005141582532401518
2.0,0.7551020408163265,0.44897959183673464,0.0004995004995004995,0.0006692099862698587,-0.00708352375326186,-0.005058727623419731
2.0,0.7551020408163265,0.4693877551020408,0.0004995004995004995,0.0007517311087577915,-0.00708352375326186,-0.004976206500931798
2.0,0.7551020408163265,0.4897959183673469,0.0006407581010162478,0.0008286455004364871,-0.006942266151746113,-0.004899292109253103
2.0,0.7551020408163265,0.5102040816326531,0.0010229216570518745,0.00089779179482717,-0.006560102595710486,-0.00483014581486242
2.0,0.7551020408163265,0.5306122448979591,0.001603955769500777,0.0009592741511553536,-0.005979068483261583,-0.004768663458534236
2.0,0.7551020408163265,0.5510204081632653,0.002391405256851641,0.0010141881518025853,-0.005191618995910719,-0.004713749457887004
2.0,0.7551020408163265,0.5714285714285714,0.003375412589840721,0.0010637599715060287,-0.0042076116629216394,-0.004664177638183561
2.0,0.7551020408163265,0.5918367346938775,0.004538181035163963,0.0011090868036816774,-0.003044843217598397,-0.004618850806007912
2.0,0.7551020408163265,0.6122448979591836,0.005860567929177904,0.0011509415597385714,-0.0017224563235844568,-0.004576996049951018
2.0,0.7551020408163265,0.6326530612244897,0.007324034647592393,0.0011900304852257664,-0.00025898960516996736,-0.004537907124463823
2.0,0.7551020408163265,0.6530612244897959,0.00891214864610768,0.0012267756423680752,0.001329124393345319,-0.004501161967321515
2.0,0.7551020408163265,0.673469387755102,0.010609968083033668,0.0012615906583737528,0.0030269438302713073,-0.004466346951315836
2.0,0.7551020408163265,0.6938775510204082,0.012404787594551658,0.0012947115676868314,0.004821763341789298,-0.004433226042002758
2.0,0.7551020408163265,0.7142857142857142,0.014284596145611679,0.0013264138242198595,0.006701571892849319,-0.00440152378546973
2.0,0.7551020408163265,0.7346938775510203,0.016239268707129557,0.0013568351965467837,0.008656244454367197,-0.0043711024131428055
2.0,0.7551020408163265,0.7551020408163265,0.01825935901957189,0.0013861349328106842,0.010676334766809528,-0.004341802676878905
2.0,0.7551020408163265,0.7755102040816326,0.02033748410844191,0.00141435043252197,0.01275445985567955,-0.00431358717716762
2.0,0.7551020408163265,0.7959183673469387,0.022465910163621206,0.0014417445537753277,0.014882885910858845,-0.004286193055914262
2.0,0.7551020408163265,0.8163265306122448,0.02463736400579023,0.0014682675815613328,0.01705433975302787,-0.004259670028128257
2.0,0.7551020408163265,0.836734693877551,0.026843543125822475,0.0014941415982577784,0.019260518873060115,-0.004233796011431811
2.0,0.7551020408163265,0.8571428571428571,0.029087921555222482,0.001519264433962097,0.02150489730246012,-0.004208673175727493
2.0,0.7551020408163265,0.8775510204081632,0.031356192366429794,0.0015437495113728174,0.023773168113667434,-0.0041841880983167715
2.0,0.7551020408163265,0.8979591836734693,0.033647158357089924,0.0015675461988131566,0.026064134104327563,-0.004160391410876433
2.0,0.7551020408163265,0.9183673469387754,0.035955302244453036,0.0015908208164353648,0.028372277991690675,-0.004137116793254224
2.0,0.7551020408163265,0.9387755102040816,0.03827621392115563,0.0016136425908730282,0.030693189668393267,-0.004114295018816562
2.0,0.7551020408163265,0.9591836734693877,0.04061631453195092,0.0016359895724851444,0.03303329027918856,-0.004091948037204445
2.0,0.7551020408163265,0.9795918367346939,0.04296365890649283,0.0016577267471295724,0.03538063465373047,-0.004070210862560017
2.0,0.7551020408163265,1.0,0.04531329224478611,0.0016790427401437735,0.03773026799202375,-0.004048894869545816
2.0,0.7755102040816326,0.0,0.0004995004995004995,0.0004995004995004995,-0.00708352375326186,-0.0052284371101890895
2.0,0.7755102040816326,0.02040816326530612,0.0004995004995004995,0.0004995004995004995,-0.00708352375326186,-0.0052284371101890895
2.0,0.7755102040816326,0.04081632653061224,0.0004995004995004995,0.0004995004995004995,-0.00708352375326186,-0.0052284371101890895
2.0,0.7755102040816326,0.061224489795918366,0.0004995004995004995,0.0004995004995004995,-0.00708352375326186,-0.0052284371101890895
2.0,0.7755102040816326,0.08163265306122448,0.0004995004995004995,0.0004995004995004995,-0.00708352375326186,-0.0052284371101890895
2.0,0.7755102040816326,0.1020408163265306,0.0004995004995004995,0.0004995004995004995,-0.00708352375326186,-0.0052284371101890895
2.0,0.7755102040816326,0.12244897959183673,0.0004995004995004995,0.0004995004995004995,-0.00708352375326186,-0.0052284371101890895
2.0,0.7755102040816326,0.14285714285714285,0.0004995004995004995,0.0004995004995004995,-0.00708352375326186,-0.0052284371101890895
2.0,0.7755102040816326,0.16326530612244897,0.0004995004995004995,0.0004995004995004995,-0.00708352375326186,-0.0052284371101890895
2.0,0.7755102040816326,0.18367346938775508,0.0004995004995004995,0.0004995004995004995,-0.00708352375326186,-0.0052284371101890895
2.0,0.7755102040816326,0.2040816326530612,0.0004995004995004995,0.0004995004995004995,-0.00708352375326186,-0.0052284371101890895
2.0,0.7755102040816326,0.22448979591836732,0.0004995004995004995,0.0004995004995004995,-0.00708352375326186,-0.0052284371101890895
2.0,0.7755102040816326,0.24489795918367346,0.0004995004995004995,0.0004995004995004995,-0.00708352375326186,-0.0052284371101890895
2.0,0.7755102040816326,0.26530612244897955,0.0004995004995004995,0.0004995004995004995,-0.00708352375326186,-0.0052284371101890895
2.0,0.7755102040816326,0.2857142857142857,0.0004995004995004995,0.0004995004995004995,-0.00708352375326186,-0.0052284371101890895
2.0,0.7755102040816326,0.3061224489795918,0.0004995004995004995,0.0004995004995004995,-0.00708352375326186,-0.0052284371101890895
2.0,0.7755102040816326,0.32653061224489793,0.0004995004995004995,0.0004995004995004995,-0.00708352375326186,-0.0052284371101890895
2.0,0.7755102040816326,0.3469387755102041,0.0004995004995004995,0.0004995004995004995,-0.00708352375326186,-0.0052284371101890895
2.0,0.7755102040816326,0.36734693877551017,0.0004995004995004995,0.0004995004995004995,-0.00708352375326186,-0.0052284371101890895
2.0,0.7755102040816326,0.3877551020408163,0.0004995004995004995,0.0004995004995004995,-0.00708352375326186,-0.0052284371101890895
2.0,0.7755102040816326,0.4081632653061224,0.0004995004995004995,0.0005088820571520246,-0.00708352375326186,-0.0052190555525375645
2.0,0.7755102040816326,0.42857142857142855,0.0004995004995004995,0.0005827787307464743,-0.00708352375326186,-0.005145158878943115
2.0,0.7755102040816326,0.44897959183673464,0.0004995004995004995,0.0006630040245495256,-0.00708352375326186,-0.005064933585140064
2.0,0.7755102040816326,0.4693877551020408,0.0004995004995004995,0.0007423625741331197,-0.00708352375326186,-0.00498557503555647
2.0,0.7755102040816326,0.4897959183673469,0.0007091559458398933,0.000816107903733314,-0.006873868306922467,-0.004911829705956276
2.0,0.7755102040816326,0.5102040816326531,0.0011404013524120185,0.0008824860797831721,-0.0064426229003503414,-0.004845451529906417
2.0,0.7755102040816326,0.5306122448979591,0.0017788693299882145,0.0009417484541594676,-0.005804154922774146,-0.0047861891555301215
2.0,0.7755102040816326,0.5510204081632653,0.002626516059744524,0.0009949652769770325,-0.004956508193017836,-0.004732972332712557
2.0,0.7755102040816326,0.5714285714285714,0.0036698970471029995,0.0010432261641558581,-0.003913127205659361,-0.004684711445533731
2.0,0.7755102040816326,0.5918367346938775,0.004889786755739478,0.0010874964321524602,-0.0026932374970228823,-0.0046404411775371295
2.0,0.7755102040816326,0.6122448979591836,0.006266334582053945,0.001128535403869766,-0.0013166896707084152,-0.004599402205819824
2.0,0.7755102040816326,0.6326530612244897,0.0077815000643148375,0.0011669122290537113,0.00019847581155247717,-0.0045610253806358785
2.0,0.7755102040816326,0.6530612244897959,0.009419069669834627,0.0012030802938887946,0.001836045417072267,-0.0045248573158007946
2.0,0.7755102040816326,0.673469387755102,0.011163541043480434,0.0012373709195793066,0.003580516790718073,-0.004490566690110283
2.0,0.7755102040816326,0.6938775510204082,0.013003309755962656,0.0012700453810288643,0.005420285503200296,-0.0044578922286607255
2.0,0.7755102040816326,0.7142857142857142,0.014925312262009808,0.0013013075438230806,0.007342288009247447,-0.004426630065866509
2.0,0.7755102040816326,0.7346938775510203,0.016921895103968992,0.0013313453414878678,0.009338870851206632,-0.004396592268201722
2.0,0.7755102040816326,0.7551020408163265,0.018981304010560567,0.001360193167432573,0.011398279757798207,-0.004367744442257016
2.0,0.7755102040816326,0.7755102040816326,0.021096670258881282,0.001388222622474216,0.013513646006118922,-0.004339714987215373
2.0,0.7755102040816326,0.7959183673469387,0.023260561897605295,0.0014152786824604849,0.015677537644842934,-0.004312658927229105
2.0,0.7755102040816326,0.8163265306122448,0.025466420941455292,0.0014415019035496778,0.017883396688692932,-0.004286435706139912
2.0,0.7755102040816326,0.836734693877551,0.027706683436481416,0.0014668493884869532,0.020123659183719056,-0.004261088221202636
2.0,0.7755102040816326,0.8571428571428571,0.02998055246205637,0.0014918005580064461,0.02239752820929401,-0.004236137051683143
2.0,0.7755102040816326,0.8775510204081632,0.032277846282722004,0.001515916595279627,0.024694822029959644,-0.004212021014409963
2.0,0.7755102040816326,0.8979591836734693,0.03459841270626124,0.001539412870577322,0.02701538845349888,-0.004188524739112267
2.0,0.7755102040816326,0.9183673469387754,0.03693511254734889,0.0015624170795301622,0.029352088294586527,-0.0041655205301594275
2.0,0.7755102040816326,0.9387755102040816,0.039281888664417994,0.001584974549815198,0.03169886441165563,-0.004142963059874391
2.0,0.7755102040816326,0.9591836734693877,0.04164677342441568,0.0016070242730463044,0.03406374917165332,-0.004120913336643285
2.0,0.7755102040816326,0.9795918367346939,0.044019764099770334,0.0016283947340685375,0.03643673984700797,-0.004099542875621052
2.0,0.7755102040816326,1.0,0.04639459035642864,0.0016496070873644908,0.03881156610366628,-0.004078330522325099
2.0,0.7959183673469387,0.0,0.0004995004995004995,0.0004995004995004995,-0.00708352375326186,-0.0052284371101890895
2.0,0.7959183673469387,0.02040816326530612,0.0004995004995004995,0.0004995004995004995,-0.00708352375326186,-0.0052284371101890895
2.0,0.7959183673469387,0.04081632653061224,0.0004995004995004995,0.0004995004995004995,-0.00708352375326186,-0.0052284371101890895
2.0,0.7959183673469387,0.061224489795918366,0.0004995004995004995,0.0004995004995004995,-0.00708352375326186,-0.0052284371101890895
2.0,0.7959183673469387,0.08163265306122448,0.0004995004995004995,0.0004995004995004995,-0.00708352375326186,-0.0052284371101890895
2.0,0.7959183673469387,0.1020408163265306,0.0004995004995004995,0.0004995004995004995,-0.00708352375326186,-0.0052284371101890895
2.0,0.7959183673469387,0.12244897959183673,0.0004995004995004995,0.0004995004995004995,-0.00708352375326186,-0.0052284371101890895
2.0,0.7959183673469387,0.14285714285714285,0.0004995004995004995,0.0004995004995004995,-0.00708352375326186,-0.0052284371101890895
2.0,0.7959183673469387,0.16326530612244897,0.0004995004995004995,0.0004995004995004995,-0.00708352375326186,-0.0052284371101890895
2.0,0.7959183673469387,0.18367346938775508,0.0004995004995004995,0.0004995004995004995,-0.00708352375326186,-0.0052284371101890895
2.0,0.7959183673469387,0.2040816326530612,0.0004995004995004995,0.0004995004995004995,-0.00708352375326186,-0.0052284371101890895
2.0,0.7959183673469387,0.22448979591836732,0.0004995004995004995,0.0004995004995004995,-0.00708352375326186,-0.0052284371101890895
2.0,0.7959183673469387,0.24489795918367346,0.0004995004995004995,0.0004995004995004995,-0.00708352375326186,-0.0052284371101890895
2.0,0.7959183673469387,0.26530612244897955,0.0004995004995004995,0.0004995004995004995,-0.00708352375326186,-0.0052284371101890895
2.0,0.7959183673469387,0.2857142857142857,0.0004995004995004995,0.0004995004995004995,-0.00708352375326186,-0.0052284371101890895
2.0,0.7959183673469387,0.3061224489795918,0.0004995004995004995,0.0004995004995004995,-0.00708352375326186,-0.0052284371101890895
2.0,0.7959183673469387,0.32653061224489793,0.0004995004995004995,0.0004995004995004995,-0.00708352375326186,-0.0052284371101890895
2.0,0.7959183673469387,0.3469387755102041,0.0004995004995004995,0.0004995004995004995,-0.00708352375326186,-0.0052284371101890895
2.0,0.7959183673469387,0.36734693877551017,0.0004995004995004995,0.0004995004995004995,-0.00708352375326186,-0.0052284371101890895
2.0,0.7959183673469387,0.3877551020408163,0.0004995004995004995,0.0004995004995004995,-0.00708352375326186,-0.0052284371101890895
2.0,0.7959183673469387,0.4081632653061224,0.0004995004995004995,0.000507131326890299,-0.00708352375326186,-0.005220806282799291
2.0,0.7959183673469387,0.42857142857142855,0.0004995004995004995,0.0005792039465259364,-0.00708352375326186,-0.005148733663163653
2.0,0.7959183673469387,0.44897959183673464,0.0004995004995004995,0.0006568499730521852,-0.00708352375326186,-0.005071087636637404
2.0,0.7959183673469387,0.4693877551020408,0.0004995004995004995,0.0007332053412715771,-0.00708352375326186,-0.004994732268418013
2.0,0.7959183673469387,0.4897959183673469,0.0007869688138596809,0.0008039997633142632,-0.0067960554389026795,-0.004923937846375326
2.0,0.7959183673469387,0.5102040816326531,0.0012699104168851783,0.0008678667555424526,-0.006313113835877182,-0.004860070854147137
2.0,0.7959183673469387,0.5306122448979591,0.0019669489120189157,0.0009251221127828811,-0.005616075340743445,-0.004802815496906709
2.0,0.7959183673469387,0.5510204081632653,0.0028746280813162347,0.0009767632140253177,-0.004708396171446126,-0.004751174395664272
2.0,0.7959183673469387,0.5714285714285714,0.003976711928931886,0.0010237994536358144,-0.003606312323830474,-0.004704138156053775
2.0,0.7959183673469387,0.5918367346938775,0.0052528124601997255,0.0010670889595717618,-0.002330211792562635,-0.004660848650117828
2.0,0.7959183673469387,0.6122448979591836,0.0066828758718099086,0.0011073521883789342,-0.0009001483809524518,-0.004620585421310655
2.0,0.7959183673469387,0.6326530612244897,0.008248881468640173,0.0011450712902900595,0.0006658572158778128,-0.00458286631939953
2.0,0.7959183673469387,0.6530612244897959,0.009934655443194388,0.0011806619191815826,0.0023516311904320276,-0.004547275690508007
2.0,0.7959183673469387,0.673469387755102,0.011725162741571541,0.001214414670262512,0.004142138488809181,-0.004513522939427078
2.0,0.7959183673469387,0.6938775510204082,0.013609027375895661,0.0012466486406485242,0.006026003123133301,-0.004481288969041065
2.0,0.7959183673469387,0.7142857142857142,0.015573608340696009,0.001277427292441355,0.007990584087933648,-0.004450510317248234
2.0,0.7959183673469387,0.7346938775510203,0.01760885704739529,0.0013070661901609549,0.01002583279463293,-0.004420871419528635
2.0,0.7959183673469387,0.7551020408163265,0.019706825568583615,0.0013356941356914708,0.012123801315821255,-0.004392243473998119
2.0,0.7959183673469387,0.7755102040816326,0.02185877957599196,0.0013632362012550561,0.0142757553232296,-0.004364701408434533
2.0,0.7959183673469387,0.7959183673469387,0.02405527360302214,0.001389932021269959,0.01647224935025978,-0.0043380055884196305
2.0,0.7959183673469387,0.8163265306122448,0.02629594251128515,0.0014158909671650086,0.01871291825852279,-0.00431204664252458
2.0,0.7959183673469387,0.836734693877551,0.02857229080394029,0.001441016911759825,0.02098926655117793,-0.004286920697929764
2.0,0.7959183673469387,0.8571428571428571,0.030874209252861412,0.0014655555770835464,0.02329118500009905,-0.004262382032606043
2.0,0.7959183673469387,0.8775510204081632,0.03320076264026687,0.0014893343474262056,0.02561773838750451,-0.004238603262263383
2.0,0.7959183673469387,0.8979591836734693,0.03555086700207775,0.0015125463854314544,0.027967842749315387,-0.004215391224258135
2.0,0.7959183673469387,0.9183673469387754,0.037915629906949876,0.0015352885180241471,0.030332605654187515,-0.004192649091665442
2.0,0.7959183673469387,0.9387755102040816,0.0402889251363083,0.0015575703100083997,0.03270590088354594,-0.00417036729968119
2.0,0.7959183673469387,0.9591836734693877,0.04267632068671536,0.001579296944482307,0.035093296433953,-0.004148640665207282
2.0,0.7959183673469387,0.9795918367346939,0.04507455851951436,0.0016002628055722266,0.037491534266752,-0.0041276748041173626
2.0,0.7959183673469387,1.0,0.047473522246448886,0.0016213789884522078,0.039890497993686526,-0.004106558621237382
2.0,0.8163265306122448,0.0,0.0004995004995004995,0.0004995004995004995,-0.00708352375326186,-0.0052284371101890895
2.0,0.8163265306122448,0.02040816326530612,0.0004995004995004995,0.0004995004995004995,-0.00708352375326186,-0.0052284371101890895
2.0,0.8163265306122448,0.04081632653061224,0.0004995004995004995,0.0004995004995004995,-0.00708352375326186,-0.0052284371101890895
2.0,0.8163265306122448,0.061224489795918366,0.0004995004995004995,0.0004995004995004995,-0.00708352375326186,-0.0052284371101890895
2.0,0.8163265306122448,0.08163265306122448,0.0004995004995004995,0.0004995004995004995,-0.00708352375326186,-0.0052284371101890895
2.0,0.8163265306122448,0.1020408163265306,0.0004995004995004995,0.0004995004995004995,-0.00708352375326186,-0.0052284371101890895
2.0,0.8163265306122448,0.12244897959183673,0.0004995004995004995,0.0004995004995004995,-0.00708352375326186,-0.0052284371101890895
2.0,0.8163265306122448,0.14285714285714285,0.0004995004995004995,0.0004995004995004995,-0.00708352375326186,-0.0052284371101890895
2.0,0.8163265306122448,0.16326530612244897,0.0004995004995004995,0.0004995004995004995,-0.00708352375326186,-0.0052284371101890895
2.0,0.8163265306122448,0.18367346938775508,0.0004995004995004995,0.0004995004995004995,-0.00708352375326186,-0.0052284371101890895
2.0,0.8163265306122448,0.2040816326530612,0.0004995004995004995,0.0004995004995004995,-0.00708352375326186,-0.0052284371101890895
2.0,0.8163265306122448,0.22448979591836732,0.0004995004995004995,0.0004995004995004995,-0.00708352375326186,-0.0052284371101890895
2.0,0.8163265306122448,0.24489795918367346,0.0004995004995004995,0.0004995004995004995,-0.00708352375326186,-0.0052284371101890895
2.0,0.8163265306122448,0.26530612244897955,0.0004995004995004995,0.0004995004995004995,-0.00708352375326186,-0.0052284371101890895
2.0,0.8163265306122448,0.2857142857142857,0.0004995004995004995,0.0004995004995004995,-0.00708352375326186,-0.0052284371101890895
2.0,0.8163265306122448,0.3061224489795918,0.0004995004995004995,0.0004995004995004995,-0.00708352375326186,-0.0052284371101890895
2.0,0.8163265306122448,0.32653061224489793,0.0004995004995004995,0.0004995004995004995,-0.00708352375326186,-0.0052284371101890895
2.0,0.8163265306122448,0.3469387755102041,0.0004995004995004995,0.0004995004995004995,-0.00708352375326186,-0.0052284371101890895
2.0,0.8163265306122448,0.36734693877551017,0.0004995004995004995,0.0004995004995004995,-0.00708352375326186,-0.0052284371101890895
2.0,0.8163265306122448,0.3877551020408163,0.0004995004995004995,0.0004995004995004995,-0.00708352375326186,-0.0052284371101890895
2.0,0.8163265306122448,0.4081632653061224,0.0004995004995004995,0.0005053825591254625,-0.00708352375326186,-0.005222555050564127
2.0,0.8163265306122448,0.42857142857142855,0.0004995004995004995,0.0005756331734444701,-0.00708352375326186,-0.005152304436245119
2.0,0.8163265306122448,0.44897959183673464,0.0004995004995004995,0.0006507754794617509,-0.00708352375326186,-0.005077162130227839
2.0,0.8163265306122448,0.4693877551020408,0.0005437267753480733,0.0007242877036098475,-0.007039297477414287,-0.005003649906079742
2.0,0.8163265306122448,0.4897959183673469,0.0008747455581143201,0.0007923657693049793,-0.00670827869464804,-0.004935571840384611
2.0,0.8163265306122448,0.5102040816326531,0.0014116319233351323,0.0008539172179570235,-0.006171392329427228,-0.004874020391732566
2.0,0.8163265306122448,0.5306122448979591,0.0021679608216273343,0.0009093321921401122,-0.0054150634311350265,-0.004818605417549477
2.0,0.8163265306122448,0.5510204081632653,0.0031354169525145714,0.0009595225397106934,-0.004447607300247789,-0.004768415069978896
2.0,0.8163265306122448,0.5714285714285714,0.0042953075264291875,0.0010054234330603528,-0.003287716726333173,-0.004722514176629236
2.0,0.8163265306122448,0.5918367346938775,0.005626541824603067,0.0010477866438977357,-0.0019564824281592934,-0.004680150965791854
2.0,0.8163265306122448,0.6122448979591836,0.007109312175712382,0.0010872892134618853,-0.00047371207704997864,-0.004640648396227704
2.0,0.8163265306122448,0.6326530612244897,0.008725299786126375,0.0011243417551299155,0.0011422755333640143,-0.004603595854559674
2.0,0.8163265306122448,0.6530612244897959,0.010458541027255115,0.0011593841667553151,0.0028755167744927545,-0.004568553442934274
2.0,0.8163265306122448,0.673469387755102,0.012294475226720478,0.0011926396365918093,0.004711450973958118,-0.00453529797309778
2.0,0.8163265306122448,0.6938775510204082,0.014221495504893409,0.0012244248115280357,0.006638471252131049,-0.004503512798161554
2.0,0.8163265306122448,0.7142857142857142,0.016227464040954903,0.0012548369330199329,0.008644439788192543,-0.004473100676669657
2.0,0.8163265306122448,0.7346938775510203,0.018302338255529117,0.0012840931340758759,0.010719314002766756,-0.004443844475613714
2.0,0.8163265306122448,0.7551020408163265,0.020438325876653667,0.0013121850484417443,0.012855301623891306,-0.004415752561247845
2.0,0.8163265306122448,0.7755102040816326,0.022625946314979162,0.0013394806197282241,0.015042922062216801,-0.004388456989961365
2.0,0.8163265306122448,0.7959183673469387,0.02486031243593688,0.0013658228556867476,0.01727728818317452,-0.004362114754002841
2.0,0.8163265306122448,0.8163265306122448,0.02713089629543719,0.001391392422770829,0.01954787204267483,-0.004336545186918761
2.0,0.8163265306122448,0.836734693877551,0.029438833567065684,0.0014163048644020978,0.021855809314303323,-0.004311632745287492
2.0,0.8163265306122448,0.8571428571428571,0.03176914352653427,0.001440465583103,0.024186119273771907,-0.004287472026586589
2.0,0.8163265306122448,0.8775510204081632,0.034125204288002246,0.0014639391561888863,0.026542180035239886,-0.004263998453500703
2.0,0.8163265306122448,0.8979591836734693,0.03650470936591048,0.0014868768164780259,0.02892168511314812,-0.004241060793211564
2.0,0.8163265306122448,0.9183673469387754,0.038896705318957524,0.0015093541007483078,0.03131368106619516,-0.004218583508941281
2.0,0.8163265306122448,0.9387755102040816,0.041296902533018987,0.0015313447314997627,0.033713878280256626,-0.004196592878189827
2.0,0.8163265306122448,0.9591836734693877,0.04370421691199716,0.0015527151166702747,0.0361211926592348,-0.004175222493019315
2.0,0.8163265306122448,0.9795918367346939,0.04612697279462617,0.0015736079152729786,0.03854394854186381,-0.004154329694416611
2.0,0.8163265306122448,1.0,0.048548579753384634,0.0015942535030860371,0.040965555500622274,-0.004133684106603553
2.0,0.836734693877551,0.0,0.0004995004995004995,0.0004995004995004995,-0.00708352375326186,-0.0052284371101890895
2.0,0.836734693877551,0.02040816326530612,0.0004995004995004995,0.0004995004995004995,-0.00708352375326186,-0.0052284371101890895
2.0,0.836734693877551,0.04081632653061224,0.0004995004995004995,0.0004995004995004995,-0.00708352375326186,-0.0052284371101890895
2.0,0.836734693877551,0.061224489795918366,0.0004995004995004995,0.0004995004995004995,-0.00708352375326186,-0.0052284371101890895
2.0,0.836734693877551,0.08163265306122448,0.0004995004995004995,0.0004995004995004995,-0.00708352375326186,-0.0052284371101890895
2.0,0.836734693877551,0.1020408163265306,0.0004995004995004995,0.0004995004995004995,-0.00708352375326186,-0.0052284371101890895
2.0,0.836734693877551,0.12244897959183673,0.0004995004995004995,0.0004995004995004995,-0.00708352375326186,-0.0052284371101890895
2.0,0.836734693877551,0.14285714285714285,0.0004995004995004995,0.0004995004995004995,-0.00708352375326186,-0.0052284371101890895
2.0,0.836734693877551,0.16326530612244897,0.0004995004995004995,0.0004995004995004995,-0.00708352375326186,-0.0052284371101890895
2.0,0.836734693877551,0.18367346938775508,0.0004995004995004995,0.0004995004995004995,-0.00708352375326186,-0.0052284371101890895
2.0,0.836734693877551,0.2040816326530612,0.0004995004995004995,0.0004995004995004995,-0.00708352375326186,-0.0052284371101890895
2.0,0.836734693877551,0.22448979591836732,0.0004995004995004995,0.0004995004995004995,-0.00708352375326186,-0.0052284371101890895
2.0,0.836734693877551,0.24489795918367346,0.0004995004995004995,0.0004995004995004995,-0.00708352375326186,-0.0052284371101890895
2.0,0.836734693877551,0.26530612244897955,0.0004995004995004995,0.0004995004995004995,-0.00708352375326186,-0.0052284371101890895
2.0,0.836734693877551,0.2857142857142857,0.0004995004995004995,0.0004995004995004995,-0.00708352375326186,-0.0052284371101890895
2.0,0.836734693877551,0.3061224489795918,0.0004995004995004995,0.0004995004995004995,-0.00708352375326186,-0.0052284371101890895
2.0,0.836734693877551,0.32653061224489793,0.0004995004995004995,0.0004995004995004995,-0.00708352375326186,-0.0052284371101890895
2.0,0.836734693877551,0.3469387755102041,0.0004995004995004995,0.0004995004995004995,-0.00708352375326186,-0.0052284371101890895
2.0,0.836734693877551,0.36734693877551017,0.0004995004995004995,0.0004995004995004995,-0.00708352375326186,-0.0052284371101890895
2.0,0.836734693877551,0.3877551020408163,0.0004995004995004995,0.0004995004995004995,-0.00708352375326186,-0.0052284371101890895
2.0,0.836734693877551,0.4081632653061224,0.0004995004995004995,0.0005036314714813883,-0.00708352375326186,-0.005224306138208202
2.0,0.836734693877551,0.42857142857142855,0.0004995004995004995,0.0005720852852156905,-0.00708352375326186,-0.005155852324473899
2.0,0.836734693877551,0.44897959183673464,0.0004995004995004995,0.0006448054356923373,-0.00708352375326186,-0.005083132173997252
2.0,0.836734693877551,0.4693877551020408,0.0005961021031284215,0.0007156331784510409,-0.0069869221496339385,-0.005012304431238549
2.0,0.836734693877551,0.4897959183673469,0.0009729505244632358,0.0007812027470451942,-0.006610073728299124,-0.0049467348626443955
2.0,0.836734693877551,0.5102040816326531,0.001565642787988957,0.0008406309179220086,-0.006017381464773403,-0.004887306691767581
2.0,0.836734693877551,0.5306122448979591,0.002381605906068945,0.000894348299520121,-0.0052014183466934155,-0.004833589310169468
2.0,0.836734693877551,0.5510204081632653,0.0034082912039464877,0.0009431943443798086,-0.004174733048815873,-0.00478474326530978
2.0,0.836734693877551,0.5714285714285714,0.004625181550680508,0.0009880152993749704,-0.0029578427020818523,-0.004739922310314619
2.0,0.836734693877551,0.5918367346938775,0.006010718081978584,0.001029519717417913,-0.0015723061707837768,-0.0046984178922716766
2.0,0.836734693877551,0.6122448979591836,0.007545120849736867,0.00106826454254621,-3.7903403025493776e-05,-0.004659673067143379
2.0,0.836734693877551,0.6326530612244897,0.00921030958661697,0.0011047037515298295,0.0016272853338546098,-0.004623233858159759
2.0,0.836734693877551,0.6530612244897959,0.01099034411208036,0.0011391838650374267,0.0034073198593179994,-0.004588753744652163
2.0,0.836734693877551,0.673469387755102,0.012871119014509564,0.001171964886577148,0.005288094761747204,-0.004555972723112442
2.0,0.836734693877551,0.6938775510204082,0.014840001690958633,0.0012032726516068388,0.007256977438196272,-0.004524664958082751
2.0,0.836734693877551,0.7142857142857142,0.016885681749980168,0.0012332884644567243,0.009302657497217807,-0.0044946491452328655
2.0,0.836734693877551,0.7346938775510203,0.019001278814628222,0.0012620774647441112,0.011418254561865862,-0.004465860144945478
2.0,0.836734693877551,0.7551020408163265,0.021173335435023803,0.0012899634022734547,0.013590311182261443,-0.0044379742074161345
2.0,0.836734693877551,0.7755102040816326,0.023398449235128838,0.001316848152259466,0.015815424982366478,-0.004411089457430123
2.0,0.836734693877551,0.7959183673469387,0.025666007757236528,0.0013428732606479963,0.018082983504474168,-0.0043850643490415935
2.0,0.836734693877551,0.8163265306122448,0.027971228750182195,0.0013680083460888707,0.020388204497419835,-0.004359929263600719
2.0,0.836734693877551,0.836734693877551,0.030306482375705886,0.0013926612341347727,0.022723458122943525,-0.004335276375554817
2.0,0.836734693877551,0.8571428571428571,0.03266565958614184,0.0014164776115336022,0.025082635333379483,-0.004311459998155987
2.0,0.836734693877551,0.8775510204081632,0.03505135421452471,0.0014396597601007495,0.02746832996176235,-0.00428827784958884
2.0,0.836734693877551,0.8979591836734693,0.03746000939826014,0.0014623318619156095,0.029876985145497782,-0.00426560574777398
2.0,0.836734693877551,0.9183673469387754,0.039878044140685895,0.0014845332656336402,0.032295019887923535,-0.00424340434405595
2.0,0.836734693877551,0.9387755102040816,0.04230565602380684,0.0015062060778960858,0.03472263177104448,-0.004221731531793504
2.0,0.836734693877551,0.9591836734693877,0.04473084766454723,0.0015271860475058543,0.03714782341178487,-0.004200751562183735
2.0,0.836734693877551,0.9795918367346939,0.04717574245599676,0.0015480160591409145,0.0395927182032344,-0.004179921550548675
2.0,0.836734693877551,1.0,0.04961803778145364,0.001568130412451017,0.04203501352869128,-0.0041598071972385724
2.0,0.8571428571428571,0.0,0.0004995004995004995,0.0004995004995004995,-0.00708352375326186,-0.0052284371101890895
2.0,0.8571428571428571,0.02040816326530612,0.0004995004995004995,0.0004995004995004995,-0.00708352375326186,-0.0052284371101890895
2.0,0.8571428571428571,0.04081632653061224,0.0004995004995004995,0.0004995004995004995,-0.00708352375326186,-0.0052284371101890895
2.0,0.8571428571428571,0.061224489795918366,0.0004995004995004995,0.0004995004995004995,-0.00708352375326186,-0.0052284371101890895
2.0,0.8571428571428571,0.08163265306122448,0.0004995004995004995,0.0004995004995004995,-0.00708352375326186,-0.0052284371101890895
2.0,0.8571428571428571,0.1020408163265306,0.0004995004995004995,0.0004995004995004995,-0.00708352375326186,-0.0052284371101890895
2.0,0.8571428571428571,0.12244897959183673,0.0004995004995004995,0.0004995004995004995,-0.00708352375326186,-0.0052284371101890895
2.0,0.8571428571428571,0.14285714285714285,0.0004995004995004995,0.0004995004995004995,-0.00708352375326186,-0.0052284371101890895
2.0,0.8571428571428571,0.16326530612244897,0.0004995004995004995,0.0004995004995004995,-0.00708352375326186,-0.0052284371101890895
2.0,0.8571428571428571,0.18367346938775508,0.0004995004995004995,0.0004995004995004995,-0.00708352375326186,-0.0052284371101890895
2.0,0.8571428571428571,0.2040816326530612,0.0004995004995004995,0.0004995004995004995,-0.00708352375326186,-0.0052284371101890895
2.0,0.8571428571428571,0.22448979591836732,0.0004995004995004995,0.0004995004995004995,-0.00708352375326186,-0.0052284371101890895
2.0,0.8571428571428571,0.24489795918367346,0.0004995004995004995,0.0004995004995004995,-0.00708352375326186,-0.0052284371101890895
2.0,0.8571428571428571,0.26530612244897955,0.0004995004995004995,0.0004995004995004995,-0.00708352375326186,-0.0052284371101890895
2.0,0.8571428571428571,0.2857142857142857,0.0004995004995004995,0.0004995004995004995,-0.00708352375326186,-0.0052284371101890895
2.0,0.8571428571428571,0.3061224489795918,0.0004995004995004995,0.0004995004995004995,-0.00708352375326186,-0.0052284371101890895
2.0,0.8571428571428571,0.32653061224489793,0.0004995004995004995,0.0004995004995004995,-0.00708352375326186,-0.0052284371101890895
2.0,0.8571428571428571,0.3469387755102041,0.0004995004995004995,0.0004995004995004995,-0.00708352375326186,-0.0052284371101890895
2.0,0.8571428571428571,0.36734693877551017,0.0004995004995004995,0.0004995004995004995,-0.00708352375326186,-0.0052284371101890895
2.0,0.8571428571428571,0.3877551020408163,0.0004995004995004995,0.0004995004995004995,-0.00708352375326186,-0.0052284371101890895
2.0,0.8571428571428571,0.4081632653061224,0.0004995004995004995,0.0005018858472007559,-0.00708352375326186,-0.005226051762488833
2.0,0.8571428571428571,0.42857142857142855,0.0004995004995004995,0.0005685700449347248,-0.00708352375326186,-0.005159367564754864
2.0,0.8571428571428571,0.44897959183673464,0.0004995004995004995,0.0006389542321255579,-0.00708352375326186,-0.005088983377564031
2.0,0.8571428571428571,0.4693877551020408,0.0006564777628765351,0.0007072633628043875,-0.006926546489885825,-0.005020674246885202
2.0,0.8571428571428571,0.4897959183673469,0.001081935827078584,0.0007705043292179828,-0.006501088425683777,-0.004957433280471607
2.0,0.8571428571428571,0.5102040816326531,0.0017318612249234606,0.0008279740765454833,-0.0058511630278389,-0.004899963533144106
2.0,0.8571428571428571,0.5306122448979591,0.002607520810296295,0.0008801268554580373,-0.004975503442466066,-0.004847810754231552
2.0,0.8571428571428571,0.5510204081632653,0.0036927894098114523,0.0009277195061291538,-0.003890234842950908,-0.004800218103560436
2.0,0.8571428571428571,0.5714285714285714,0.0049657768794877655,0.0009715239566659292,-0.002617247373274595,-0.0047564136530236605
2.0,0.8571428571428571,0.5918367346938775,0.006405019978830892,0.001012203583563951,-0.0011780042739314685,-0.004715734026125638
2.0,0.8571428571428571,0.6122448979591836,0.007989901033572288,0.0010502457435980833,0.0004068767808099276,-0.004677691866091506
2.0,0.8571428571428571,0.6326530612244897,0.009703616495500384,0.0010860752542090272,0.0021205922427380234,-0.004641862355480562
2.0,0.8571428571428571,0.6530612244897959,0.011529785118900019,0.0011199978094445767,0.003946760866137659,-0.004607939800245013
2.0,0.8571428571428571,0.673469387755102,0.01345461289981351,0.0011523063354540518,0.005871588647051149,-0.004575631274235537
2.0,0.8571428571428571,0.6938775510204082,0.015465027131560987,0.0011831094004580611,0.007882002878798627,-0.004544828209231529
2.0,0.8571428571428571,0.7142857142857142,0.017552528182809043,0.0012127058151248386,0.009969503930046683,-0.0045152317945647506
2.0,0.8571428571428571,0.7346938775510203,0.01970419158144058,0.0012412261530179865,0.012121167328678219,-0.0044867114566716024
2.0,0.8571428571428571,0.7551020408163265,0.021914825172785687,0.0012686365440795935,0.014331800920023327,-0.0044593010656099955
2.0,0.8571428571428571,0.7755102040816326,0.024171399165814404,0.001295153926997123,0.016588374913052043,-0.004432783682692466
2.0,0.8571428571428571,0.7959183673469387,0.026472568790211502,0.0013208916150538354,0.018889544537449142,-0.004407045994635754
2.0,0.8571428571428571,0.8163265306122448,0.028812624307069115,0.0013457676765623028,0.021229600054306755,-0.004382169933127286
2.0,0.8571428571428571,0.836734693877551,0.03117564806252223,0.0013700339361648979,0.02359262380975987,-0.0043579036735246915
2.0,0.8571428571428571,0.8571428571428571,0.03356867905217306,0.0013935311821672454,0.0259856547994107,-0.004334406427522344
2.0,0.8571428571428571,0.8775510204081632,0.035979419929113424,0.0014164353468376428,0.028396395676351063,-0.004311502262851947
2.0,0.8571428571428571,0.8979591836734693,0.03841665963635498,0.0014388378980569132,0.03083363538359262,-0.004289099711632676
2.0,0.8571428571428571,0.9183673469387754,0.040859194556000074,0.0014607490938137035,0.03327617030323771,-0.004267188515875886
2.0,0.8571428571428571,0.9387755102040816,0.04331430052889183,0.0014820782423562262,0.03573127627612947,-0.004245859367333363
2.0,0.8571428571428571,0.9591836734693877,0.04576740969798213,0.0015027527964890214,0.03818438544521977,-0.0042251848132005675
2.0,0.8571428571428571,0.9795918367346939,0.04822472023313365,0.0015233887971259677,0.04064169598037129,-0.004204548812563621
2.0,0.8571428571428571,1.0,0.05068927796304982,0.0015431792189086213,0.04310625371028746,-0.004184758390780969
2.0,0.8775510204081632,0.0,0.0004995004995004995,0.0004995004995004995,-0.00708352375326186,-0.0052284371101890895
2.0,0.8775510204081632,0.02040816326530612,0.0004995004995004995,0.0004995004995004995,-0.00708352375326186,-0.0052284371101890895
2.0,0.8775510204081632,0.04081632653061224,0.0004995004995004995,0.0004995004995004995,-0.00708352375326186,-0.0052284371101890895
2.0,0.8775510204081632,0.061224489795918366,0.0004995004995004995,0.0004995004995004995,-0.00708352375326186,-0.0052284371101890895
2.0,0.8775510204081632,0.08163265306122448,0.0004995004995004995,0.0004995004995004995,-0.00708352375326186,-0.0052284371101890895
2.0,0.8775510204081632,0.1020408163265306,0.0004995004995004995,0.0004995004995004995,-0.00708352375326186,-0.0052284371101890895
2.0,0.8775510204081632,0.12244897959183673,0.0004995004995004995,0.0004995004995004995,-0.00708352375326186,-0.0052284371101890895
2.0,0.8775510204081632,0.14285714285714285,0.0004995004995004995,0.0004995004995004995,-0.00708352375326186,-0.0052284371101890895
2.0,0.8775510204081632,0.16326530612244897,0.0004995004995004995,0.0004995004995004995,-0.00708352375326186,-0.0052284371101890895
2.0,0.8775510204081632,0.18367346938775508,0.0004995004995004995,0.0004995004995004995,-0.00708352375326186,-0.0052284371101890895
2.0,0.8775510204081632,0.2040816326530612,0.0004995004995004995,0.0004995004995004995,-0.00708352375326186,-0.0052284371101890895
2.0,0.8775510204081632,0.22448979591836732,0.0004995004995004995,0.0004995004995004995,-0.00708352375326186,-0.0052284371101890895
2.0,0.8775510204081632,0.24489795918367346,0.0004995004995004995,0.0004995004995004995,-0.00708352375326186,-0.0052284371101890895
2.0,0.8775510204081632,0.26530612244897955,0.0004995004995004995,0.0004995004995004995,-0.00708352375326186,-0.0052284371101890895
2.0,0.8775510204081632,0.2857142857142857,0.0004995004995004995,0.0004995004995004995,-0.00708352375326186,-0.0052284371101890895
2.0,0.8775510204081632,0.3061224489795918,0.0004995004995004995,0.0004995004995004995,-0.00708352375326186,-0.0052284371101890895
2.0,0.8775510204081632,0.32653061224489793,0.0004995004995004995,0.0004995004995004995,-0.00708352375326186,-0.0052284371101890895
2.0,0.8775510204081632,0.3469387755102041,0.0004995004995004995,0.0004995004995004995,-0.00708352375326186,-0.0052284371101890895
2.0,0.8775510204081632,0.36734693877551017,0.0004995004995004995,0.0004995004995004995,-0.00708352375326186,-0.0052284371101890895
2.0,0.8775510204081632,0.3877551020408163,0.0004995004995004995,0.0004995004995004995,-0.00708352375326186,-0.0052284371101890895
2.0,0.8775510204081632,0.4081632653061224,0.0004995004995004995,0.000500149432426405,-0.00708352375326186,-0.005227788177263185
2.0,0.8775510204081632,0.42857142857142855,0.0004995004995004995,0.000565094061668428,-0.00708352375326186,-0.005162843548021162
2.0,0.8775510204081632,0.44897959183673464,0.0004995004995004995,0.000633238260812713,-0.00708352375326186,-0.0050946993488768764
2.0,0.8775510204081632,0.4693877551020408,0.0007253677034614052,0.000699176092936248,-0.006857656549300956,-0.005028761516753341
2.0,0.8775510204081632,0.4897959183673469,0.001201994355731378,0.000760262433169467,-0.006381029897030982,-0.004967675176520123
2.0,0.8775510204081632,0.5102040816326531,0.0019101470834961224,0.0008159338133351648,-0.005672877169266238,-0.004912003796354425
2.0,0.8775510204081632,0.5306122448979591,0.0028453030056408138,0.0008666226324176988,-0.004737721247121547,-0.00486131497727189
2.0,0.8775510204081632,0.5510204081632653,0.003988516290631473,0.0009130473695834898,-0.0035945079621308874,-0.0048148902401060996
2.0,0.8775510204081632,0.5714285714285714,0.005316934256610805,0.0009558905985818835,-0.002266089996151555,-0.004772047011107706
2.0,0.8775510204081632,0.5918367346938775,0.006808661788603581,0.000995752502072999,-0.0007743624641587798,-0.004732185107616591
2.0,0.8775510204081632,0.6122448979591836,0.008443709572586106,0.0010331255371291705,0.0008606853198237455,-0.004694812072560419
2.0,0.8775510204081632,0.6326530612244897,0.010204859089741449,0.0010683618563272278,0.0026218348369790884,-0.004659575753362361
2.0,0.8775510204081632,0.6530612244897959,0.01207640184295913,0.0011017576151605224,0.00449337759019677,-0.004626179994529067
2.0,0.8775510204081632,0.673469387755102,0.014044361519931476,0.0011335789484394538,0.006461337267169116,-0.004594358661250136
2.0,0.8775510204081632,0.6938775510204082,0.016097075448740363,0.0011639992857989852,0.008514051195978003,-0.0045639383238906045
2.0,0.8775510204081632,0.7142857142857142,0.018222670431284782,0.0011931847604788309,0.010639646178522422,-0.0045347528492107585
2.0,0.8775510204081632,0.7346938775510203,0.020413366299147133,0.001221190186600687,0.012830342046384773,-0.004506747423088903
2.0,0.8775510204081632,0.7551020408163265,0.022656778214704243,0.0012482969589216492,0.015073753961941883,-0.00447964065076794
2.0,0.8775510204081632,0.7755102040816326,0.024951842050313436,0.0012744473871227275,0.017368817797551075,-0.004453490222566862
2.0,0.8775510204081632,0.7959183673469387,0.02728490153066178,0.0012998394278552366,0.01970187727789942,-0.004428098181834353
2.0,0.8775510204081632,0.8163265306122448,0.0296553597734584,0.0013244608930919675,0.02207233552069604,-0.0044034767165976214
2.0,0.8775510204081632,0.836734693877551,0.032049421460662975,0.0013483711610689836,0.024466397207900614,-0.004379566448620606
2.0,0.8775510204081632,0.8571428571428571,0.034472748822853484,0.001371569609234425,0.026889724570091124,-0.004356368000455165
2.0,0.8775510204081632,0.8775510204081632,0.03690973180828723,0.0013941977249241218,0.02932670755552487,-0.004333739884765467
2.0,0.8775510204081632,0.8979591836734693,0.039374507473985965,0.001416324780921851,0.031791483221223604,-0.004311612828767739
2.0,0.8775510204081632,0.9183673469387754,0.04183967010030398,0.0014379255494804987,0.03425664584754162,-0.0042900120602090905
2.0,0.8775510204081632,0.9387755102040816,0.044322227776683015,0.0014588743121883969,0.036739203523920655,-0.004269063297501192
2.0,0.8775510204081632,0.9591836734693877,0.04680262777223408,0.001479506944167261,0.03921960351947172,-0.004248430665522328
2.0,0.8775510204081632,0.9795918367346939,0.04928578583218503,0.0014996368765626464,0.04170276157942267,-0.004228300733126943
2.0,0.8775510204081632,1.0,0.051773225518947294,0.0015194183078217273,0.044190201266184934,-0.004208519301867862
2.0,0.8979591836734693,0.0,0.0004995004995004995,0.0004995004995004995,-0.00708352375326186,-0.0052284371101890895
2.0,0.8979591836734693,0.02040816326530612,0.0004995004995004995,0.0004995004995004995,-0.00708352375326186,-0.0052284371101890895
2.0,0.8979591836734693,0.04081632653061224,0.0004995004995004995,0.0004995004995004995,-0.00708352375326186,-0.0052284371101890895
2.0,0.8979591836734693,0.061224489795918366,0.0004995004995004995,0.0004995004995004995,-0.00708352375326186,-0.0052284371101890895
2.0,0.8979591836734693,0.08163265306122448,0.0004995004995004995,0.0004995004995004995,-0.00708352375326186,-0.0052284371101890895
2.0,0.8979591836734693,0.1020408163265306,0.0004995004995004995,0.0004995004995004995,-0.00708352375326186,-0.0052284371101890895
2.0,0.8979591836734693,0.12244897959183673,0.0004995004995004995,0.0004995004995004995,-0.00708352375326186,-0.0052284371101890895
2.0,0.8979591836734693,0.14285714285714285,0.0004995004995004995,0.0004995004995004995,-0.00708352375326186,-0.0052284371101890895
2.0,0.8979591836734693,0.16326530612244897,0.0004995004995004995,0.0004995004995004995,-0.00708352375326186,-0.0052284371101890895
2.0,0.8979591836734693,0.18367346938775508,0.0004995004995004995,0.0004995004995004995,-0.00708352375326186,-0.0052284371101890895
2.0,0.8979591836734693,0.2040816326530612,0.0004995004995004995,0.0004995004995004995,-0.00708352375326186,-0.0052284371101890895
2.0,0.8979591836734693,0.22448979591836732,0.0004995004995004995,0.0004995004995004995,-0.00708352375326186,-0.0052284371101890895
2.0,0.8979591836734693,0.24489795918367346,0.0004995004995004995,0.0004995004995004995,-0.00708352375326186,-0.0052284371101890895
2.0,0.8979591836734693,0.26530612244897955,0.0004995004995004995,0.0004995004995004995,-0.00708352375326186,-0.0052284371101890895
2.0,0.8979591836734693,0.2857142857142857,0.0004995004995004995,0.0004995004995004995,-0.00708352375326186,-0.0052284371101890895
2.0,0.8979591836734693,0.3061224489795918,0.0004995004995004995,0.0004995004995004995,-0.00708352375326186,-0.0052284371101890895
2.0,0.8979591836734693,0.32653061224489793,0.0004995004995004995,0.0004995004995004995,-0.00708352375326186,-0.0052284371101890895
2.0,0.8979591836734693,0.3469387755102041,0.0004995004995004995,0.0004995004995004995,-0.00708352375326186,-0.0052284371101890895
2.0,0.8979591836734693,0.36734693877551017,0.0004995004995004995,0.0004995004995004995,-0.00708352375326186,-0.0052284371101890895
2.0,0.8979591836734693,0.3877551020408163,0.0004995004995004995,0.0004995004995004995,-0.00708352375326186,-0.0052284371101890895
2.0,0.8979591836734693,0.4081632653061224,0.0004995004995004995,0.0004995004995004995,-0.00708352375326186,-0.0052284371101890895
2.0,0.8979591836734693,0.42857142857142855,0.0004995004995004995,0.0005616696871295276,-0.00708352375326186,-0.005166267922560062
2.0,0.8979591836734693,0.44897959183673464,0.0004995004995004995,0.0006276721032027593,-0.00708352375326186,-0.0051002655064868304
2.0,0.8979591836734693,0.4693877551020408,0.0008032776952547567,0.0006913892315392555,-0.006779746557507604,-0.005036548378150334
2.0,0.8979591836734693,0.4897959183673469,0.0013332500562464838,0.0007504729696802039,-0.006249774196515876,-0.004977464640009386
2.0,0.8979591836734693,0.5102040816326531,0.002100257675797681,0.0008044697274753264,-0.005482766576964679,-0.0049234678822142625
2.0,0.8979591836734693,0.5306122448979591,0.003094612683832745,0.000853799469786274,-0.0044884115689296155,-0.004874138139903316
2.0,0.8979591836734693,0.5510204081632653,0.004294961049901843,0.000899119213668097,-0.0032880632028605174,-0.004828818396021492
2.0,0.8979591836734693,0.5714285714285714,0.005677878902340705,0.000941054770928705,-0.0019051453504216557,-0.004786882838760885
2.0,0.8979591836734693,0.5918367346938775,0.007221225722781919,0.000980155759269847,-0.00036179852998044146,-0.004747781850419743
2.0,0.8979591836734693,0.6122448979591836,0.008905841258663574,0.001016834420852665,0.001322817005901214,-0.004711103188836925
2.0,0.8979591836734693,0.6326530612244897,0.010713722241318158,0.0010515105786183488,0.003130697988555798,-0.0046764270310712406
2.0,0.8979591836734693,0.6530612244897959,0.012629864824145924,0.0010843951798590464,0.005046840571383564,-0.004643542429830543
2.0,0.8979591836734693,0.673469387755102,0.014639943342043788,0.001115701562063791,0.007056919089281428,-0.004612236047625798
2.0,0.8979591836734693,0.6938775510204082,0.0167334757311084,0.0011456994978418606,0.00915045147834604,-0.004582238111847729
2.0,0.8979591836734693,0.7142857142857142,0.018898787788362105,0.001174445098236361,0.011315763535599745,-0.004553492511453228
2.0,0.8979591836734693,0.7346938775510203,0.021126084832319477,0.0012021872235404665,0.013543060579557117,-0.004525750386149123
2.0,0.8979591836734693,0.7551020408163265,0.023407663883076402,0.0012289177807020915,0.015824639630314042,-0.004499019828987498
2.0,0.8979591836734693,0.7755102040816326,0.025735655154035003,0.0012547316916993283,0.018152630901272643,-0.004473205917990261
2.0,0.8979591836734693,0.7959183673469387,0.028102063741597336,0.0012796731914573988,0.020519039488834975,-0.004448264418232191
2.0,0.8979591836734693,0.8163265306122448,0.03049957308916524,0.0013040435526102516,0.02291654883640288,-0.004423894057079338
2.0,0.8979591836734693,0.836734693877551,0.03292710951047915,0.0013276225087662913,0.025344085257716788,-0.004400315100923298
2.0,0.8979591836734693,0.8571428571428571,0.03537784437053941,0.0013505321703789256,0.02779482011777705,-0.004377405439310663
2.0,0.8979591836734693,0.8775510204081632,0.03784151760511219,0.0013728864240777612,0.030258493352349827,-0.004355051185611828
2.0,0.8979591836734693,0.8979591836734693,0.04033324713533997,0.001394723568112339,0.03275022288257761,-0.0043332140415772505
2.0,0.8979591836734693,0.9183673469387754,0.04281860933208967,0.0014159870731284075,0.03523558507932731,-0.004311950536561182
2.0,0.8979591836734693,0.9387755102040816,0.04532827371465792,0.0014365393334514422,0.03774524946189556,-0.004291398276238147
2.0,0.8979591836734693,0.9591836734693877,0.047834887551288716,0.0014571053060835368,0.040251863298526355,-0.004270832303606052
2.0,0.8979591836734693,0.9795918367346939,0.05034213012730934,0.0014766883612723739,0.04275910587454698,-0.004251249248417216
2.0,0.8979591836734693,1.0,0.052849493992427984,0.0014964200722062955,0.045266469739665624,-0.004231517537483294
2.0,0.9183673469387754,0.0,0.0004995004995004995,0.0004995004995004995,-0.00708352375326186,-0.0052284371101890895
2.0,0.9183673469387754,0.02040816326530612,0.0004995004995004995,0.0004995004995004995,-0.00708352375326186,-0.0052284371101890895
2.0,0.9183673469387754,0.04081632653061224,0.0004995004995004995,0.0004995004995004995,-0.00708352375326186,-0.0052284371101890895
2.0,0.9183673469387754,0.061224489795918366,0.0004995004995004995,0.0004995004995004995,-0.00708352375326186,-0.0052284371101890895
2.0,0.9183673469387754,0.08163265306122448,0.0004995004995004995,0.0004995004995004995,-0.00708352375326186,-0.0052284371101890895
2.0,0.9183673469387754,0.1020408163265306,0.0004995004995004995,0.0004995004995004995,-0.00708352375326186,-0.0052284371101890895
2.0,0.9183673469387754,0.12244897959183673,0.0004995004995004995,0.0004995004995004995,-0.00708352375326186,-0.0052284371101890895
2.0,0.9183673469387754,0.14285714285714285,0.0004995004995004995,0.0004995004995004995,-0.00708352375326186,-0.0052284371101890895
2.0,0.9183673469387754,0.16326530612244897,0.0004995004995004995,0.0004995004995004995,-0.00708352375326186,-0.0052284371101890895
2.0,0.9183673469387754,0.18367346938775508,0.0004995004995004995,0.0004995004995004995,-0.00708352375326186,-0.0052284371101890895
2.0,0.9183673469387754,0.2040816326530612,0.0004995004995004995,0.0004995004995004995,-0.00708352375326186,-0.0052284371101890895
2.0,0.9183673469387754,0.22448979591836732,0.0004995004995004995,0.0004995004995004995,-0.00708352375326186,-0.0052284371101890895
2.0,0.9183673469387754,0.24489795918367346,0.0004995004995004995,0.0004995004995004995,-0.00708352375326186,-0.0052284371101890895
2.0,0.9183673469387754,0.26530612244897955,0.0004995004995004995,0.0004995004995004995,-0.00708352375326186,-0.0052284371101890895
2.0,0.9183673469387754,0.2857142857142857,0.0004995004995004995,0.0004995004995004995,-0.00708352375326186,-0.0052284371101890895
2.0,0.9183673469387754,0.3061224489795918,0.0004995004995004995,0.0004995004995004995,-0.00708352375326186,-0.0052284371101890895
2.0,0.9183673469387754,0.32653061224489793,0.0004995004995004995,0.0004995004995004995,-0.00708352375326186,-0.0052284371101890895
2.0,0.9183673469387754,0.3469387755102041,0.0004995004995004995,0.0004995004995004995,-0.00708352375326186,-0.0052284371101890895
2.0,0.9183673469387754,0.36734693877551017,0.0004995004995004995,0.0004995004995004995,-0.00708352375326186,-0.0052284371101890895
2.0,0.9183673469387754,0.3877551020408163,0.0004995004995004995,0.0004995004995004995,-0.00708352375326186,-0.0052284371101890895
2.0,0.9183673469387754,0.4081632653061224,0.0004995004995004995,0.0004995004995004995,-0.00708352375326186,-0.0052284371101890895
2.0,0.9183673469387754,0.42857142857142855,0.0004995004995004995,0.0005583067992480004,-0.00708352375326186,-0.0051696308104415886
2.0,0.9183673469387754,0.44897959183673464,0.0005369737426835086,0.0006222669640068195,-0.0070460505100788514,-0.00510567064568277
2.0,0.9183673469387754,0.4693877551020408,0.0008906343435610968,0.0006839046302463055,-0.006692389909201264,-0.005044032979443284
2.0,0.9183673469387754,0.4897959183673469,0.0014757818133336485,0.0007411235790309485,-0.006107242439428712,-0.0049868140306586406
2.0,0.9183673469387754,0.5102040816326531,0.0023019993719764977,0.000793558953133578,-0.005281024880785863,-0.0049343786565560115
2.0,0.9183673469387754,0.5306122448979591,0.003354993042233404,0.0008416132935616615,-0.004228031210528956,-0.004886324316127928
2.0,0.9183673469387754,0.5510204081632653,0.004611642398597444,0.0008858864389219857,-0.0029713818541649163,-0.004842051170767604
2.0,0.9183673469387754,0.5714285714285714,0.0060481738859487965,0.0009269493887754035,-0.0015348503668135638,-0.004800988220914186
2.0,0.9183673469387754,0.5918367346938775,0.007642735049402527,0.0009652927964282113,5.9710796640166305e-05,-0.004762644813261378
2.0,0.9183673469387754,0.6122448979591836,0.009375848417994864,0.0010013540505000495,0.0017928241652325032,-0.00472658355918954
2.0,0.9183673469387754,0.6326530612244897,0.011229924871529011,0.0010354645665589992,0.0036469006187666506,-0.00469247304313059
2.0,0.9183673469387754,0.6530612244897959,0.013189758767978633,0.00106783926247407,0.005606734515216273,-0.00466009834721552
2.0,0.9183673469387754,0.673469387755102,0.015242525099846466,0.0010987072912932877,0.007659500847084106,-0.004629230318396302
2.0,0.9183673469387754,0.6938775510204082,0.017375819958398275,0.0011282631564726833,0.009792795705635914,-0.0045996744532169065
2.0,0.9183673469387754,0.7142857142857142,0.019579266291438115,0.0011566457737440007,0.011996242038675754,-0.004571291835945589
2.0,0.9183673469387754,0.7346938775510203,0.021842734021733583,0.0011839632452518626,0.014259709768971222,-0.004543974364437727
2.0,0.9183673469387754,0.7551020408163265,0.024160242344022156,0.0012103213813741132,0.016577218091259796,-0.004517616228315476
2.0,0.9183673469387754,0.7755102040816326,0.026520625768520024,0.0012358226536405635,0.018937601515757664,-0.004492114956049026
2.0,0.9183673469387754,0.7959183673469387,0.028920579099396486,0.0012604031718001748,0.021337554846634126,-0.004467534437889414
2.0,0.9183673469387754,0.8163265306122448,0.031345650110261455,0.0012844703157825275,0.023762625857499095,-0.0044434672939070614
2.0,0.9183673469387754,0.836734693877551,0.033805905457642005,0.0013077374107819954,0.026222881204879644,-0.004420200198907594
2.0,0.9183673469387754,0.8571428571428571,0.03628382851736377,0.001330363235244554,0.028700804264601407,-0.004397574374445035
2.0,0.9183673469387754,0.8775510204081632,0.03877542332388719,0.0013524388270780335,0.03119239907112483,-0.004375498782611556
2.0,0.9183673469387754,0.8979591836734693,0.04129222901181432,0.0013739655009747619,0.03370920475905196,-0.004353972108714827
2.0,0.9183673469387754,0.9183673469387754,0.04380020911162759,0.001394861428495416,0.03621718485886523,-0.004333076181194173
2.0,0.9183673469387754,0.9387755102040816,0.04633089300764412,0.0014153824012955278,0.03874786875488176,-0.004312555208394062
2.0,0.9183673469387754,0.9591836734693877,0.04886234401132514,0.0014354653454261427,0.04127931975856278,-0.0042924722642634465
2.0,0.9183673469387754,0.9795918367346939,0.05139133825917333,0.0014550604866656776,0.04380831400641097,-0.004272877123023912
2.0,0.9183673469387754,1.0,0.05391497629639359,0.0014740922728882831,0.046331952043631226,-0.0042538453368013065
2.0,0.9387755102040816,0.0,0.0004995004995004995,0.0004995004995004995,-0.00708352375326186,-0.0052284371101890895
2.0,0.9387755102040816,0.02040816326530612,0.0004995004995004995,0.0004995004995004995,-0.00708352375326186,-0.0052284371101890895
2.0,0.9387755102040816,0.04081632653061224,0.0004995004995004995,0.0004995004995004995,-0.00708352375326186,-0.0052284371101890895
2.0,0.9387755102040816,0.061224489795918366,0.0004995004995004995,0.0004995004995004995,-0.00708352375326186,-0.0052284371101890895
2.0,0.9387755102040816,0.08163265306122448,0.0004995004995004995,0.0004995004995004995,-0.00708352375326186,-0.0052284371101890895
2.0,0.9387755102040816,0.1020408163265306,0.0004995004995004995,0.0004995004995004995,-0.00708352375326186,-0.0052284371101890895
2.0,0.9387755102040816,0.12244897959183673,0.0004995004995004995,0.0004995004995004995,-0.00708352375326186,-0.0052284371101890895
2.0,0.9387755102040816,0.14285714285714285,0.0004995004995004995,0.0004995004995004995,-0.00708352375326186,-0.0052284371101890895
2.0,0.9387755102040816,0.16326530612244897,0.0004995004995004995,0.0004995004995004995,-0.00708352375326186,-0.0052284371101890895
2.0,0.9387755102040816,0.18367346938775508,0.0004995004995004995,0.0004995004995004995,-0.00708352375326186,-0.0052284371101890895
2.0,0.9387755102040816,0.2040816326530612,0.0004995004995004995,0.0004995004995004995,-0.00708352375326186,-0.0052284371101890895
2.0,0.9387755102040816,0.22448979591836732,0.0004995004995004995,0.0004995004995004995,-0.00708352375326186,-0.0052284371101890895
2.0,0.9387755102040816,0.24489795918367346,0.0004995004995004995,0.0004995004995004995,-0.00708352375326186,-0.0052284371101890895
2.0,0.9387755102040816,0.26530612244897955,0.0004995004995004995,0.0004995004995004995,-0.00708352375326186,-0.0052284371101890895
2.0,0.9387755102040816,0.2857142857142857,0.0004995004995004995,0.0004995004995004995,-0.00708352375326186,-0.0052284371101890895
2.0,0.9387755102040816,0.3061224489795918,0.0004995004995004995,0.0004995004995004995,-0.00708352375326186,-0.0052284371101890895
2.0,0.9387755102040816,0.32653061224489793,0.0004995004995004995,0.0004995004995004995,-0.00708352375326186,-0.0052284371101890895
2.0,0.9387755102040816,0.3469387755102041,0.0004995004995004995,0.0004995004995004995,-0.00708352375326186,-0.0052284371101890895
2.0,0.9387755102040816,0.36734693877551017,0.0004995004995004995,0.0004995004995004995,-0.00708352375326186,-0.0052284371101890895
2.0,0.9387755102040816,0.3877551020408163,0.0004995004995004995,0.0004995004995004995,-0.00708352375326186,-0.0052284371101890895
2.0,0.9387755102040816,0.4081632653061224,0.0004995004995004995,0.0004995004995004995,-0.00708352375326186,-0.0052284371101890895
2.0,0.9387755102040816,0.42857142857142855,0.0004995004995004995,0.0005550095394122553,-0.00708352375326186,-0.0051729280702773345
2.0,0.9387755102040816,0.44897959183673464,0.0005869323785493271,0.0006170261686653041,-0.006996091874213033,-0.005110911441024286
2.0,0.9387755102040816,0.4693877551020408,0.0009877959423903895,0.0006767133726392331,-0.006595228310371971,-0.005051224237050357
2.0,0.9387755102040816,0.4897959183673469,0.0016295212147556253,0.0007321933563574277,-0.0059535030380067355,-0.0049957442533321616
2.0,0.9387755102040816,0.5102040816326531,0.0025149347077913636,0.0007831771617466397,-0.005068089544970997,-0.0049447604479429495
2.0,0.9387755102040816,0.5306122448979591,0.0036260282218059207,0.0008300322818500045,-0.00395699603095644,-0.004897905327839585
2.0,0.9387755102040816,0.5510204081632653,0.004938281616243514,0.0008733118403182031,-0.0026447426365188466,-0.0048546257693713865
2.0,0.9387755102040816,0.5714285714285714,0.006427781506522877,0.0009135412276855551,-0.0011552427462394833,-0.004814396382004035
2.0,0.9387755102040816,0.5918367346938775,0.008072681437048344,0.0009511941065266983,0.0004896571842859833,-0.0047767435031628915
2.0,0.9387755102040816,0.6122448979591836,0.009853484608183439,0.0009866206271378947,0.002270460355421078,-0.004741316982551695
2.0,0.9387755102040816,0.6326530612244897,0.011753162465173331,0.0010201697939392555,0.004170138212410971,-0.0047077678157503335
2.0,0.9387755102040816,0.6530612244897959,0.01375600319485221,0.001052018430444792,0.00617297894208985,-0.0046759191792447976
2.0,0.9387755102040816,0.673469387755102,0.01585100202704063,0.0010824697224620988,0.00826797777427827,-0.004645467887227491
2.0,0.9387755102040816,0.6938775510204082,0.01802383544252361,0.0011115825277035554,0.01044081118976125,-0.004616355081986034
2.0,0.9387755102040816,0.7142857142857142,0.020265021924857587,0.0011395739826810145,0.012681997672095227,-0.004588363627008575
2.0,0.9387755102040816,0.7346938775510203,0.02256558276491076,0.0011664675747325812,0.0149825585121484,-0.004561470034957008
2.0,0.9387755102040816,0.7551020408163265,0.02491387365248198,0.0011924802633397674,0.01733084939971962,-0.004535457346349822
2.0,0.9387755102040816,0.7755102040816326,0.027306899880270893,0.001217687668909231,0.019723875627508533,-0.004510249940780358
2.0,0.9387755102040816,0.7959183673469387,0.029740698593409297,0.0012419748644948306,0.022157674340646936,-0.004485962745194759
2.0,0.9387755102040816,0.8163265306122448,0.03219716790684,0.0012656959013291873,0.024614143654077637,-0.004462241708360402
2.0,0.9387755102040816,0.836734693877551,0.034685923181268195,0.0012886621549701408,0.027102898928505835,-0.004439275454719449
2.0,0.9387755102040816,0.8571428571428571,0.03719035598316798,0.001311005105009676,0.02960733173040562,-0.0044169325046799135
2.0,0.9387755102040816,0.8775510204081632,0.039710783957602566,0.0013327877717986838,0.032127759704840206,-0.004395149837890905
2.0,0.9387755102040816,0.8979591836734693,0.04225090459386146,0.001353984521155654,0.0346678803410991,-0.004373953088533935
2.0,0.9387755102040816,0.9183673469387754,0.044788586350389833,0.0013745056983274857,0.03720556209762747,-0.0043534319113621035
2.0,0.9387755102040816,0.9387755102040816,0.04732869728673948,0.0013949636168217655,0.03974567303397712,-0.004332973992867824
2.0,0.9387755102040816,0.9591836734693877,0.04988292930464916,0.001414508012599349,0.0422999050518868,-0.004313429597090241
2.0,0.9387755102040816,0.9795918367346939,0.05243059284005963,0.0014340910940100302,0.04484756858729727,-0.004293846515679559
2.0,0.9387755102040816,1.0,0.05497002650957289,0.0014529399017204829,0.04738700225681053,-0.004274997707969106
2.0,0.9591836734693877,0.0,0.0004995004995004995,0.0004995004995004995,-0.00708352375326186,-0.0052284371101890895
2.0,0.9591836734693877,0.02040816326530612,0.0004995004995004995,0.0004995004995004995,-0.00708352375326186,-0.0052284371101890895
2.0,0.9591836734693877,0.04081632653061224,0.0004995004995004995,0.0004995004995004995,-0.00708352375326186,-0.0052284371101890895
2.0,0.9591836734693877,0.061224489795918366,0.0004995004995004995,0.0004995004995004995,-0.00708352375326186,-0.0052284371101890895
2.0,0.9591836734693877,0.08163265306122448,0.0004995004995004995,0.0004995004995004995,-0.00708352375326186,-0.0052284371101890895
2.0,0.9591836734693877,0.1020408163265306,0.0004995004995004995,0.0004995004995004995,-0.00708352375326186,-0.0052284371101890895
2.0,0.9591836734693877,0.12244897959183673,0.0004995004995004995,0.0004995004995004995,-0.00708352375326186,-0.0052284371101890895
2.0,0.9591836734693877,0.14285714285714285,0.0004995004995004995,0.0004995004995004995,-0.00708352375326186,-0.0052284371101890895
2.0,0.9591836734693877,0.16326530612244897,0.0004995004995004995,0.0004995004995004995,-0.00708352375326186,-0.0052284371101890895
2.0,0.9591836734693877,0.18367346938775508,0.0004995004995004995,0.0004995004995004995,-0.00708352375326186,-0.0052284371101890895
2.0,0.9591836734693877,0.2040816326530612,0.0004995004995004995,0.0004995004995004995,-0.00708352375326186,-0.0052284371101890895
2.0,0.9591836734693877,0.22448979591836732,0.0004995004995004995,0.0004995004995004995,-0.00708352375326186,-0.0052284371101890895
2.0,0.9591836734693877,0.24489795918367346,0.0004995004995004995,0.0004995004995004995,-0.00708352375326186,-0.0052284371101890895
2.0,0.9591836734693877,0.26530612244897955,0.0004995004995004995,0.0004995004995004995,-0.00708352375326186,-0.0052284371101890895
2.0,0.9591836734693877,0.2857142857142857,0.0004995004995004995,0.0004995004995004995,-0.00708352375326186,-0.0052284371101890895
2.0,0.9591836734693877,0.3061224489795918,0.0004995004995004995,0.0004995004995004995,-0.00708352375326186,-0.0052284371101890895
2.0,0.9591836734693877,0.32653061224489793,0.0004995004995004995,0.0004995004995004995,-0.00708352375326186,-0.0052284371101890895
2.0,0.9591836734693877,0.3469387755102041,0.0004995004995004995,0.0004995004995004995,-0.00708352375326186,-0.0052284371101890895
2.0,0.9591836734693877,0.36734693877551017,0.0004995004995004995,0.0004995004995004995,-0.00708352375326186,-0.0052284371101890895
2.0,0.9591836734693877,0.3877551020408163,0.0004995004995004995,0.0004995004995004995,-0.00708352375326186,-0.0052284371101890895
2.0,0.9591836734693877,0.4081632653061224,0.0004995004995004995,0.0004995004995004995,-0.00708352375326186,-0.0052284371101890895
2.0,0.9591836734693877,0.42857142857142855,0.0004995004995004995,0.0005517849827502862,-0.00708352375326186,-0.005176152626939303
2.0,0.9591836734693877,0.44897959183673464,0.0006443962414649492,0.000611947712876172,-0.006938628011297411,-0.005115989896813417
2.0,0.9591836734693877,0.4693877551020408,0.0010949960341877303,0.000669800993568258,-0.0064880282185746305,-0.0050581366161213314
2.0,0.9591836734693877,0.4897959183673469,0.0017943454631443928,0.000723663061427664,-0.005788678789617968,-0.005004274548261925
2.0,0.9591836734693877,0.5102040816326531,0.0027388668809584463,0.0007732768212893841,-0.004844157371803914,-0.004954660788400205
2.0,0.9591836734693877,0.5306122448979591,0.003907307864045376,0.0008190108882406633,-0.0036757163887169847,-0.004908926721448926
2.0,0.9591836734693877,0.5510204081632653,0.005274470243822811,0.0008613421001209755,-0.0023085540089395496,-0.004866595509568614
2.0,0.9591836734693877,0.5714285714285714,0.0068160919452123474,0.0009007794335511126,-0.0007669323075500129,-0.004827158176138477
2.0,0.9591836734693877,0.5918367346938775,0.008510467147343366,0.0009377502508646628,0.0009274428945810053,-0.004790187358824927
2.0,0.9591836734693877,0.6122448979591836,0.010338405377259462,0.0009725688528742921,0.0027553811244971013,-0.004755368756815297
2.0,0.9591836734693877,0.6326530612244897,0.012283050105559804,0.0010055690392630754,0.004700025852797444,-0.004722368570426514
2.0,0.9591836734693877,0.6530612244897959,0.014329340672718573,0.0010369634901803444,0.006746316419956213,-0.004690974119509245
2.0,0.9591836734693877,0.673469387755102,0.01646349427664581,0.0010669176378348612,0.008880470023883449,-0.004661019971854728
2.0,0.9591836734693877,0.6938775510204082,0.018675363991579017,0.0010956649290543084,0.011092339738816657,-0.0046322726806352806
2.0,0.9591836734693877,0.7142857142857142,0.020953412206600942,0.0011231904803373988,0.013370387953838582,-0.004604747129352191
2.0,0.9591836734693877,0.7346938775510203,0.023289457117326794,0.0011497958695950415,0.015706432864564433,-0.004578141740094548
2.0,0.9591836734693877,0.7551020408163265,0.025674100326308336,0.0011754026123920536,0.018091076073545976,-0.004552534997297536
2.0,0.9591836734693877,0.7755102040816326,0.028099760592187963,0.001200289449510638,0.020516736339425603,-0.004527648160178951
2.0,0.9591836734693877,0.7959183673469387,0.030562505612297532,0.0012242828916893104,0.022979481359535172,-0.004503654718000279
2.0,0.9591836734693877,0.8163265306122448,0.033050994291665,0.00124767592300375,0.025467970038902638,-0.004480261686685839
2.0,0.9591836734693877,0.836734693877551,0.03556706794150581,0.0012703477526076902,0.02798404368874345,-0.004457589857081899
2.0,0.9591836734693877,0.8571428571428571,0.038097275291049185,0.001292404135071057,0.030514251038286824,-0.004435533474618532
2.0,0.9591836734693877,0.8775510204081632,0.04064730735160458,0.001313878214818349,0.03306428309884222,-0.00441405939487124
2.0,0.9591836734693877,0.8979591836734693,0.04320830133012198,0.0013347147455800667,0.03562527707735962,-0.004393222864109522
2.0,0.9591836734693877,0.9183673469387754,0.04577540290693713,0.00135520976192171,0.03819237865417477,-0.004372727847767879
2.0,0.9591836734693877,0.9387755102040816,0.04833949739004503,0.0013752072672215594,0.04075647313728267,-0.0043527303424680305
2.0,0.9591836734693877,0.9591836734693877,0.05090674688128579,0.0013946842253853727,0.04332372262852343,-0.0043332533843042165
2.0,0.9591836734693877,0.9795918367346939,0.0534795095517904,0.0014136970552391533,0.04589648529902804,-0.004314240554450436
2.0,0.9591836734693877,1.0,0.056054007619147236,0.0014325382722383516,0.048470983366384876,-0.004295399337451238
2.0,0.9795918367346939,0.0,0.0004995004995004995,0.0004995004995004995,-0.00708352375326186,-0.0052284371101890895
2.0,0.9795918367346939,0.02040816326530612,0.0004995004995004995,0.0004995004995004995,-0.00708352375326186,-0.0052284371101890895
2.0,0.9795918367346939,0.04081632653061224,0.0004995004995004995,0.0004995004995004995,-0.00708352375326186,-0.0052284371101890895
2.0,0.9795918367346939,0.061224489795918366,0.0004995004995004995,0.0004995004995004995,-0.00708352375326186,-0.0052284371101890895
2.0,0.9795918367346939,0.08163265306122448,0.0004995004995004995,0.0004995004995004995,-0.00708352375326186,-0.0052284371101890895
2.0,0.9795918367346939,0.1020408163265306,0.0004995004995004995,0.0004995004995004995,-0.00708352375326186,-0.0052284371101890895
2.0,0.9795918367346939,0.12244897959183673,0.0004995004995004995,0.0004995004995004995,-0.00708352375326186,-0.0052284371101890895
2.0,0.9795918367346939,0.14285714285714285,0.0004995004995004995,0.0004995004995004995,-0.00708352375326186,-0.0052284371101890895
2.0,0.9795918367346939,0.16326530612244897,0.0004995004995004995,0.0004995004995004995,-0.00708352375326186,-0.0052284371101890895
2.0,0.9795918367346939,0.18367346938775508,0.0004995004995004995,0.0004995004995004995,-0.00708352375326186,-0.0052284371101890895
2.0,0.9795918367346939,0.2040816326530612,0.0004995004995004995,0.0004995004995004995,-0.00708352375326186,-0.0052284371101890895
2.0,0.9795918367346939,0.22448979591836732,0.0004995004995004995,0.0004995004995004995,-0.00708352375326186,-0.0052284371101890895
2.0,0.9795918367346939,0.24489795918367346,0.0004995004995004995,0.0004995004995004995,-0.00708352375326186,-0.0052284371101890895
2.0,0.9795918367346939,0.26530612244897955,0.0004995004995004995,0.0004995004995004995,-0.00708352375326186,-0.0052284371101890895
2.0,0.9795918367346939,0.2857142857142857,0.0004995004995004995,0.0004995004995004995,-0.00708352375326186,-0.0052284371101890895
2.0,0.9795918367346939,0.3061224489795918,0.0004995004995004995,0.0004995004995004995,-0.00708352375326186,-0.0052284371101890895
2.0,0.9795918367346939,0.32653061224489793,0.0004995004995004995,0.0004995004995004995,-0.00708352375326186,-0.0052284371101890895
2.0,0.9795918367346939,0.3469387755102041,0.0004995004995004995,0.0004995004995004995,-0.00708352375326186,-0.0052284371101890895
2.0,0.9795918367346939,0.36734693877551017,0.0004995004995004995,0.0004995004995004995,-0.00708352375326186,-0.0052284371101890895
2.0,0.9795918367346939,0.3877551020408163,0.0004995004995004995,0.0004995004995004995,-0.00708352375326186,-0.0052284371101890895
2.0,0.9795918367346939,0.4081632653061224,0.0004995004995004995,0.0004995004995004995,-0.00708352375326186,-0.0052284371101890895
2.0,0.9795918367346939,0.42857142857142855,0.0004995004995004995,0.0005486386265177008,-0.00708352375326186,-0.005179298983171888
2.0,0.9795918367346939,0.44897959183673464,0.0007098214897464276,0.0006070426132464254,-0.006873202763015933,-0.005120894996443164
2.0,0.9795918367346939,0.4693877551020408,0.0012124392882756434,0.0006631769201146392,-0.0063705849644867165,-0.00506476068957495
2.0,0.9795918367346939,0.4897959183673469,0.0019700930464654543,0.0007155187277828788,-0.0056129312062969065,-0.00501241888190671
2.0,0.9795918367346939,0.5102040816326531,0.002973325687861853,0.0007638575010158324,-0.004609698564900507,-0.004964080108673757
2.0,0.9795918367346939,0.5306122448979591,0.004198421567945645,0.0008085161871813363,-0.003384602684816715,-0.004919421422508253
2.0,0.9795918367346939,0.5510204081632653,0.005619636035445045,0.0008499499635333016,-0.001963388217317315,-0.004877987646156288
2.0,0.9795918367346939,0.5714285714285714,0.0072126172180053865,0.0008886312753359437,-0.0003704070347569739,-0.004839306334353645
2.0,0.9795918367346939,0.5918367346938775,0.008955879920582149,0.0009249286624795422,0.0013728556678197883,-0.0048030089472100475
2.0,0.9795918367346939,0.6122448979591836,0.01083037021890031,0.0009591530414151421,0.0032473459661379496,-0.004768784568274447
2.0,0.9795918367346939,0.6326530612244897,0.012819226022072975,0.0009916217217452114,0.005236201769310615,-0.004736315887944378
2.0,0.9795918367346939,0.6530612244897959,0.01490788236754238,0.001022565269406588,0.007324858114780019,-0.004705372340283002
2.0,0.9795918367346939,0.673469387755102,0.017083038998841605,0.0010521008405046566,0.009500014746079245,-0.004675836769184933
2.0,0.9795918367346939,0.6938775510204082,0.019333566977384645,0.001080342371608075,0.011750542724622285,-0.004647595238081515
2.0,0.9795918367346939,0.7142857142857142,0.0216490834829062,0.0011076093891282707,0.01406605923014384,-0.004620328220561319
2.0,0.9795918367346939,0.7346938775510203,0.02401821574997292,0.0011338286233654126,0.01643519149721056,-0.004594108986324176
2.0,0.9795918367346939,0.7551020408163265,0.02643830781944042,0.0011590972761577854,0.01885528356667806,-0.004568840333531804
2.0,0.9795918367346939,0.7755102040816326,0.028896162830448255,0.0011835945051122522,0.021313138577685894,-0.004544343104577337
2.0,0.9795918367346939,0.7959183673469387,0.03138632801515648,0.0012072890121957846,0.023803303762394118,-0.004520648597493805
2.0,0.9795918367346939,0.8163265306122448,0.033905974075078,0.0012303665528724532,0.026322949822315637,-0.004497571056817137
2.0,0.9795918367346939,0.836734693877551,0.036449168157431745,0.0012527452389058526,0.028866143904669385,-0.004475192370783736
2.0,0.9795918367346939,0.8571428571428571,0.03900409501978018,0.0012745060432957339,0.03142107076701782,-0.004453431566393855
2.0,0.9795918367346939,0.8775510204081632,0.041584315726322776,0.0012956504604522026,0.034001291473560416,-0.004432287149237386
2.0,0.9795918367346939,0.8979591836734693,0.044163264237569146,0.0013162247374499348,0.036580239984806785,-0.0044117128722396546
2.0,0.9795918367346939,0.9183673469387754,0.04675909222179078,0.0013365577691116781,0.03917606796902842,-0.004391379840577911
2.0,0.9795918367346939,0.9387755102040816,0.049350826291751054,0.0013560414632415264,0.041767802038988694,-0.004371896146448063
2.0,0.9795918367346939,0.9591836734693877,0.05194310118070508,0.001375518936791832,0.04436007692794272,-0.004352418672897757
2.0,0.9795918367346939,0.9795918367346939,0.05453585038891505,0.0013942318930223328,0.04695282613615269,-0.004333705716667257
2.0,0.9795918367346939,1.0,0.05712239954652733,0.0014125896083350348,0.04953937529376497,-0.004315348001354555
2.0,1.0,0.0,0.0004995004995004995,0.0004995004995004995,-0.00708352375326186,-0.0052284371101890895
2.0,1.0,0.02040816326530612,0.0004995004995004995,0.0004995004995004995,-0.00708352375326186,-0.0052284371101890895
2.0,1.0,0.04081632653061224,0.0004995004995004995,0.0004995004995004995,-0.00708352375326186,-0.0052284371101890895
2.0,1.0,0.061224489795918366,0.0004995004995004995,0.0004995004995004995,-0.00708352375326186,-0.0052284371101890895
2.0,1.0,0.08163265306122448,0.0004995004995004995,0.0004995004995004995,-0.00708352375326186,-0.0052284371101890895
2.0,1.0,0.1020408163265306,0.0004995004995004995,0.0004995004995004995,-0.00708352375326186,-0.0052284371101890895
2.0,1.0,0.12244897959183673,0.0004995004995004995,0.0004995004995004995,-0.00708352375326186,-0.0052284371101890895
2.0,1.0,0.14285714285714285,0.0004995004995004995,0.0004995004995004995,-0.00708352375326186,-0.0052284371101890895
2.0,1.0,0.16326530612244897,0.0004995004995004995,0.0004995004995004995,-0.00708352375326186,-0.0052284371101890895
2.0,1.0,0.18367346938775508,0.0004995004995004995,0.0004995004995004995,-0.00708352375326186,-0.0052284371101890895
2.0,1.0,0.2040816326530612,0.0004995004995004995,0.0004995004995004995,-0.00708352375326186,-0.0052284371101890895
2.0,1.0,0.22448979591836732,0.0004995004995004995,0.0004995004995004995,-0.00708352375326186,-0.0052284371101890895
2.0,1.0,0.24489795918367346,0.0004995004995004995,0.0004995004995004995,-0.00708352375326186,-0.0052284371101890895
2.0,1.0,0.26530612244897955,0.0004995004995004995,0.0004995004995004995,-0.00708352375326186,-0.0052284371101890895
2.0,1.0,0.2857142857142857,0.0004995004995004995,0.0004995004995004995,-0.00708352375326186,-0.0052284371101890895
2.0,1.0,0.3061224489795918,0.0004995004995004995,0.0004995004995004995,-0.00708352375326186,-0.0052284371101890895
2.0,1.0,0.32653061224489793,0.0004995004995004995,0.0004995004995004995,-0.00708352375326186,-0.0052284371101890895
2.0,1.0,0.3469387755102041,0.0004995004995004995,0.0004995004995004995,-0.00708352375326186,-0.0052284371101890895
2.0,1.0,0.36734693877551017,0.0004995004995004995,0.0004995004995004995,-0.00708352375326186,-0.0052284371101890895
2.0,1.0,0.3877551020408163,0.0004995004995004995,0.0004995004995004995,-0.00708352375326186,-0.0052284371101890895
2.0,1.0,0.4081632653061224,0.0004995004995004995,0.0004995004995004995,-0.00708352375326186,-0.0052284371101890895
2.0,1.0,0.42857142857142855,0.0004995004995004995,0.0005455748588312947,-0.00708352375326186,-0.005182362750858295
2.0,1.0,0.44897959183673464,0.0007836430916041705,0.000602314698661021,-0.006799381161158189,-0.005125622911028568
2.0,1.0,0.4693877551020408,0.001340176847287561,0.0006568277948825544,-0.006242847405474799,-0.005071109814807035
2.0,1.0,0.4897959183673469,0.0021564952343128617,0.0007077444757021044,-0.005426529018449498,-0.005020193133987485
2.0,1.0,0.5102040816326531,0.0032180167234026123,0.0007548751277575414,-0.004365007529359748,-0.004973062481932048
2.0,1.0,0.5306122448979591,0.004499205699164046,0.0007985113168958505,-0.003083818553598314,-0.004929426292793739
2.0,1.0,0.5510204081632653,0.0059736369227789965,0.0008390979300625331,-0.0016093873299833639,-0.004888839679627057
2.0,1.0,0.5714285714285714,0.007617071392093675,0.0008770314558717529,3.404713933131444e-05,-0.004850906153817836
2.0,1.0,0.5918367346938775,0.009408591552982022,0.000912695731640797,0.0018255673002196618,-0.004815241878048792
2.0,1.0,0.6122448979591836,0.011329039631952153,0.0009463585749917774,0.0037460153791897925,-0.004781579034697812
2.0,1.0,0.6326530612244897,0.013361211991358674,0.000978340762442847,0.005778187738596313,-0.004749596847246742
2.0,1.0,0.6530612244897959,0.015490876488314294,0.0010087553969890617,0.007907852235551934,-0.004719182212700528
2.0,1.0,0.673469387755102,0.017706559885013004,0.0010378734395207105,0.010123535632250644,-0.004690064170168879
2.0,1.0,0.6938775510204082,0.019994699292233936,0.0010657921138456986,0.012411675039471576,-0.004662145495843891
2.0,1.0,0.7142857142857142,0.02234575804538317,0.0010926310304769193,0.01476273379262081,-0.00463530657921267
2.0,1.0,0.7346938775510203,0.024752483735643843,0.0011184869515749518,0.017169459482881483,-0.004609450658114638
2.0,1.0,0.7551020408163265,0.027204096454718857,0.0011434335168324513,0.019621072201956496,-0.004584504092857138
2.0,1.0,0.7755102040816326,0.02969423879028616,0.0011675699792290596,0.0221112145375238,-0.00456036763046053
2.0,1.0,0.7959183673469387,0.032212265601116744,0.001190950040611258,0.024629241348354383,-0.0045369875690783315
2.0,1.0,0.8163265306122448,0.03476215772135428,0.0012137211882220981,0.027179133468591916,-0.004514216421467491
2.0,1.0,0.836734693877551,0.03733177621755435,0.0012358030297931967,0.029748751964791986,-0.004492134579896393
2.0,1.0,0.8571428571428571,0.03991328840454851,0.001257251865805184,0.03233026415178615,-0.004470685743884406
2.0,1.0,0.8775510204081632,0.04252106829704378,0.0012780410736404676,0.03493804404428142,-0.004449896536049122
2.0,1.0,0.8979591836734693,0.045115091518470055,0.0012985889536928585,0.037532067265707694,-0.0044293486559967305
2.0,1.0,0.9183673469387754,0.04773795300679522,0.0013184818591935369,0.040154928754032856,-0.004409455750496052
2.0,1.0,0.9387755102040816,0.050355370275338374,0.0013379076337636867,0.04277234602257601,-0.004390029975925903
2.0,1.0,0.9591836734693877,0.05296960873954011,0.0013568461087982262,0.04538658448677775,-0.004371091500891364
2.0,1.0,0.9795918367346939,0.055577908712175064,0.0013755677301422818,0.047994884459412704,-0.004352369879547307
2.0,1.0,1.0,0.05817054828362328,0.0013936836452375038,0.05058752403086092,-0.004334253964452086
